# Blender 4.5.3 LTS
# www.blender.org
mtllib field.mtl
o Plane
v -98.682144 -16.202288 100.000000
v 101.984581 -2.924435 100.000000
v -98.685509 -16.182775 -100.000000
v 102.824387 -7.788363 -100.000000
v -99.940529 -8.914083 -0.000002
v 3.243011 -18.782555 100.000000
v 103.052025 -9.106747 0.000002
v 2.473461 -14.325529 -100.000000
v 2.546095 -14.746217 0.000000
v -99.998688 -8.577235 49.999996
v 52.504200 -10.218774 100.000000
v 103.495331 -11.674253 -49.999996
v -48.408295 -13.503477 -100.000000
v -98.769455 -15.696586 -50.000004
v -47.992794 -15.909967 100.000000
v 102.894829 -8.196339 50.000004
v 52.280590 -8.923642 -100.000000
v 2.247614 -13.017493 -50.000000
v 2.833142 -16.408709 50.000000
v -49.014309 -9.993650 -0.000001
v 52.960316 -12.860442 0.000001
v 53.337433 -15.044576 50.000000
v -48.885494 -10.739698 50.000000
v -48.804653 -11.207903 -50.000000
v 52.865669 -12.312274 -50.000000
v -99.479980 -11.581430 75.000000
v 77.344513 -7.151484 100.000000
v 103.441147 -11.360441 -75.000000
v -73.715950 -13.864068 -100.000000
v -99.340691 -12.388176 -25.000002
v -22.454149 -16.887218 100.000000
v 102.708961 -7.119833 25.000002
v 27.470844 -12.167963 -100.000000
v 2.322967 -13.453917 -75.000000
v 2.477230 -14.347372 25.000000
v -74.723709 -8.027420 -0.000002
v 28.181711 -16.285097 0.000001
v -99.898125 -9.159657 24.999998
v 28.090389 -15.756195 100.000000
v 103.400810 -11.126833 -24.999998
v -23.009855 -13.668715 -100.000000
v -98.660187 -16.329462 -75.000000
v -73.454765 -15.376780 100.000000
v 102.579102 -6.367718 75.000000
v 77.859520 -10.134228 -100.000000
v 2.447075 -14.172716 -25.000000
v 3.181267 -18.424948 75.000000
v -23.390665 -11.463194 -0.000001
v 78.092255 -11.482151 0.000002
v 53.243214 -14.498887 25.000002
v 53.002258 -13.103343 75.000000
v 28.512598 -18.201504 50.000000
v 78.038757 -11.172333 50.000000
v -49.013683 -9.997280 24.999998
v -48.145149 -15.027571 75.000000
v -74.672668 -8.323025 50.000000
v -23.029209 -13.556654 50.000000
v -48.686661 -11.891291 -75.000000
v -48.803665 -11.213635 -25.000002
v -73.888123 -12.866914 -50.000000
v -23.348938 -11.704856 -50.000000
v 52.852730 -12.237315 -75.000000
v 52.810349 -11.991860 -24.999998
v 27.659256 -13.259182 -50.000000
v 78.169563 -11.929920 -50.000000
v 78.091812 -11.479601 -24.999998
v 27.733536 -13.689396 -25.000000
v 27.478544 -12.212555 -75.000000
v -23.478451 -10.954762 -25.000000
v -74.179443 -11.179665 -25.000002
v -73.949593 -12.510859 -75.000000
v -22.480162 -16.736561 75.000000
v -74.047089 -11.946211 75.000000
v -74.570557 -8.914457 24.999998
v 77.836708 -10.002144 75.000000
v 28.519396 -18.240873 75.000000
v 28.234840 -16.592813 25.000000
v 77.814957 -9.876156 25.000002
v -23.346254 -11.720404 25.000000
v -23.175730 -12.708017 -75.000000
v 78.511322 -13.909292 -75.000000
v -98.958664 -14.600756 87.500000
v 89.704956 -5.271990 100.000000
v 103.116043 -9.477526 -87.500000
v -86.291901 -14.495406 -100.000000
v -99.808540 -9.678528 -12.500002
v -9.560306 -18.097042 100.000000
v 102.773102 -7.491301 12.500002
v 15.060689 -13.759521 -100.000000
v 2.460879 -14.252655 -87.500000
v 2.471888 -14.316430 12.500000
v -87.350601 -8.363695 -0.000002
v 15.529470 -16.474573 0.000000
v -99.919922 -9.033434 37.499996
v 40.200085 -12.424483 100.000000
v 103.338341 -10.765034 -37.499996
v -35.727840 -13.477402 -100.000000
v -98.676132 -16.237104 -62.500004
v -60.804729 -15.174540 100.000000
v 102.716591 -7.164015 62.500004
v 65.013527 -9.201531 -100.000000
v 2.269433 -13.143868 -37.500000
v 3.022247 -17.503952 62.500000
v -36.203102 -10.724848 -0.000001
v 65.512367 -12.090686 0.000001
v 53.215775 -14.339967 12.500001
v 53.351177 -15.124181 62.500000
v 15.743955 -17.716806 50.000000
v 65.734970 -13.379920 50.000000
v -49.019905 -9.961240 12.499999
v -48.462322 -13.190592 62.500000
v -87.494255 -7.531729 49.999996
v -36.013901 -11.820654 50.000000
v -48.422043 -13.423843 -87.500000
v -48.810101 -11.176361 -37.500000
v -86.405685 -13.836393 -50.000004
v -36.120163 -11.205212 -50.000000
v 52.549992 -10.483930 -87.500000
v 52.888245 -12.443007 -37.500000
v 14.978565 -13.283893 -50.000000
v 65.483505 -11.923537 -50.000000
v -99.909058 -9.096364 62.499996
v 64.932755 -8.733768 100.000000
v 103.648262 -12.560003 -62.499996
v -61.122932 -13.331571 -100.000000
v -98.923767 -14.802841 -37.500004
v -35.200020 -16.534431 100.000000
v 102.876556 -8.090521 37.500004
v 39.794071 -10.072923 -100.000000
v 2.274310 -13.172109 -62.500000
v 2.589981 -15.000395 37.500000
v -61.932453 -8.643086 -0.000001
v 40.513115 -14.237428 0.000001
v -99.909370 -9.094543 12.499998
v 15.842495 -18.287529 100.000000
v 103.358643 -10.882574 -12.499998
v -10.206908 -14.352091 -100.000000
v -98.694405 -16.131252 -87.500000
v -86.078011 -15.734175 100.000000
v 102.316795 -4.848516 87.500000
v 90.409721 -9.353796 -100.000000
v 2.608859 -15.109725 -12.500000
v 3.371094 -19.524372 87.500000
v -10.427489 -13.074562 -0.000000
v 90.595032 -10.427053 0.000002
v 53.170963 -14.080438 37.500000
v 52.617607 -10.875596 87.500000
v 40.953819 -16.789860 50.000000
v 90.389145 -9.234610 50.000004
v -49.085075 -9.583788 37.500000
v -48.015530 -15.778294 87.500000
v -61.770554 -9.580765 50.000000
v -10.042156 -15.306303 50.000000
v -48.822418 -11.105021 -62.500000
v -48.879509 -10.774376 -12.500001
v -61.310436 -12.245615 -50.000000
v -10.599272 -12.079646 -50.000000
v 52.885315 -12.426051 -62.500000
v 52.755177 -11.672332 -12.499999
v 40.329479 -13.173873 -50.000000
v 90.916161 -12.286932 -49.999996
v 78.064674 -11.322449 -37.500000
v 78.141357 -11.766548 -12.499998
v 65.490150 -11.962033 -24.999998
v 90.679588 -10.916759 -24.999998
v 27.769222 -13.896091 -37.500000
v 27.894485 -14.621571 -12.499999
v 15.266235 -14.949991 -25.000000
v 40.175541 -12.282315 -25.000000
v 27.500774 -12.341309 -87.500000
v 27.519213 -12.448095 -62.500000
v 14.962608 -13.191466 -75.000000
v 40.051586 -11.564406 -75.000000
v -23.505295 -10.799294 -37.500000
v -23.358107 -11.651765 -12.500001
v -36.071175 -11.488939 -25.000000
v -10.568111 -12.260118 -25.000000
v -73.955193 -12.478425 -37.500000
v -74.519371 -9.210907 -12.500002
v -86.794113 -11.586727 -25.000002
v -61.595703 -10.593436 -25.000002
v -73.771996 -13.539483 -87.500000
v -73.929276 -12.628531 -62.500000
v -86.381798 -13.974751 -75.000000
v -61.379581 -11.845161 -75.000000
v -22.692930 -15.504278 62.500000
v -22.398659 -17.208601 87.500000
v -35.363873 -15.585422 75.000000
v -9.535188 -18.242517 75.000000
v -74.476463 -9.459382 62.500000
v -73.634064 -14.338310 87.500000
v -86.888222 -11.041661 75.000000
v -61.078457 -13.589179 75.000000
v -74.657928 -8.408403 12.499998
v -74.620003 -8.628075 37.500000
v -87.357117 -8.325998 24.999998
v -61.757507 -9.656322 24.999998
v 77.955597 -10.690701 62.500000
v 77.615196 -8.719200 87.500000
v 65.340790 -11.096963 75.000000
v 90.284714 -8.629763 75.000000
v 28.589504 -18.646931 62.500000
v 28.285309 -16.885122 87.500000
v 15.871367 -18.454750 75.000000
v 40.833477 -16.092873 75.000000
v 28.266941 -16.778728 12.500001
v 28.326000 -17.120781 37.500000
v 15.485779 -16.221529 25.000000
v 40.715580 -15.410060 25.000000
v 77.926521 -10.522293 12.500002
v 77.942802 -10.616575 37.500000
v 65.646210 -12.865878 25.000002
v 90.082367 -7.457857 25.000002
v -23.418835 -11.300045 12.499999
v -23.287043 -12.063343 37.500000
v -36.213085 -10.667040 25.000000
v -10.491144 -12.705897 25.000000
v -22.974512 -13.873421 -87.500000
v -23.285122 -12.074461 -62.500000
v -35.952179 -12.178119 -75.000000
v -10.393189 -13.273205 -75.000000
v 78.285706 -12.602591 -87.500000
v 78.380859 -13.153677 -62.500000
v 65.718643 -13.285403 -75.000000
v 91.071182 -13.184746 -75.000000
v 91.155861 -13.675205 -62.499996
v 65.583839 -12.504621 -62.500000
v 65.466255 -11.823592 -87.500000
v -10.515475 -12.564966 -62.500000
v -36.106071 -11.286842 -62.500000
v -35.712143 -13.568319 -87.500000
v -10.355828 -13.489606 37.500000
v -36.265682 -10.362403 37.500000
v -36.228050 -10.580359 12.499999
v 90.339691 -8.948191 37.500004
v 65.599236 -12.593827 37.500000
v 65.663338 -12.965049 12.500001
v 40.749069 -15.604016 37.500000
v 15.570183 -16.710373 37.500000
v 15.533996 -16.500782 12.500000
v 40.431965 -13.767461 87.500000
v 15.932920 -18.811245 87.500000
v 15.815329 -18.130182 62.500000
v 90.116028 -7.652813 87.500000
v 65.016907 -9.221148 87.500000
v 65.679718 -13.059953 62.500000
v -61.788601 -9.476238 37.500000
v -87.450928 -7.782659 37.499996
v -87.310585 -8.595466 12.499998
v -60.827747 -15.041227 87.500000
v -86.360519 -14.097978 87.500000
v -87.323486 -8.520742 62.499996
v -9.403425 -19.005646 87.500000
v -35.259403 -16.190510 87.500000
v -35.598339 -14.227473 62.500000
v -61.360710 -11.954456 -62.500000
v -86.374802 -14.015231 -62.500004
v -86.344276 -14.192025 -87.500000
v -61.802013 -9.398566 -12.500001
v -87.207619 -9.191808 -12.500002
v -86.478630 -13.413920 -37.500004
v -10.381243 -13.342408 -12.500000
v -36.068905 -11.502085 -12.500001
v -36.140858 -11.085350 -37.500000
v 40.234985 -12.626594 -62.500000
v 14.903633 -12.849908 -62.500000
v 15.074083 -13.837100 -87.500000
v 40.252666 -12.728986 -12.499999
v 15.410284 -15.784277 -12.500000
v 15.152267 -14.289915 -37.500000
v 90.792267 -11.569372 -12.499998
v 65.399681 -11.438058 -12.499999
v 65.529808 -12.191688 -37.500000
v 90.652596 -10.760429 -37.499996
v 40.297554 -12.988961 -37.500000
v 39.852051 -10.408727 -87.500000
v -10.692600 -11.539115 -37.500000
v -61.418797 -11.618043 -37.500000
v -61.172745 -13.043068 -87.500000
v -9.739841 -17.057217 62.500000
v -61.494911 -11.177191 62.500000
v -61.865093 -9.033219 12.499999
v 90.265060 -8.515938 62.500004
v 41.049259 -17.342625 62.500000
v 40.691582 -15.271056 12.500001
v 90.220963 -8.260569 12.500002
v -10.521090 -12.532456 12.500000
v -10.191652 -14.440445 -87.500000
v 90.741394 -11.274736 -87.500000
v -98.796211 -15.541629 93.750000
v 95.859879 -4.185781 100.000000
v 102.984901 -8.718004 -93.750000
v -92.521645 -15.148288 -100.000000
v -99.925476 -9.001283 -6.250002
v -3.140823 -18.543032 100.000000
v 102.891281 -8.175758 6.250002
v 8.786354 -14.154179 -100.000000
v 2.490272 -14.422889 -93.750000
v 2.495893 -14.455458 6.250000
v -93.655190 -8.583132 -0.000002
v 9.063591 -15.759869 0.000000
v -99.943222 -8.898484 43.749996
v 46.318054 -11.124196 100.000000
v 103.388519 -11.055645 -43.749996
v -42.057793 -13.549959 -100.000000
v -98.728531 -15.933619 -56.250004
v -54.412247 -15.464165 100.000000
v 102.815025 -7.734148 56.250004
v 58.609745 -8.846475 -100.000000
v 2.240642 -12.977118 -43.750000
v 2.944858 -17.055735 56.250000
v -42.586624 -10.487152 -0.000001
v 59.232540 -12.453544 0.000001
v 53.112793 -13.743531 6.250001
v 53.389591 -15.346660 56.250000
v 9.289939 -17.070810 50.000000
v 59.545002 -14.263234 50.000000
v -49.039818 -9.845919 6.249999
v -48.686790 -11.890545 56.250000
v -93.786621 -7.821942 49.999996
v -42.451385 -11.270409 50.000000
v -48.384007 -13.644148 -93.750000
v -48.801903 -11.223831 -43.750000
v -92.598083 -14.705575 -50.000004
v -42.499748 -10.990293 -50.000000
v 52.381508 -9.508121 -93.750000
v 52.889908 -12.452640 -43.750000
v 8.627241 -13.232653 -50.000000
v 59.159531 -12.030707 -50.000000
v -99.734772 -10.105770 68.750000
v 71.147720 -7.995278 100.000000
v 103.581825 -12.175215 -68.750000
v -67.429115 -13.541780 -100.000000
v -99.111771 -13.713989 -31.250002
v -28.848162 -16.588749 100.000000
v 102.779968 -7.531099 31.250002
v 33.627903 -11.094070 -100.000000
v 2.278198 -13.194622 -68.750000
v 2.522348 -14.608681 31.250000
v -68.362076 -8.138372 -0.000002
v 34.362526 -15.348793 0.000001
v -99.892303 -9.193383 18.749998
v 21.999084 -17.210917 100.000000
v 103.416275 -11.216370 -18.749998
v -16.607100 -14.017832 -100.000000
v -98.676155 -16.236952 -81.250000
v -79.755608 -15.617936 100.000000
v 102.467567 -5.721750 81.250000
v 84.179794 -10.005632 -100.000000
v 2.553646 -14.789945 -18.750000
v 3.292039 -19.066505 81.250000
v -16.919138 -12.210609 -0.000000
v 84.349197 -10.986755 0.000002
v 53.195946 -14.225127 31.250002
v 52.772804 -11.774421 81.250000
v 34.760883 -17.655979 50.000000
v 84.189247 -10.060373 50.000000
v -49.063362 -9.709553 31.249998
v -48.064877 -15.492468 81.250000
v -68.215569 -8.986855 50.000000
v -16.522282 -14.509096 50.000000
v -48.790283 -11.291137 -68.750000
v -48.812706 -11.161278 -18.750002
v -67.584457 -12.642098 -50.000000
v -16.983368 -11.838602 -50.000000
v 52.897484 -12.496522 -68.750000
v 52.767075 -11.741241 -18.749998
v 34.008324 -13.297348 -50.000000
v 84.552025 -12.161491 -50.000000
v 78.097649 -11.513397 -43.750000
v 78.120293 -11.644566 -18.749998
v 59.165897 -12.067569 -24.999998
v 84.382950 -11.182222 -24.999998
v 27.737696 -13.713484 -43.750000
v 27.780872 -13.963562 -18.750000
v 8.907752 -14.857290 -25.000000
v 33.945034 -12.930807 -25.000000
v 27.486063 -12.256102 -93.750000
v 27.477127 -12.204350 -68.750000
v 8.657026 -13.405159 -75.000000
v 33.735168 -11.715322 -75.000000
v -23.432220 -11.222502 -43.750000
v -23.396252 -11.430837 -18.750000
v -42.406750 -11.528927 -25.000002
v -17.066519 -11.357029 -25.000000
v -73.895767 -12.822639 -43.750000
v -74.331673 -10.297997 -18.750002
v -93.101677 -11.788896 -25.000002
v -67.907532 -10.770912 -25.000002
v -73.716637 -13.860074 -93.750000
v -73.968460 -12.401599 -68.750000
v -92.529480 -15.102898 -75.000000
v -67.679550 -12.091347 -75.000000
v -22.854752 -14.567059 56.250000
v -22.429255 -17.031403 81.250000
v -41.740288 -15.388859 75.000000
v -15.994238 -17.567364 75.000000
v -74.621620 -8.618676 56.250000
v -73.813637 -13.298285 81.250000
v -93.223732 -11.082001 75.000000
v -67.572929 -12.708851 75.000000
v -74.717659 -8.062450 6.249998
v -74.597870 -8.756235 31.249998
v -93.661903 -8.544249 24.999998
v -68.149757 -9.368036 24.999998
v 78.012962 -11.022921 56.250000
v 77.739624 -9.439856 81.250000
v 59.135269 -11.890182 75.000000
v 84.071373 -9.377689 75.000000
v 28.574263 -18.558645 56.250000
v 28.402569 -17.564245 81.250000
v 9.517933 -18.391293 75.000000
v 34.715073 -17.390646 75.000000
v 28.265686 -16.771458 6.250000
v 28.266640 -16.776978 31.250000
v 8.999726 -15.389986 25.000000
v 34.485809 -16.062811 25.000000
v 78.022156 -11.076159 6.250002
v 77.855423 -10.110516 31.250002
v 59.485329 -13.917628 25.000002
v 83.903671 -8.406427 25.000002
v -23.425827 -11.259552 6.250000
v -23.322639 -11.857175 31.250000
v -42.630367 -10.233784 24.999998
v -16.922379 -12.191837 25.000000
v -22.956238 -13.979256 -93.750000
v -23.255913 -12.243631 -68.750000
v -42.322723 -12.015574 -75.000000
v -16.780268 -13.014893 -75.000000
v 78.077408 -11.396185 -93.750000
v 78.480766 -13.732323 -68.750000
v 59.285378 -12.759568 -75.000000
v 84.818848 -13.706842 -75.000000
v -99.195290 -13.230290 81.250000
v 83.523643 -6.205387 100.000000
v 103.267838 -10.356674 -81.250000
v -80.014687 -14.117407 -100.000000
v -99.590286 -10.942587 -18.750002
v -16.016140 -17.440506 100.000000
v 102.704056 -7.091417 18.750002
v 21.286465 -13.083616 -100.000000
v 2.401515 -13.908841 -81.250000
v 2.461409 -14.255739 18.750000
v -81.042709 -8.163406 -0.000002
v 21.904339 -16.662174 0.000000
v -99.920486 -9.030180 31.249998
v 34.142662 -14.075428 100.000000
v 103.352859 -10.849096 -31.249998
v -29.387825 -13.463160 -100.000000
v -98.656754 -16.349314 -68.750000
v -67.152054 -15.146430 100.000000
v 102.644012 -6.743668 68.750000
v 71.456375 -9.782907 -100.000000
v 2.340101 -13.553156 -31.250000
v 3.085938 -17.872833 68.750000
v -29.821016 -10.954257 -0.000001
v 71.810081 -11.831462 0.000002
v 53.258942 -14.589992 18.750002
v 53.220860 -14.369428 68.750000
v 22.164133 -18.166826 50.000000
v 71.896027 -12.329246 50.000000
v -48.996479 -10.096908 18.749998
v -48.269459 -14.307602 68.750000
v -81.115593 -7.741320 50.000000
v -29.538355 -12.591358 50.000000
v -48.536942 -12.758428 -81.250000
v -48.819138 -11.124017 -31.250002
v -80.169205 -13.222512 -50.000000
v -29.719328 -11.543199 -50.000000
v 52.734631 -11.553329 -81.250000
v 52.853241 -12.240275 -31.249998
v 21.317228 -13.261795 -50.000000
v 71.810959 -11.836560 -50.000000
v -100.000122 -8.568942 56.249996
v 58.718410 -9.475881 100.000000
v 103.611397 -12.346478 -56.249996
v -54.770733 -13.387862 -100.000000
v -98.813828 -15.439594 -43.750004
v -41.575420 -16.343752 100.000000
v 102.922699 -8.357761 43.750004
v 46.006523 -9.319867 -100.000000
v 2.272553 -13.161936 -56.250000
v 2.699623 -15.635408 43.750000
v -55.471325 -9.330268 -0.000001
v 46.706928 -13.376410 0.000001
v -99.922592 -9.017963 6.249998
v 9.587579 -18.794659 100.000000
v 103.227470 -10.122877 -6.249998
v -3.850824 -14.430895 -100.000000
v -98.697357 -16.114149 -93.750000
v -92.405586 -15.820446 100.000000
v 102.145668 -3.857426 93.750000
v 96.598969 -8.466358 -100.000000
v 2.600203 -15.059588 -6.250000
v 3.370790 -19.522610 93.750000
v -3.950726 -13.852303 -0.000000
v 96.826668 -9.785126 0.000002
v 53.236881 -14.462213 43.750000
v 52.548534 -10.475543 93.750000
v 47.138855 -15.877994 50.000000
v 96.641777 -8.714264 50.000004
v -49.022858 -9.944137 43.750000
v -47.991116 -15.919693 93.750000
v -55.324909 -10.178268 50.000000
v -3.602196 -15.870892 50.000000
v -48.813213 -11.158330 -56.250000
v -48.956696 -10.327328 -6.250001
v -55.063568 -11.691873 -50.000000
v -4.175572 -12.550059 -50.000000
v 52.855865 -12.255477 -56.250000
v 52.821552 -12.056762 -6.249999
v 46.608128 -12.804196 -50.000000
v 97.229851 -12.120239 -49.999996
v 78.068916 -11.346983 -31.249998
v 78.134300 -11.725674 -6.249998
v 71.796783 -11.754418 -24.999998
v 97.030724 -10.966944 -24.999998
v 27.752941 -13.801786 -31.250000
v 28.041689 -15.474129 -6.250000
v 21.521418 -14.444401 -25.000000
v 46.464966 -11.975039 -24.999998
v 27.506117 -12.372246 -81.250000
v 27.580397 -12.802460 -56.250000
v 21.235205 -12.786731 -75.000000
v 46.429684 -11.770709 -75.000000
v -23.531645 -10.646682 -31.250000
v -23.360577 -11.637463 -6.250000
v -29.795542 -11.101795 -25.000000
v -4.053344 -13.257969 -25.000000
v -74.063637 -11.850378 -31.250002
v -74.661568 -8.387341 -6.250002
v -80.476311 -11.443834 -25.000002
v -55.214504 -10.817699 -25.000002
v -73.866707 -12.990917 -81.250000
v -73.896172 -12.820290 -56.250000
v -80.189919 -13.102551 -75.000000
v -55.042351 -11.814771 -75.000000
v -22.563585 -16.253403 68.750000
v -22.397087 -17.217707 93.750000
v -28.950226 -15.997622 75.000000
v -3.147921 -18.501923 75.000000
v -74.277145 -10.613783 68.750000
v -73.523476 -14.978834 93.750000
v -80.490608 -11.361017 75.000000
v -54.593323 -14.415400 75.000000
v -74.590820 -8.797091 18.749998
v -74.647133 -8.470921 43.750000
v -80.986275 -8.490281 24.999998
v -55.383583 -9.838454 24.999998
v 77.898438 -10.359619 68.750000
v 77.477066 -7.919205 93.750000
v 71.586357 -10.535733 75.000000
v 96.450943 -7.609018 75.000000
v 28.580427 -18.594351 68.750000
v 28.186871 -16.314993 93.750000
v 22.221596 -18.499640 75.000000
v 46.915482 -14.584296 75.000000
v 28.241024 -16.628624 18.750000
v 28.415291 -17.637930 43.750000
v 21.902714 -16.652760 25.000000
v 46.969238 -14.895629 25.000002
v 77.842575 -10.036081 18.750002
v 78.016068 -11.040930 43.750000
v 71.745926 -11.459901 25.000002
v 96.372459 -7.154453 25.000002
v -23.380474 -11.522218 18.750000
v -23.186537 -12.645452 43.750000
v -29.775101 -11.220188 25.000000
v -4.032056 -13.381267 25.000000
v -23.060532 -13.375219 -81.250000
v -23.295635 -12.013564 -56.250000
v -29.569183 -12.412790 -75.000000
v -4.026839 -13.411469 -75.000000
v 78.446037 -13.531176 -81.250000
v 78.265373 -12.484802 -56.250000
v 72.139801 -13.741092 -75.000000
v 97.270248 -12.354214 -75.000000
v 91.157242 -13.683193 -68.750000
v 91.071388 -13.185980 -56.249996
v 84.793709 -13.561213 -62.500000
v 97.432663 -13.294857 -62.499996
v 65.682709 -13.077245 -68.750000
v 65.494949 -11.989814 -56.250000
v 59.218307 -12.371114 -62.500000
v 71.969673 -12.755784 -62.500000
v 65.230804 -10.459929 -93.750000
v 65.649979 -12.887692 -81.250000
v 58.996567 -11.086844 -87.500000
v 71.920288 -12.469735 -87.500000
v -10.477397 -12.785501 -68.750000
v -10.539749 -12.424383 -56.250000
v -16.900829 -12.316638 -62.500000
v -4.110039 -12.929603 -62.500000
v -36.060036 -11.553454 -68.750000
v -36.111305 -11.256522 -56.250000
v -42.500042 -10.988595 -62.500000
v -29.683262 -11.752074 -62.500000
v -35.690208 -13.695370 -93.750000
v -35.810532 -12.998514 -81.250000
v -42.053970 -13.572090 -87.500000
v -29.360519 -13.621309 -87.500000
v -10.434143 -13.036032 31.250000
v -10.221252 -14.269032 43.750000
v -16.812618 -12.827545 37.500000
v -3.899787 -14.147331 37.500000
v -36.252068 -10.441267 31.250000
v -36.181423 -10.850425 43.750000
v -42.703892 -9.807963 37.500000
v -29.777857 -11.204224 37.500000
v -36.242813 -10.494875 6.249999
v -36.203365 -10.723333 18.750000
v -42.618130 -10.304672 12.499999
v -29.833101 -10.884262 12.499999
v 90.189049 -8.075697 31.250002
v 90.410027 -9.355570 43.750004
v 84.117348 -9.643950 37.500000
v 96.613914 -8.552917 37.500004
v 65.605553 -12.630378 31.250002
v 65.664230 -12.970241 43.750000
v 59.399147 -13.418487 37.500000
v 71.777802 -11.644485 37.500000
v 65.608810 -12.649245 6.250001
v 65.674149 -13.027671 18.750002
v 59.471409 -13.837007 12.500001
v 71.812073 -11.843009 12.500002
v 40.724728 -15.463038 31.250000
v 40.833706 -16.094212 43.750000
v 34.563419 -16.512314 37.500000
v 46.945530 -14.758317 37.500000
v 15.510744 -16.366117 31.250000
v 15.658075 -17.219418 43.750000
v 9.094009 -15.936045 37.500000
v 21.987488 -17.143747 37.500000
v 15.551729 -16.603487 6.250000
v 15.499250 -16.299547 18.750000
v 9.023979 -15.530447 12.500000
v 21.955072 -16.956005 12.500000
v 40.620605 -14.859990 81.250000
v 40.298409 -12.993932 93.750000
v 34.379776 -15.448719 87.500000
v 46.501179 -12.184794 87.500000
v 15.905140 -18.650345 81.250000
v 15.928265 -18.784279 93.750000
v 9.679955 -19.329676 87.500000
v 22.130003 -17.969158 87.500000
v 15.796019 -18.018345 56.250000
v 15.835814 -18.248835 68.750000
v 9.403911 -17.730904 62.500000
v 22.230486 -18.551128 62.500000
v 90.247383 -8.413557 81.250000
v 89.911362 -6.467442 93.750000
v 83.889359 -8.323492 87.500000
v 96.251541 -6.454138 87.500000
v 65.143295 -9.953124 81.250000
v 64.966515 -8.929303 93.750000
v 58.782341 -9.846154 87.500000
v 71.312340 -8.948691 87.500000
v 65.748611 -13.458926 56.250000
v 65.540276 -12.252339 68.750000
v 59.511101 -14.066880 62.500000
v 71.826019 -11.923783 62.500000
v -61.774597 -9.557341 31.249998
v -61.790302 -9.466394 43.750000
v -68.172539 -9.236070 37.500000
v -55.436745 -9.530557 37.500000
v -87.423462 -7.941739 31.249998
v -87.469200 -7.676829 43.749996
v -93.730446 -8.147290 37.499996
v -81.070442 -8.002800 37.500000
v -87.329521 -8.485818 6.249998
v -87.312820 -8.582544 18.749998
v -93.619781 -8.788189 12.499998
v -80.992195 -8.455968 12.499998
v -60.917610 -14.520742 81.250000
v -60.803570 -15.181271 93.750000
v -67.241905 -14.626021 87.500000
v -54.416813 -15.437710 87.500000
v -86.603233 -12.692247 81.250000
v -86.191040 -15.079555 93.750000
v -92.691673 -14.163516 87.500000
v -80.003387 -14.182856 87.500000
v -87.452812 -7.771758 56.249996
v -87.136810 -9.601946 68.750000
v -93.655090 -8.583695 62.499996
v -80.924805 -8.846313 62.500000
v -9.447767 -18.748829 81.250000
v -9.431324 -18.844063 93.750000
v -15.897411 -18.128153 87.500000
v -2.979594 -19.476820 87.500000
v -35.312660 -15.882019 81.250000
v -35.208683 -16.484245 93.750000
v -41.628677 -16.035309 87.500000
v -28.861881 -16.509285 87.500000
v -35.804592 -13.032904 56.250000
v -35.443348 -15.125123 68.750000
v -42.006344 -13.847960 62.500000
v -29.170610 -14.721228 62.500000
v -61.405064 -11.697565 -68.750000
v -61.314106 -12.224370 -56.250000
v -67.638908 -12.326723 -62.500000
v -55.099464 -11.483973 -62.500000
v -86.381859 -13.974386 -68.750000
v -86.392845 -13.910729 -56.250004
v -92.527023 -15.117111 -62.500004
v -80.179649 -13.161991 -62.500000
v -86.318802 -14.339569 -93.750000
v -86.364967 -14.072216 -81.250000
v -92.553146 -14.965832 -87.500000
v -80.074875 -13.768823 -87.500000
v -61.680145 -10.104381 -18.750002
v -61.895275 -8.858411 -6.250001
v -68.187233 -9.150986 -12.500002
v -55.349957 -10.033197 -12.500001
v -87.006165 -10.358578 -18.750002
v -87.326302 -8.504449 -6.250002
v -93.540802 -9.245634 -12.500002
v -80.859039 -9.227201 -12.500002
v -86.413879 -13.788912 -43.750004
v -86.615433 -12.621589 -31.250002
v -92.720314 -13.997635 -37.500004
v -80.219276 -12.932499 -37.500000
v -10.451232 -12.937051 -18.750000
v -10.377203 -13.365808 -6.250000
v -16.897488 -12.335999 -12.500000
v -3.873733 -14.298223 -12.500000
v -36.035275 -11.696875 -18.750000
v -36.135658 -11.115480 -6.250001
v -42.437443 -11.351147 -12.500001
v -29.741514 -11.414709 -12.500001
v -36.133610 -11.127339 -43.750000
v -36.126640 -11.167703 -31.250000
v -42.479103 -11.109872 -37.500000
v -29.825926 -10.925817 -37.500000
v 40.146633 -12.114888 -68.750000
v 40.293472 -12.965322 -56.250000
v 33.874050 -12.519676 -62.500000
v 46.570709 -12.587485 -62.500000
v 14.909540 -12.884109 -68.750000
v 14.924801 -12.972501 -56.250000
v 8.602654 -13.090255 -62.500000
v 21.202118 -12.595106 -62.500000
v 15.078234 -13.861135 -93.750000
v 15.039627 -13.637540 -81.250000
v 8.782828 -14.133762 -87.500000
v 21.314762 -13.247511 -87.500000
v 40.188309 -12.356244 -18.750000
v 40.369205 -13.403953 -6.249999
v 34.080933 -13.717888 -12.499999
v 46.472656 -12.019584 -12.499999
v 15.332086 -15.331379 -18.750000
v 15.480427 -16.190529 -6.250000
v 9.054401 -15.706642 -12.500000
v 21.674271 -15.329687 -12.500000
v 15.067572 -13.799392 -43.750000
v 15.216242 -14.660442 -31.250000
v 8.742992 -13.903049 -37.500000
v 21.485750 -14.237829 -37.500000
v 90.753159 -11.342852 -18.749998
v 90.740395 -11.268927 -6.249998
v 84.487297 -11.786594 -12.499998
v 97.081116 -11.258818 -12.499998
v 65.436157 -11.649301 -18.749998
v 65.425926 -11.590037 -6.249999
v 59.065804 -11.487861 -12.499999
v 71.770187 -11.600421 -12.499998
v 65.510208 -12.078206 -43.750000
v 65.521736 -12.144940 -31.249998
v 59.221745 -12.391015 -37.500000
v 71.799515 -11.770247 -37.500000
v 90.754166 -11.348707 -43.749996
v 90.634659 -10.656538 -31.249998
v 84.346298 -10.969963 -37.500000
v 96.996666 -10.769680 -37.499996
v 40.338516 -13.226213 -43.750000
v 40.223969 -12.562783 -31.250000
v 34.034527 -13.449131 -37.500000
v 46.579159 -12.636413 -37.500000
v 39.795315 -10.080136 -93.750000
v 39.956612 -11.014337 -81.250000
v 33.653473 -11.242161 -87.500000
v 46.150730 -10.155059 -87.500000
v -10.663464 -11.707868 -43.750000
v -10.663219 -11.709278 -31.250000
v -17.130756 -10.984980 -37.500000
v -4.219607 -12.295017 -37.500000
v -61.341461 -12.065937 -43.750000
v -61.521420 -11.023674 -31.250002
v -67.691673 -12.021122 -37.500000
v -55.124863 -11.336875 -37.500000
v -61.114979 -13.377637 -93.750000
v -61.281467 -12.413404 -81.250000
v -67.482681 -13.231533 -87.500000
v -54.804375 -13.193019 -87.500000
v -9.873413 -16.283609 56.250000
v -9.636210 -17.657423 68.750000
v -16.203629 -16.354639 62.500000
v -3.337519 -17.403820 62.500000
v -61.673668 -10.141900 56.250000
v -61.280537 -12.418785 68.750000
v -68.002808 -10.219138 62.500000
v -54.966160 -12.256040 62.500000
v -61.924622 -8.688454 6.249999
v -61.789154 -9.473043 18.749998
v -68.283989 -8.590590 12.499998
v -55.437790 -9.524495 12.499999
v 90.324806 -8.861996 56.250004
v 90.258171 -8.476057 68.750000
v 84.089661 -9.483589 62.500000
v 96.482613 -7.792461 62.500004
v 41.037598 -17.275074 56.250000
v 40.989044 -16.993881 68.750000
v 34.851791 -18.182495 62.500000
v 47.206791 -16.271477 62.500000
v 40.634178 -14.938596 6.250001
v 40.710499 -15.380616 18.750000
v 34.485985 -16.063822 12.500001
v 46.936031 -14.703305 12.500001
v 90.407730 -9.342253 6.250002
v 90.091522 -7.510885 18.750002
v 84.042130 -9.208332 12.500002
v 96.474213 -7.743805 12.500002
v -10.489814 -12.713597 6.250000
v -10.521219 -12.531705 18.750000
v -16.980751 -11.853767 12.500000
v -4.048824 -13.284154 12.500000
v -10.163760 -14.601992 -93.750000
v -10.277440 -13.943590 -81.250000
v -16.575686 -14.199771 -87.500000
v -3.856077 -14.400470 -87.500000
v 90.578148 -10.329281 -93.750000
v 90.917732 -12.296053 -81.250000
v 84.546051 -12.126862 -87.500000
v 96.917862 -10.313293 -87.500000
v 97.093208 -11.328814 -81.250000
v 84.711052 -13.082506 -81.250000
v 84.366402 -11.086412 -93.750000
v -3.930525 -13.969293 -81.250000
v -16.662920 -13.694533 -81.250000
v -16.553837 -14.326311 -93.750000
v -4.056272 -13.241018 18.750000
v -16.959747 -11.975409 18.750000
v -16.967007 -11.933367 6.250000
v 96.368858 -7.133636 18.750002
v 83.922966 -8.518160 18.750002
v 84.201462 -10.131102 6.250002
v 46.972443 -14.914195 18.750002
v 34.481392 -16.037237 18.750000
v 34.461426 -15.921593 6.250000
v 47.110611 -15.714427 68.750000
v 34.821636 -18.007833 68.750000
v 34.835239 -18.086628 56.250000
v 96.452286 -7.616825 68.750000
v 84.070427 -9.372215 68.750000
v 84.143051 -9.792833 56.250000
v -55.389183 -9.806026 18.749998
v -68.194351 -9.109776 18.749998
v -68.353897 -8.185701 6.249999
v -54.757698 -13.463396 68.750000
v -67.794647 -11.424722 68.750000
v -68.156715 -9.327721 56.250000
v -3.250864 -17.905703 68.750000
v -16.086603 -17.032412 68.750000
v -16.350670 -15.503019 56.250000
v -54.917553 -12.537554 -81.250000
v -67.589966 -12.610181 -81.250000
v -67.422272 -13.581409 -93.750000
v -55.183697 -10.996138 -31.250002
v -67.808037 -11.347178 -31.250002
v -67.611664 -12.484523 -43.750000
v -4.163710 -12.618762 -31.250000
v -17.137884 -10.943695 -31.250000
v -17.068079 -11.347973 -43.750000
v 46.305111 -11.049201 -81.250000
v 33.700832 -11.516455 -81.250000
v 33.628670 -11.098522 -93.750000
v 46.514565 -12.262296 -31.249998
v 33.981369 -13.141239 -31.250000
v 34.047756 -13.525728 -43.750000
v 96.986633 -10.711590 -31.249998
v 84.341011 -10.939363 -31.249998
v 84.421158 -11.403549 -43.750000
v 71.802101 -11.785226 -31.249998
v 59.206352 -12.301871 -31.249998
v 59.199608 -12.262813 -43.750000
v 71.782036 -11.669047 -6.249999
v 59.109375 -11.740201 -6.249999
v 59.103626 -11.706922 -18.749998
v 96.992691 -10.746685 -6.249998
v 84.456642 -11.609030 -6.249998
v 84.446808 -11.552109 -18.749998
v 21.512215 -14.391111 -31.250000
v 8.821849 -14.359765 -31.250000
v 8.675328 -13.511159 -43.750000
v 21.795319 -16.030756 -6.250000
v 9.075548 -15.829117 -6.250000
v 8.993821 -15.355780 -18.750000
v 46.563450 -12.545438 -6.249999
v 34.219528 -14.520592 -6.250000
v 33.982056 -13.145227 -18.750000
v 21.297810 -13.149328 -81.250000
v 8.735144 -13.857588 -81.250000
v 8.801273 -14.240590 -93.750000
v 21.240690 -12.818506 -56.250000
v 8.611340 -13.140555 -56.250000
v 8.607931 -13.120814 -68.750000
v 46.590347 -12.701222 -56.250000
v 33.947559 -12.945433 -56.250000
v 33.792370 -12.046608 -68.750000
v -29.843327 -10.825039 -31.250000
v -42.456024 -11.243530 -31.250002
v -42.491161 -11.040024 -43.750000
v -29.776205 -11.213786 -6.250000
v -42.514885 -10.902641 -6.250001
v -42.387630 -11.639644 -18.750002
v -3.885095 -14.232422 -6.250000
v -16.886129 -12.401789 -6.250000
v -16.961760 -11.963757 -18.750000
v -80.332901 -12.274426 -31.250002
v -92.889442 -13.018090 -31.250002
v -92.628098 -14.531753 -43.750004
v -80.994949 -8.440027 -6.250002
v -93.647400 -8.628229 -6.250002
v -93.336311 -10.429989 -18.750002
v -55.429474 -9.572659 -6.250001
v -68.309799 -8.441107 -6.250001
v -68.027664 -10.075154 -18.750002
v -80.135933 -13.415212 -81.250000
v -92.542015 -15.030289 -81.250000
v -92.545990 -15.007288 -93.750000
v -80.171257 -13.210600 -56.250000
v -92.567101 -14.885023 -56.250004
v -92.520592 -15.154397 -68.750000
v -55.070034 -11.654434 -56.250000
v -67.589760 -12.611380 -56.250000
v -67.693314 -12.011637 -68.750000
v -29.028667 -15.543308 68.750000
v -41.833801 -14.847275 68.750000
v -42.230698 -12.548559 56.250000
v -28.831585 -16.684757 93.750000
v -41.584560 -16.290813 93.750000
v -41.680702 -15.733971 81.250000
v -3.000066 -19.358252 93.750000
v -15.917818 -18.009960 93.750000
v -15.928576 -17.947659 81.250000
v -80.731392 -9.966494 68.750000
v -93.475998 -9.620966 68.750000
v -93.765160 -7.946239 56.249996
v -79.853287 -15.052183 93.750000
v -92.522003 -15.146220 93.750000
v -92.935501 -12.751360 81.250000
v -54.403381 -15.515499 93.750000
v -67.181046 -14.978505 93.750000
v -67.373589 -13.863363 81.250000
v -80.965820 -8.608751 18.749998
v -93.624405 -8.761417 18.749998
v -93.630066 -8.728632 6.249998
v -81.093025 -7.872019 43.750000
v -93.748909 -8.040321 43.749996
v -93.714851 -8.237579 31.249998
v -55.405674 -9.710510 43.750000
v -68.196091 -9.099674 43.750000
v -68.158539 -9.317183 31.249998
v 71.723083 -11.327588 68.750000
v 59.360901 -13.196971 68.750000
v 59.574123 -14.431899 56.250000
v 71.224289 -8.438743 93.750000
v 58.741199 -9.607877 93.750000
v 58.915131 -10.615197 81.250000
v 96.054863 -5.315065 93.750000
v 83.706100 -7.262129 93.750000
v 84.017311 -9.064589 81.250000
v 22.235945 -18.582739 68.750000
v 9.443938 -17.962734 68.750000
v 9.362650 -17.491934 56.250000
v 22.082132 -17.691902 93.750000
v 9.691286 -19.395300 93.750000
v 9.607643 -18.910868 81.250000
v 46.392456 -11.555102 93.750000
v 34.249573 -14.694626 93.750000
v 34.544628 -16.403490 81.250000
v 21.918558 -16.744528 18.750000
v 9.000404 -15.393909 18.750000
v 9.045128 -15.652935 6.250000
v 22.075890 -17.655756 43.750000
v 9.188501 -16.483315 43.750000
v 9.032400 -15.579222 31.250000
v 47.021912 -15.200702 43.750000
v 34.651436 -17.022081 43.750000
v 34.515213 -16.233103 31.250000
v 71.776382 -11.636260 18.750002
v 59.509331 -14.056643 18.750002
v 59.374775 -13.277322 6.250001
v 71.847420 -12.047704 43.750000
v 59.460503 -13.773843 43.750000
v 59.428280 -13.587205 31.250002
v 96.673347 -8.897131 43.750004
v 84.191429 -10.073019 43.750000
v 83.986725 -8.887442 31.250002
v -29.792089 -11.121788 18.750000
v -42.605553 -10.377510 18.749998
v -42.627304 -10.251534 6.249999
v -29.692442 -11.698931 43.750000
v -42.621735 -10.283792 43.750000
v -42.683083 -9.928494 31.249998
v -3.770321 -14.897161 43.750000
v -16.692051 -13.525833 43.750000
v -16.875137 -12.465452 31.250000
v -29.448666 -13.110792 -81.250000
v -42.164349 -12.932837 -81.250000
v -42.025757 -13.735504 -93.750000
v -29.686764 -11.731798 -56.250000
v -42.504772 -10.961206 -56.250000
v -42.445492 -11.304533 -68.750000
v -4.125677 -12.839032 -56.250000
v -16.920691 -12.201605 -56.250000
v -16.864721 -12.525761 -68.750000
v 72.088257 -13.442578 -81.250000
v 59.190128 -12.207911 -81.250000
v 58.780598 -9.836011 -93.750000
v 71.859970 -12.120418 -56.250000
v 59.153156 -11.993785 -56.250000
v 59.283806 -12.750464 -68.750000
v 97.371964 -12.943283 -56.249996
v 84.689384 -12.957018 -56.250000
v 84.845840 -13.863173 -68.750000
v 97.394569 -13.074228 -68.750000
v 72.086540 -13.432630 -68.750000
v 71.689362 -11.132262 -93.750000
v -4.089637 -13.047767 -68.750000
v -29.653856 -11.922384 -68.750000
v -29.341900 -13.729143 -93.750000
v -3.976974 -13.700283 31.250000
v -29.784168 -11.167673 31.250000
v -29.852633 -10.771143 6.250000
v 96.476143 -7.754990 31.250002
v 71.740906 -11.430827 31.250002
v 71.829117 -11.941714 6.250001
v 46.948933 -14.778029 31.250002
v 21.927759 -16.797812 31.250000
v 21.965611 -17.017036 6.250000
v 46.683437 -13.240367 81.250000
v 22.176048 -18.235842 81.250000
v 22.216583 -18.470608 56.250000
v 96.390335 -7.258003 81.250000
v 71.435837 -9.663955 81.250000
v 71.890800 -12.298968 56.250000
v -55.418472 -9.636386 31.249998
v -81.041168 -8.172369 31.249998
v -81.030182 -8.235968 6.249998
v -54.477238 -15.087729 81.250000
v -80.224472 -12.902414 81.250000
v -81.065384 -8.032097 56.250000
v -3.042517 -19.112391 81.250000
v -28.903152 -16.270260 81.250000
v -29.352358 -13.668592 56.250000
v -55.106739 -11.441841 -68.750000
v -80.202141 -13.031762 -68.750000
v -80.031639 -14.019254 -93.750000
v -55.259720 -10.555821 -18.750002
v -80.660110 -10.379323 -18.750002
v -80.167931 -13.229865 -43.750000
v -3.935291 -13.941698 -18.750000
v -29.740211 -11.422251 -18.750000
v -29.774807 -11.221880 -43.750000
v 46.518524 -12.285233 -68.750000
v 21.194767 -12.552528 -68.750000
v 21.306108 -13.197386 -93.750000
v 46.448544 -11.879922 -18.749998
v 21.573408 -14.745516 -18.750000
v 21.416330 -13.835760 -43.750000
v 97.081627 -11.261749 -18.749998
v 71.779915 -11.656747 -18.749998
v 71.797623 -11.759311 -43.750000
v 97.084152 -11.276375 -43.749996
v 46.613403 -12.834739 -43.750000
v 46.042278 -9.526952 -93.750000
v -4.218307 -12.302553 -43.750000
v -55.079247 -11.601068 -43.750000
v -54.755413 -13.476605 -93.750000
v -3.450687 -16.748390 56.250000
v -55.173058 -11.057746 56.250000
v -55.477364 -9.295309 6.249999
v 96.562569 -8.255545 56.250004
v 47.214787 -16.317772 56.250000
v 46.848953 -14.198985 6.250001
v 96.640205 -8.705189 6.250002
v -4.016901 -13.469035 6.250000
v -3.823518 -14.589046 -93.750000
v 96.765213 -9.429199 -93.750000
v -98.736763 -15.885914 96.875000
v 98.922310 -3.555584 100.000000
v 102.908600 -8.276091 -96.875000
v -95.612671 -15.612852 -100.000000
v -99.943062 -8.899435 -3.125002
v 0.051223 -18.663538 100.000000
v 102.964966 -8.602537 3.125002
v 5.633431 -14.260262 -100.000000
v 2.492193 -14.434019 -96.875000
v 2.516214 -14.573152 3.125000
v -96.802193 -8.723534 -0.000002
v 5.807548 -15.268704 0.000000
v -99.973442 -8.723463 46.874996
v 49.403992 -10.630170 100.000000
v 103.436890 -11.335760 -46.874996
v -45.230694 -13.540316 -100.000000
v -98.754387 -15.783878 -53.125004
v -51.204334 -15.676576 100.000000
v 102.859604 -7.992304 53.125004
v 55.439545 -8.852485 -100.000000
v 2.240496 -12.976273 -46.875000
v 2.893284 -16.757034 53.125000
v -45.795628 -10.268415 -0.000001
v 56.098854 -12.671025 0.000001
v 53.040569 -13.325240 3.125001
v 53.373154 -15.251472 53.125000
v 6.060211 -16.732059 50.000000
v 56.441395 -14.654929 50.000000
v -49.031178 -9.895949 3.124999
v -48.792095 -11.280641 53.125000
v -96.901222 -8.149969 49.999996
v -45.668137 -11.006804 50.000000
v -48.386955 -13.627079 -96.875000
v -48.801872 -11.224008 -46.875000
v -95.684074 -15.199294 -50.000004
v -45.659866 -11.054696 -50.000000
v 52.324234 -9.176417 -96.875000
v 52.879276 -12.391074 -46.875000
v 5.441927 -13.151134 -50.000000
v 56.003067 -12.116261 -50.000000
v -99.618019 -10.781981 71.875000
v 74.248810 -7.588981 100.000000
v 103.518463 -11.808212 -71.875000
v -70.568657 -13.725347 -100.000000
v -99.225380 -13.056023 -28.125002
v -25.657196 -16.703001 100.000000
v 102.737968 -7.287846 28.125002
v 30.551411 -11.642818 -100.000000
v 2.294842 -13.291025 -71.875000
v 2.496322 -14.457948 28.125000
v -71.551117 -8.035245 -0.000002
v 31.282719 -15.878336 0.000001
v -99.891975 -9.195286 21.874998
v 25.049202 -16.509420 100.000000
v 103.416489 -11.217627 -21.874998
v -19.810200 -13.833302 -100.000000
v -98.667244 -16.288582 -78.125000
v -76.603020 -15.509910 100.000000
v 102.528969 -6.077372 78.125000
v 81.031319 -10.137470 -100.000000
v 2.504789 -14.506981 -21.875000
v 3.237659 -18.751553 78.125000
v -20.159060 -11.812817 -0.000000
v 81.223549 -11.250832 0.000002
v 53.220776 -14.368947 28.125002
v 52.881851 -12.405986 78.125000
v 31.647642 -17.991877 50.000000
v 81.110794 -10.597769 50.000000
v -49.037014 -9.862142 28.124998
v -48.100494 -15.286183 78.125000
v -71.441666 -8.669143 50.000000
v -19.773668 -14.044899 50.000000
v -48.747124 -11.541109 -71.875000
v -48.797321 -11.250368 -21.875002
v -70.736855 -12.751229 -50.000000
v -20.167063 -11.766451 -50.000000
v 52.883789 -12.417222 -71.875000
v 52.789783 -11.872756 -21.874998
v 30.834957 -13.285030 -50.000000
v 81.359634 -12.038958 -50.000000
v 78.129288 -11.696634 -46.875000
v 78.105148 -11.556839 -21.874998
v 55.991390 -12.048621 -24.999998
v 81.237320 -11.330553 -24.999998
v 27.702501 -13.509653 -46.875000
v 27.747192 -13.768496 -21.875000
v 5.687721 -14.574702 -25.000000
v 30.841074 -13.320471 -25.000000
v 27.484226 -12.245470 -96.875000
v 27.472504 -12.177567 -71.875000
v 5.492954 -13.446662 -75.000000
v 30.600225 -11.925537 -75.000000
v -23.389431 -11.470331 -46.875000
v -23.432005 -11.223770 -21.875000
v -45.600594 -11.397994 -25.000002
v -20.285265 -11.081877 -25.000000
v -73.886810 -12.874479 -46.875000
v -74.244247 -10.804321 -21.875002
v -96.234459 -12.011644 -25.000002
v -71.041176 -10.988668 -25.000002
v -73.707756 -13.911514 -96.875000
v -73.968025 -12.404137 -71.875000
v -95.594360 -15.718916 -75.000000
v -70.816223 -12.291541 -75.000000
v -22.942028 -14.061579 53.125000
v -22.451897 -16.900269 78.125000
v -44.937733 -15.237074 75.000000
v -19.236563 -17.155651 75.000000
v -74.659164 -8.401260 53.125000
v -73.926216 -12.646245 78.125000
v -96.362877 -11.267912 75.000000
v -70.812920 -12.310654 75.000000
v -74.726654 -8.010364 3.124998
v -74.580307 -8.857965 28.124998
v -96.788017 -8.805622 24.999998
v -71.357574 -9.156201 24.999998
v 78.031212 -11.128609 53.125000
v 77.792221 -9.744465 78.125000
v 56.060383 -12.448211 75.000000
v 80.956703 -9.705328 75.000000
v 28.549330 -18.414244 53.125000
v 28.463650 -17.918011 78.125000
v 6.347400 -18.395374 75.000000
v 31.629436 -17.886435 75.000000
v 28.234074 -16.588366 3.125000
v 28.245972 -16.657274 28.125000
v 5.740328 -14.879393 25.000000
v 31.367689 -16.370462 25.000000
v 78.059731 -11.293821 3.125002
v 77.827232 -9.947248 28.125002
v 56.373417 -14.261209 25.000002
v 80.852928 -9.104300 25.000002
v -23.409393 -11.354727 3.125000
v -23.333853 -11.792231 28.125000
v -45.824913 -10.098799 24.999998
v -20.134274 -11.956367 25.000000
v -22.972103 -13.887363 -96.875000
v -23.222326 -12.438152 -71.875000
v -45.505417 -11.949222 -75.000000
v -19.977648 -12.863490 -75.000000
v 77.969109 -10.768948 -96.875000
v 78.507011 -13.884306 -71.875000
v 56.070789 -12.508485 -75.000000
v 81.673080 -13.854357 -75.000000
v -99.068123 -13.966811 84.375000
v 86.612022 -5.725534 100.000000
v 103.185371 -9.879084 -84.375000
v -83.157776 -14.280422 -100.000000
v -99.709335 -10.253102 -15.625002
v -12.787722 -17.771675 100.000000
v 102.730118 -7.242367 15.625002
v 18.179600 -13.456457 -100.000000
v 2.438696 -14.124183 -84.375000
v 2.463930 -14.270341 15.625000
v -84.196999 -8.261565 -0.000002
v 18.729456 -16.641066 0.000000
v -99.926826 -8.993436 34.374996
v 37.166145 -13.219692 100.000000
v 103.338547 -10.766209 -34.374996
v -32.562843 -13.441251 -100.000000
v -98.662949 -16.313427 -65.625000
v -63.984753 -15.123664 100.000000
v 102.673851 -6.916473 65.625000
v 68.235832 -9.497294 -100.000000
v 2.299608 -13.318631 -34.375000
v 3.053221 -17.683342 65.625000
v -33.017986 -10.805210 -0.000001
v 68.661636 -11.963454 0.000002
v 53.245396 -14.511539 15.625001
v 53.295998 -14.804589 65.625000
v 18.960480 -17.979090 50.000000
v 68.818817 -12.873784 50.000000
v -49.004646 -10.049614 15.624999
v -48.357502 -13.797677 65.625000
v -84.314987 -7.578224 49.999996
v -32.783001 -12.166183 50.000000
v -48.467911 -13.158205 -84.375000
v -48.815742 -11.143687 -34.375000
v -83.293510 -13.494293 -50.000004
v -32.914249 -11.406040 -50.000000
v 52.649300 -11.059093 -84.375000
v 52.874088 -12.361035 -34.375000
v 18.148487 -13.276263 -50.000000
v 68.644257 -11.862769 -50.000000
v -99.966690 -8.762569 59.374996
v 61.823570 -9.093188 100.000000
v 103.644073 -12.535711 -59.374996
v -57.950031 -13.341180 -100.000000
v -98.858658 -15.179959 -40.625004
v -38.379559 -16.486374 100.000000
v 102.909828 -8.283186 40.625004
v 42.893047 -9.654386 -100.000000
v 2.277379 -13.189882 -59.375000
v 2.637668 -15.276581 40.625000
v -58.703358 -8.978161 -0.000001
v 43.602261 -13.761956 0.000001
v -99.919426 -9.036312 9.374998
v 12.727762 -18.614792 100.000000
v 103.301109 -10.549402 -9.374998
v -7.020203 -14.441668 -100.000000
v -98.698776 -16.105961 -90.625000
v -89.243736 -15.766115 100.000000
v 102.232147 -4.358263 90.625000
v 93.503250 -8.903715 -100.000000
v 2.612088 -15.128427 -9.375000
v 3.383857 -19.598291 90.625000
v -7.184515 -13.490034 -0.000000
v 93.714478 -10.127071 0.000002
v 53.192810 -14.206960 40.625000
v 52.574425 -10.625482 90.625000
v 44.045376 -16.328354 50.000000
v 93.513618 -8.963749 50.000004
v -49.063370 -9.709494 40.625000
v -48.000301 -15.866497 90.625000
v -58.547199 -9.882594 50.000000
v -6.816760 -15.619962 50.000000
v -48.818928 -11.125233 -59.375000
v -48.919083 -10.545160 -9.375001
v -58.186180 -11.973498 -50.000000
v -7.393602 -12.279059 -50.000000
v 52.869362 -12.333665 -59.375000
v 52.777714 -11.802848 -9.374999
v 43.473625 -13.016950 -50.000000
v 94.078117 -12.233152 -49.999996
v 78.062912 -11.312216 -34.375000
v 78.142097 -11.770830 -9.374998
v 68.645340 -11.869037 -24.999998
v 93.845886 -10.888155 -24.999998
v 27.765333 -13.873568 -34.375000
v 27.966248 -15.037195 -9.374999
v 18.404411 -14.758501 -25.000000
v 43.312073 -12.081273 -25.000000
v 27.512882 -12.411434 -84.375000
v 27.550571 -12.629719 -59.375000
v 18.102989 -13.012746 -75.000000
v 43.233540 -11.626443 -75.000000
v -23.526449 -10.676778 -34.375000
v -23.354853 -11.670607 -9.375001
v -32.932789 -11.298648 -25.000000
v -7.305979 -12.786547 -25.000000
v -74.004982 -12.190081 -34.375000
v -74.599403 -8.747377 -9.375002
v -83.633904 -11.522846 -25.000002
v -58.411381 -10.669205 -25.000002
v -73.815292 -13.288689 -84.375000
v -73.905685 -12.765184 -59.375000
v -83.292175 -13.502011 -75.000000
v -58.214249 -11.810947 -75.000000
v -22.623346 -15.907286 65.625000
v -22.392887 -17.242041 90.625000
v -32.166546 -15.736496 75.000000
v -6.329689 -18.440937 75.000000
v -74.378830 -10.024853 65.625000
v -73.570854 -14.704421 90.625000
v -83.696136 -11.162386 75.000000
v -57.832497 -14.021925 75.000000
v -74.620651 -8.624291 15.624998
v -74.626831 -8.588498 40.625000
v -84.179062 -8.365457 24.999998
v -58.569077 -9.755890 24.999998
v 77.924431 -10.510170 65.625000
v 77.546776 -8.322905 90.625000
v 68.461128 -10.802146 75.000000
v 93.376022 -8.166819 75.000000
v 28.585340 -18.622814 65.625000
v 28.233946 -16.587639 90.625000
v 19.049273 -18.493355 75.000000
v 43.876465 -15.350072 75.000000
v 28.253777 -16.702478 15.625001
v 28.365633 -17.350319 40.625000
v 18.704264 -16.495167 25.000000
v 43.838509 -15.130250 25.000000
v 77.879524 -10.250101 15.625002
v 77.985306 -10.862772 40.625000
v 68.702278 -12.198842 25.000002
v 93.218895 -7.256817 25.000002
v -23.400675 -11.405216 15.624999
v -23.246761 -12.296646 40.625000
v -32.993008 -10.949894 25.000000
v -7.266683 -13.014147 25.000000
v -23.007978 -13.679586 -84.375000
v -23.288813 -12.053082 -59.375000
v -32.762440 -12.285276 -75.000000
v -7.206576 -13.362248 -75.000000
v 78.376633 -13.129225 -84.375000
v 78.320633 -12.804882 -59.375000
v 68.933632 -13.538747 -75.000000
v 94.177841 -12.810736 -75.000000
v 91.124458 -13.493326 -71.875000
v 91.122787 -13.483646 -59.374996
v 81.589676 -13.371298 -62.500000
v 94.302864 -13.534828 -62.499996
v 65.711884 -13.246209 -71.875000
v 65.532364 -12.206525 -59.375000
v 56.045662 -12.362950 -62.500000
v 68.773232 -12.609780 -62.500000
v 65.118813 -9.811301 -96.875000
v 65.571930 -12.435658 -84.375000
v 55.772797 -10.782577 -87.500000
v 68.701111 -12.192082 -87.500000
v -10.441247 -12.994869 -71.875000
v -10.525484 -12.507001 -59.375000
v -20.092079 -12.200736 -62.500000
v -7.316617 -12.724933 -62.500000
v -36.013233 -11.824518 -71.875000
v -36.110558 -11.260839 -59.375000
v -45.668613 -11.004037 -62.500000
v -32.891068 -11.540298 -62.500000
v -35.700069 -13.638250 -96.875000
v -35.749195 -13.353735 -84.375000
v -45.235092 -13.514835 -87.500000
v -32.541737 -13.563492 -87.500000
v -10.465714 -12.853182 28.125000
v -10.298708 -13.820434 40.625000
v -20.047279 -12.460218 37.500000
v -7.129478 -13.808792 37.500000
v -36.231174 -10.562280 28.125000
v -36.236420 -10.531890 40.625000
v -45.899944 -9.664249 37.500000
v -33.024059 -10.770039 37.500000
v -36.228046 -10.580381 3.124999
v -36.213020 -10.667417 15.624999
v -45.817017 -10.144530 12.499999
v -33.032444 -10.721477 12.499999
v 90.124138 -7.699789 28.125002
v 90.389236 -9.235161 40.625004
v 81.026840 -10.111555 37.500000
v 93.475250 -8.741524 37.500004
v 65.625023 -12.743157 28.125002
v 65.625626 -12.746663 40.625000
v 56.288086 -13.767007 37.500000
v 68.691071 -12.133916 37.500000
v 65.564339 -12.391694 3.125001
v 65.674385 -13.029069 15.625001
v 56.352501 -14.140077 12.500001
v 68.743172 -12.435681 12.500002
v 40.718796 -15.428668 28.125000
v 40.781059 -15.789298 40.625000
v 31.456827 -16.886719 37.500000
v 43.843773 -15.160739 37.500000
v 15.493208 -16.264559 28.125000
v 15.611110 -16.947407 40.625000
v 5.843104 -15.474642 37.500000
v 18.787699 -16.978395 37.500000
v 15.544016 -16.558811 3.125000
v 15.515862 -16.395750 15.625000
v 5.749225 -14.930916 12.500000
v 18.757542 -16.803728 12.500000
v 40.727921 -15.481523 78.125000
v 40.358353 -13.341123 90.625000
v 31.342670 -16.225580 87.500000
v 43.461876 -12.948928 87.500000
v 15.888218 -18.552338 78.125000
v 15.937169 -18.835850 90.625000
v 6.531962 -19.464310 87.500000
v 19.037895 -18.427460 87.500000
v 15.774919 -17.896139 53.125000
v 15.822019 -18.168936 65.625000
v 6.209057 -17.594133 62.500000
v 19.025387 -18.355017 62.500000
v 90.277107 -8.585716 78.125000
v 90.019577 -7.094196 90.625000
v 80.757446 -8.551281 87.500000
v 93.198036 -7.136017 87.500000
v 65.235970 -10.489861 78.125000
v 64.984413 -9.032971 90.625000
v 55.695007 -10.332086 87.500000
v 68.160767 -9.062556 87.500000
v 65.751389 -13.475043 53.125000
v 65.616608 -12.694430 65.625000
v 56.427330 -14.573470 62.500000
v 68.755684 -12.508126 62.500000
v -61.761879 -9.630995 28.124998
v -61.786659 -9.487480 40.625000
v -71.389702 -8.970127 37.500000
v -58.610706 -9.514780 37.500000
v -87.390381 -8.133322 28.124998
v -87.452606 -7.772933 40.624996
v -96.834122 -8.538610 37.499996
v -84.272346 -7.825171 37.499996
v -87.340309 -8.423335 3.124998
v -87.306793 -8.617445 15.624998
v -96.768349 -8.919522 12.499998
v -84.152557 -8.518969 12.499998
v -60.990200 -14.100337 78.125000
v -60.809147 -15.148954 90.625000
v -70.442459 -14.456252 87.500000
v -57.621437 -15.244347 87.500000
v -86.744240 -11.875565 78.125000
v -86.266556 -14.642186 90.625000
v -95.836533 -14.316311 87.500000
v -83.183762 -14.129930 87.500000
v -87.484398 -7.588809 53.124996
v -87.233383 -9.042620 65.625000
v -96.792175 -8.781541 62.499996
v -84.131599 -8.640350 62.499996
v -9.487926 -18.516237 78.125000
v -9.406534 -18.987637 90.625000
v -19.150372 -17.654844 87.500000
v -6.178121 -19.318775 87.500000
v -35.337448 -15.738469 78.125000
v -35.232075 -16.348778 90.625000
v -44.820061 -15.918612 87.500000
v -32.069897 -16.296293 87.500000
v -35.911747 -12.412297 53.125000
v -35.511288 -14.731630 65.625000
v -45.227806 -13.557060 62.500000
v -32.393154 -14.424049 62.500000
v -61.402744 -11.710998 -71.875000
v -61.330933 -12.126922 -59.375000
v -70.787064 -12.460406 -62.500000
v -58.230091 -11.719185 -62.500000
v -86.383850 -13.962863 -71.875000
v -86.377792 -13.997916 -59.375004
v -95.598404 -15.695493 -62.500004
v -83.284004 -13.549352 -62.500004
v -86.303642 -14.427367 -96.875000
v -86.353416 -14.139105 -84.375000
v -95.631889 -15.501559 -87.500000
v -83.215919 -13.943679 -87.500000
v -61.627613 -10.408630 -21.875002
v -61.854839 -9.092602 -9.375001
v -71.353455 -9.180071 -12.500002
v -58.581272 -9.685243 -12.500001
v -86.894585 -11.004822 -21.875002
v -87.279457 -8.775772 -9.375002
v -96.686981 -9.390770 -12.500002
v -84.033127 -9.210649 -12.500002
v -86.405472 -13.837639 -46.875004
v -86.538841 -13.065195 -34.375004
v -95.828407 -14.363370 -37.500004
v -83.350166 -13.166138 -37.500004
v -10.506199 -12.618692 -21.875000
v -10.370986 -13.401814 -9.375000
v -20.137104 -11.939980 -12.500001
v -7.120704 -13.859610 -12.500000
v -36.042103 -11.657328 -21.875000
v -36.100262 -11.320486 -9.375001
v -45.652069 -11.099864 -12.500001
v -32.909214 -11.435196 -12.500001
v -36.126884 -11.166299 -46.875000
v -36.137566 -11.104433 -34.375000
v -45.646172 -11.134013 -37.500000
v -32.979588 -11.027607 -37.500000
v 40.099140 -11.839812 -71.875000
v 40.270054 -12.829688 -59.375000
v 30.692526 -12.460114 -62.500000
v 43.406578 -12.628625 -62.500000
v 14.930614 -13.006167 -71.875000
v 14.913778 -12.908667 -59.375000
v 5.443604 -13.160849 -62.500000
v 18.051781 -12.716166 -62.500000
v 15.077341 -13.855966 -96.875000
v 15.068026 -13.802011 -84.375000
v 5.623830 -14.204657 -87.500000
v 18.201370 -13.582546 -87.500000
v 40.176506 -12.287894 -21.875000
v 40.305367 -13.034219 -9.374999
v 30.995386 -14.214191 -12.499999
v 43.354599 -12.327577 -12.499999
v 15.296055 -15.122692 -21.875000
v 15.447352 -15.998968 -9.375000
v 5.840729 -15.460881 -12.500000
v 18.551935 -15.612923 -12.500000
v 15.021677 -13.533584 -46.875000
v 15.186966 -14.490885 -34.375000
v 5.512072 -13.557390 -37.500000
v 18.327744 -14.314466 -37.500000
v 90.715034 -11.122059 -21.874998
v 90.779121 -11.493256 -9.374998
v 81.318703 -11.801901 -12.499998
v 93.935867 -11.409269 -12.499998
v 65.465652 -11.820127 -21.874998
v 65.404007 -11.463086 -9.374999
v 55.911034 -11.583224 -12.499999
v 68.582848 -11.507113 -12.499998
v 65.495499 -11.992986 -46.875000
v 65.529549 -12.190196 -34.375000
v 56.052601 -12.403150 -37.500000
v 68.667046 -11.994760 -37.500000
v 90.830780 -11.792419 -46.874996
v 90.633438 -10.649485 -34.374996
v 81.202614 -11.129583 -37.500000
v 93.820122 -10.738932 -37.499996
v 40.339756 -13.233390 -46.875000
v 40.262173 -12.784051 -34.375000
v 30.903931 -13.684515 -37.500000
v 43.435196 -12.794389 -37.500000
v 39.793076 -10.067161 -96.875000
v 39.906776 -10.725680 -84.375000
v 30.576878 -11.790304 -87.500000
v 42.987591 -10.201953 -87.500000
v -10.633648 -11.880550 -46.875000
v -10.686056 -11.577017 -34.375000
v -20.326273 -10.844374 -37.500000
v -7.457158 -11.910963 -37.500000
v -61.320122 -12.189528 -46.875000
v -61.469532 -11.324183 -34.375000
v -70.823334 -12.250367 -37.500000
v -58.274548 -11.461700 -37.500000
v -61.109222 -13.410970 -96.875000
v -61.222019 -12.757677 -84.375000
v -70.621918 -13.416891 -87.500000
v -57.992706 -13.094032 -87.500000
v -9.954235 -15.815516 53.125000
v -9.685785 -17.370300 65.625000
v -19.447384 -15.934645 62.500000
v -6.528797 -17.287758 62.500000
v -61.733242 -9.796865 53.125000
v -61.387295 -11.800475 65.625000
v -71.241013 -9.831285 62.500000
v -58.229748 -11.721182 62.500000
v -61.931965 -8.645917 3.124999
v -61.824062 -9.270852 15.624999
v -71.478073 -8.458282 12.499998
v -58.651119 -9.280719 12.499999
v 90.359413 -9.062403 53.125004
v 90.251976 -8.440193 65.625000
v 81.020134 -10.072685 62.500000
v 93.372215 -8.144800 62.500004
v 41.003330 -17.076611 53.125000
v 41.026714 -17.212055 65.625000
v 31.730232 -18.470219 62.500000
v 44.131390 -16.826519 62.500000
v 40.580631 -14.628478 3.125001
v 40.704151 -15.343860 15.625001
v 31.383593 -16.462572 12.500001
v 43.807865 -14.952767 12.500001
v 90.501289 -9.884142 3.125002
v 90.143562 -7.812281 15.625002
v 80.980927 -9.845608 12.500002
v 93.343063 -7.975941 12.500002
v -10.460989 -12.880541 3.125000
v -10.525043 -12.509556 15.625000
v -20.202789 -11.559549 12.499999
v -7.285709 -12.903947 12.500000
v -10.173159 -14.547556 -96.875000
v -10.225123 -14.246595 -84.375000
v -19.775118 -14.036487 -87.500000
v -7.015469 -14.469086 -87.500000
v 90.495453 -9.850323 -96.875000
v 90.828697 -11.780350 -84.375000
v 81.427834 -12.433960 -87.500000
v 93.831192 -10.803030 -87.500000
v -98.868561 -15.122586 90.625000
v 92.790413 -4.775158 100.000000
v 103.053627 -9.116020 -90.625000
v -89.414032 -14.779804 -100.000000
v -99.881332 -9.256924 -9.375002
v -6.341540 -18.372299 100.000000
v 102.828873 -7.814329 9.375002
v 11.929369 -13.990717 -100.000000
v 2.475852 -14.339378 -90.625000
v 2.483380 -14.382990 9.375000
v -90.503754 -8.468468 -0.000002
v 12.306215 -16.173307 0.000000
v -99.920296 -9.031261 40.624996
v 43.249908 -11.721261 100.000000
v 103.354927 -10.861084 -40.624996
v -38.890244 -13.528591 -100.000000
v -98.697563 -16.112986 -59.375004
v -57.613251 -15.291764 100.000000
v 102.765617 -7.447983 59.375004
v 61.800430 -8.959119 -100.000000
v 2.249912 -13.030803 -40.625000
v 2.987332 -17.301737 59.375000
v -39.388824 -10.640985 -0.000001
v 62.367195 -12.241673 0.000001
v 53.170784 -14.079392 9.375001
v 53.382748 -15.307025 59.375000
v 12.519074 -17.406132 50.000000
v 62.643646 -13.842805 50.000000
v -49.035099 -9.873242 9.374999
v -48.574699 -12.539732 59.375000
v -90.651512 -7.612714 49.999996
v -39.233913 -11.538183 50.000000
v -48.397274 -13.567299 -90.625000
v -48.804909 -11.206434 -40.625000
v -89.506485 -14.244359 -50.000004
v -39.320881 -11.034491 -50.000000
v 52.455814 -9.938481 -90.625000
v 52.893547 -12.473733 -40.625000
v 11.805472 -13.273150 -50.000000
v 62.324173 -11.992505 -50.000000
v -99.829872 -9.554972 65.625000
v 68.041794 -8.373506 100.000000
v 103.626434 -12.433582 -65.625000
v -64.284546 -13.387335 -100.000000
v -99.009171 -14.308218 -34.375004
v -32.028149 -16.538084 100.000000
v 102.828873 -7.814352 34.375004
v 36.707012 -10.560480 -100.000000
v 2.272491 -13.161572 -65.625000
v 2.554156 -14.792905 34.375000
v -65.153839 -8.352674 -0.000002
v 37.435669 -14.780661 0.000001
v -99.898872 -9.155346 15.624998
v 18.931993 -17.814108 100.000000
v 103.397316 -11.106581 -15.624998
v -13.404420 -14.199924 -100.000000
v -98.685638 -16.182024 -84.375000
v -82.914200 -15.691151 100.000000
v 102.396172 -5.308264 84.375000
v 87.305122 -9.739759 -100.000000
v 2.589180 -14.995749 -15.625000
v 3.338496 -19.335573 84.375000
v -13.673969 -12.638792 -0.000000
v 87.471687 -10.704454 0.000002
v 53.176270 -14.111180 34.375000
v 52.683464 -11.257007 84.375000
v 37.860695 -17.242287 50.000000
v 87.279808 -9.593126 50.000004
v -49.083534 -9.592722 34.375000
v -48.036880 -15.654632 84.375000
v -64.993874 -9.279122 50.000000
v -13.277770 -14.933461 50.000000
v -48.814701 -11.149708 -65.625000
v -48.842258 -10.990123 -15.625001
v -64.441399 -12.478884 -50.000000
v -13.795008 -11.937765 -50.000000
v 52.896580 -12.491300 -65.625000
v 52.753036 -11.659934 -15.624999
v 37.174145 -13.265987 -50.000000
v 87.740379 -12.260649 -49.999996
v 78.076012 -11.388079 -40.625000
v 78.133369 -11.720293 -15.624998
v 62.330536 -12.029361 -24.999998
v 87.529922 -11.041716 -24.999998
v 27.760448 -13.845268 -40.625000
v 27.831249 -14.255325 -15.624999
v 12.101275 -14.986355 -25.000000
v 37.054413 -12.572538 -25.000000
v 27.486895 -12.260923 -90.625000
v 27.493279 -12.297897 -65.625000
v 11.813850 -13.321672 -75.000000
v 36.885349 -11.593374 -75.000000
v -23.472404 -10.989786 -40.625000
v -23.371664 -11.573247 -15.625001
v -39.228184 -11.571369 -25.000000
v -13.825190 -11.762962 -25.000000
v -73.918266 -12.692293 -40.625000
v -74.427231 -9.744532 -15.625002
v -89.952187 -11.662966 -25.000002
v -64.762627 -10.618446 -25.000002
v -73.739799 -13.725934 -90.625000
v -73.953484 -12.488352 -65.625000
v -89.459999 -14.513568 -75.000000
v -64.535736 -11.932526 -75.000000
v -22.770788 -15.053347 59.375000
v -22.411364 -17.135023 84.375000
v -38.550289 -15.497537 75.000000
v -12.758597 -17.940357 75.000000
v -74.559654 -8.977562 59.375000
v -73.715187 -13.868484 84.375000
v -90.064796 -11.010790 75.000000
v -64.327087 -13.140974 75.000000
v -74.694199 -8.198341 9.374998
v -74.614975 -8.657183 34.375000
v -90.518364 -8.383877 24.999998
v -64.950569 -9.529923 24.999998
v 77.986588 -10.870184 59.375000
v 77.680107 -9.095148 84.375000
v 62.230240 -11.448461 75.000000
v 87.180481 -9.017851 75.000000
v 28.587076 -18.632858 59.375000
v 28.341944 -17.213125 84.375000
v 12.693117 -18.414141 75.000000
v 37.781384 -16.782944 75.000000
v 28.273762 -16.818233 9.375001
v 28.294645 -16.939182 34.375000
v 12.249747 -15.846268 25.000000
v 37.599384 -15.728865 25.000000
v 77.976952 -10.814375 9.375002
v 77.895859 -10.344702 34.375000
v 62.574539 -13.442557 25.000002
v 86.976601 -7.837055 25.000002
v -23.429605 -11.237661 9.374999
v -23.308886 -11.936832 34.375000
v -39.427383 -10.417662 25.000000
v -13.708773 -12.437223 25.000000
v -22.959072 -13.962845 -90.625000
v -23.276001 -12.127288 -65.625000
v -39.138515 -12.090709 -75.000000
v -13.584954 -13.154325 -75.000000
v 78.183281 -12.009384 -90.625000
v 78.436760 -13.477446 -65.625000
v 62.500275 -13.012424 -75.000000
v 87.950455 -13.477314 -75.000000
v -99.335281 -12.419481 78.125000
v 80.435501 -6.686661 100.000000
v 103.355484 -10.864285 -78.125000
v -76.866096 -13.986250 -100.000000
v -99.462318 -11.683737 -21.875002
v -19.239666 -17.137678 100.000000
v 102.696991 -7.050495 21.875002
v 24.382710 -12.649277 -100.000000
v 2.360255 -13.669875 -78.125000
v 2.465616 -14.280108 21.875000
v -77.886017 -8.079179 -0.000002
v 25.054333 -16.539124 0.000001
v -99.908928 -9.097092 28.124998
v 31.121210 -14.942942 100.000000
v 103.376144 -10.983965 -28.124998
v -26.203093 -13.541306 -100.000000
v -98.656258 -16.352180 -71.875000
v -70.306664 -15.242763 100.000000
v 102.617393 -6.589521 71.875000
v 74.666443 -10.007781 -100.000000
v 2.389855 -13.841312 -28.125000
v 3.128743 -18.120745 71.875000
v -26.611755 -11.174468 -0.000001
v 74.954269 -11.674790 0.000002
v 53.257351 -14.580771 21.875002
v 53.121098 -13.791623 71.875000
v 25.349962 -18.251335 50.000000
v 74.968422 -11.756726 50.000000
v -48.999287 -10.080649 21.874998
v -48.200699 -14.705841 71.875000
v -77.899689 -7.999979 50.000000
v -26.285479 -13.064178 50.000000
v -48.613808 -12.313235 -78.125000
v -48.816647 -11.138453 -28.125002
v -77.033386 -13.017348 -50.000000
v -26.531982 -11.636482 -50.000000
v 52.802967 -11.949113 -78.125000
v 52.829903 -12.105124 -28.124998
v 24.486807 -13.252174 -50.000000
v 74.986008 -11.858592 -50.000000
v -100.009682 -8.513577 53.124996
v 55.612175 -9.852345 100.000000
v 103.556702 -12.029711 -53.124996
v -51.589092 -13.448124 -100.000000
v -98.786163 -15.599813 -46.875004
v -44.781609 -16.141327 100.000000
v 102.916901 -8.324160 46.875004
v 49.135750 -9.076543 -100.000000
v 2.259406 -13.085792 -53.125000
v 2.767030 -16.025812 46.875000
v -52.240486 -9.675474 -0.000001
v 49.827381 -13.082292 0.000001
v -99.928665 -8.982793 3.124998
v 6.424329 -18.840931 100.000000
v 103.142288 -9.629545 -3.124998
v -0.689625 -14.372746 -100.000000
v -98.692268 -16.143621 -96.875000
v -95.555313 -15.945072 100.000000
v 102.061523 -3.370073 96.875000
v 99.704399 -8.085188 -100.000000
v 2.576472 -14.922147 -3.125000
v 3.325861 -19.262394 96.875000
v -0.710703 -14.250682 -0.000000
v 99.937675 -9.436270 0.000002
v 53.288975 -14.763921 46.875000
v 52.529972 -10.368039 96.875000
v 50.236122 -15.449594 50.000000
v 99.769859 -8.464333 50.000004
v -48.963219 -10.289555 46.875000
v -47.988342 -15.935751 96.875000
v -52.104301 -10.464211 50.000000
v -0.388459 -16.117029 50.000000
v -48.809124 -11.182012 -53.125000
v -48.989143 -10.139408 -3.125001
v -51.937866 -11.428167 -50.000000
v -0.957596 -12.820747 -50.000000
v 52.855156 -12.251390 -53.125000
v 52.884319 -12.420278 -3.124999
v 49.736790 -12.557612 -50.000000
v 100.369278 -11.935991 -49.999996
v 78.079842 -11.410294 -28.124998
v 78.117538 -11.628614 -3.124998
v 74.945305 -11.622846 -24.999998
v 100.219597 -11.069048 -24.999998
v 27.739052 -13.721348 -28.125000
v 28.115463 -15.901407 -3.125000
v 24.626698 -14.062391 -25.000000
v 49.632519 -11.953706 -24.999998
v 27.491774 -12.289181 -78.125000
v 27.615192 -13.003981 -53.125000
v 24.359978 -12.517616 -75.000000
v 49.637360 -11.981740 -75.000000
v -23.516897 -10.732095 -28.125000
v -23.373352 -11.563461 -3.125000
v -26.646963 -10.970562 -25.000000
v -0.804467 -13.707625 -25.000000
v -74.124741 -11.496484 -28.125002
v -74.702995 -8.147417 -3.125002
v -77.324371 -11.332048 -25.000002
v -52.010162 -11.009447 -25.000002
v -73.914261 -12.715529 -78.125000
v -73.893959 -12.833106 -53.125000
v -77.075180 -12.775299 -75.000000
v -51.865974 -11.844526 -75.000000
v -22.516230 -16.527668 71.875000
v -22.415623 -17.110355 96.875000
v -25.719761 -16.340643 75.000000
v 0.017460 -18.467991 75.000000
v -74.167770 -11.247257 71.875000
v -73.487221 -15.188778 96.875000
v -77.273613 -11.626043 75.000000
v -51.363720 -14.753428 75.000000
v -74.573524 -8.897236 21.874998
v -74.666138 -8.360874 46.875000
v -77.781975 -8.681759 24.999998
v -52.199150 -9.914886 24.999998
v 77.872276 -10.208111 71.875000
v 77.408669 -7.523062 96.875000
v 74.712563 -10.274899 75.000000
v 99.516701 -6.998110 75.000000
v 28.561756 -18.486217 71.875000
v 28.140850 -16.048450 96.875000
v 25.381269 -18.432652 75.000000
v 49.955688 -13.825397 75.000000
v 28.233654 -16.585936 21.875000
v 28.466442 -17.934181 46.875000
v 25.079697 -16.686020 25.000000
v 50.105804 -14.694829 25.000002
v 77.820221 -9.906616 21.875002
v 78.033951 -11.144497 46.875000
v 74.781601 -10.674712 25.000002
v 99.537514 -7.118652 25.000002
v -23.361761 -11.630596 21.875000
v -23.112263 -13.075632 46.875000
v -26.559605 -11.476510 25.000000
v -0.782830 -13.832943 25.000000
v -23.119627 -13.032955 -78.125000
v -23.315882 -11.896305 -53.125000
v -26.373280 -12.555635 -75.000000
v -0.851084 -13.437630 -75.000000
v 78.491249 -13.793043 -78.125000
v 78.216080 -12.199324 -53.125000
v 75.333206 -13.869470 -75.000000
v 100.356033 -11.859259 -75.000000
v 91.167778 -13.744244 -65.625000
v 91.000542 -12.775623 -53.124996
v 87.985504 -13.680340 -62.499996
v 100.547073 -12.965714 -62.499996
v 65.637314 -12.814338 -65.625000
v 65.480667 -11.907079 -53.125000
v 62.399963 -12.431458 -62.500000
v 75.172913 -12.941072 -62.500000
v 65.347565 -11.136199 -90.625000
v 65.698776 -13.170304 -78.125000
v 62.226593 -11.427333 -87.500000
v 75.116425 -12.613950 -87.500000
v -10.501280 -12.647179 -65.625000
v -10.565809 -12.273451 -53.125000
v -13.709378 -12.433704 -62.500000
v -0.908927 -13.102619 -62.500000
v -36.090618 -11.376337 -65.625000
v -36.114662 -11.237069 -53.125000
v -39.313526 -11.077097 -62.500000
v -26.481688 -11.927775 -62.500000
v -35.695847 -13.662707 -90.625000
v -35.881912 -12.585086 -78.125000
v -38.879665 -13.589869 -87.500000
v -26.170605 -13.729465 -87.500000
v -10.397208 -13.249947 34.375000
v -10.133135 -14.779380 46.875000
v -13.582650 -13.167688 37.500000
v -0.659752 -14.545781 37.500000
v -36.267395 -10.352500 34.375000
v -36.105556 -11.289814 46.875000
v -39.493553 -10.034435 37.500000
v -26.531185 -11.641110 37.500000
v -36.241375 -10.503185 9.374999
v -36.203087 -10.724954 21.875000
v -39.422340 -10.446871 12.499999
v -26.628822 -11.075628 12.499999
v 90.265999 -8.521383 34.375004
v 90.408012 -9.343874 46.875004
v 87.219559 -9.244183 37.500004
v 99.749245 -8.344923 37.500004
v 65.594337 -12.565434 34.375000
v 65.703682 -13.198745 46.875000
v 62.501789 -13.021199 37.500000
v 74.860909 -11.134042 37.500000
v 65.641022 -12.835830 9.375001
v 65.663887 -12.968261 21.875002
v 62.572285 -13.429488 12.500001
v 74.871994 -11.198256 12.500002
v 40.734570 -15.520024 34.375000
v 40.894661 -16.447243 46.875000
v 37.657764 -16.066969 37.500000
v 50.055222 -14.401862 37.500000
v 15.537227 -16.519501 34.375000
v 15.704025 -17.485548 46.875000
v 12.337776 -16.356104 37.500000
v 25.167406 -17.194014 37.500000
v 15.548205 -16.583082 9.375000
v 15.488288 -16.236059 21.875000
v 12.287798 -16.066643 12.500000
v 25.124887 -16.947758 12.500001
v 40.520138 -14.278138 84.375000
v 40.248062 -12.702350 96.875000
v 37.406765 -14.613281 87.500000
v 49.552738 -11.491668 87.500000
v 15.920910 -18.741684 84.375000
v 15.899429 -18.617277 96.875000
v 12.813755 -19.112835 87.500000
v 25.211447 -17.449095 87.500000
v 15.808418 -18.090160 59.375000
v 15.854419 -18.356585 71.875000
v 12.606732 -17.913818 62.500000
v 25.422079 -18.669010 62.500000
v 90.193352 -8.100660 84.375000
v 89.801918 -5.833561 96.875000
v 87.009117 -8.025396 87.500000
v 99.287933 -5.673136 87.500000
v 65.069397 -9.525165 84.375000
v 64.953773 -8.855519 96.875000
v 61.887993 -9.466311 87.500000
v 74.465508 -8.844001 87.500000
v 65.724609 -13.319940 59.375000
v 65.447113 -11.712770 71.875000
v 62.597935 -13.578048 62.500000
v 74.891945 -11.313802 62.500000
v -61.787426 -9.483052 34.375000
v -61.787785 -9.480972 46.875000
v -64.974487 -9.391425 37.500000
v -52.262794 -9.546262 37.500000
v -87.447464 -7.802735 34.374996
v -87.486671 -7.575628 46.874996
v -90.603607 -7.890146 37.499996
v -77.850388 -8.285517 37.500000
v -87.320312 -8.539138 9.374998
v -87.330002 -8.483034 21.874998
v -90.466583 -8.683733 12.499998
v -77.828133 -8.414406 12.499998
v -60.863319 -14.835213 84.375000
v -60.804874 -15.173717 96.875000
v -64.034889 -14.833275 87.500000
v -51.214630 -15.616936 87.500000
v -86.473534 -13.443405 84.375000
v -86.130379 -15.430859 96.875000
v -89.531158 -14.101432 87.500000
v -76.820343 -14.251229 87.500000
v -87.398445 -8.086628 59.374996
v -87.023849 -10.256166 71.875000
v -90.498497 -8.498905 62.499996
v -77.705475 -9.124789 62.500000
v -9.418382 -18.919022 84.375000
v -9.481388 -18.554110 96.875000
v -12.645993 -18.592529 87.500000
v 0.199547 -19.522587 87.500000
v -35.286823 -16.031694 84.375000
v -35.195263 -16.561989 96.875000
v -38.441711 -16.126394 87.500000
v -25.637167 -16.819004 87.500000
v -35.698147 -13.649398 59.375000
v -35.396816 -15.394613 71.875000
v -38.797230 -14.067326 62.500000
v -25.935589 -15.090633 62.500000
v -61.388912 -11.791124 -65.625000
v -61.309937 -12.248528 -53.125000
v -64.495514 -12.165464 -62.500000
v -51.964840 -11.271925 -62.500000
v -86.377731 -13.998268 -65.625000
v -86.405449 -13.837732 -53.125004
v -89.454437 -14.545778 -62.500004
v -77.061058 -12.857071 -62.500000
v -86.333862 -14.252358 -90.625000
v -86.375198 -14.012953 -78.125000
v -89.457191 -14.529838 -87.500000
v -76.925140 -13.644251 -87.500000
v -61.741432 -9.749430 -15.625001
v -61.921085 -8.708929 -3.125001
v -65.006073 -9.208487 -12.500002
v -52.114075 -10.407619 -12.500001
v -87.114151 -9.733173 -15.625002
v -87.348610 -8.375254 -3.125002
v -90.378662 -9.192947 -12.500002
v -77.687569 -9.228504 -12.500002
v -86.437149 -13.654160 -40.625004
v -86.703209 -12.113221 -28.125002
v -89.602791 -13.686571 -37.500004
v -77.087318 -12.705004 -37.500000
v -10.408466 -13.184738 -15.625000
v -10.397479 -13.248373 -3.125000
v -13.643299 -12.816420 -12.500000
v -0.633060 -14.700362 -12.500000
v -36.045769 -11.636095 -15.625001
v -36.171165 -10.909836 -3.125001
v -39.241230 -11.495800 -12.500001
v -26.559139 -11.479206 -12.500001
v -36.138859 -11.096937 -40.625000
v -36.105476 -11.290283 -28.125000
v -39.310158 -11.096609 -37.500000
v -26.670238 -10.835752 -37.500000
v 40.192711 -12.381747 -65.625000
v 40.311829 -13.071656 -53.125000
v 37.056538 -12.584862 -62.500000
v 49.729012 -12.512563 -62.500000
v 14.900932 -12.834261 -65.625000
v 14.943903 -13.083135 -53.125000
v 11.754923 -12.980383 -62.500000
v 24.357166 -12.501341 -62.500000
v 15.072796 -13.829640 -90.625000
v 15.001266 -13.415360 -78.125000
v 11.933906 -14.016995 -87.500000
v 24.414240 -12.831892 -87.500000
v 40.213406 -12.501609 -15.624999
v 40.440281 -13.815600 -3.124999
v 37.163559 -13.204691 -12.499999
v 49.607109 -11.806539 -12.499999
v 15.371089 -15.557276 -15.625000
v 15.508115 -16.350887 -3.125000
v 12.244870 -15.818016 -12.500000
v 24.784874 -14.978506 -12.499999
v 15.112026 -14.056852 -40.625000
v 15.241661 -14.807665 -28.125000
v 11.957256 -14.152240 -37.500000
v 24.630671 -14.085398 -37.500000
v 90.781815 -11.508856 -15.624998
v 90.677444 -10.904345 -3.124998
v 87.645485 -11.711054 -12.499998
v 100.223267 -11.090311 -12.499998
v 65.411789 -11.508159 -15.624999
v 65.463638 -11.808480 -3.124999
v 62.225517 -11.421124 -12.499999
v 74.957542 -11.693751 -12.499998
v 65.522758 -12.150891 -40.625000
v 65.507660 -12.063411 -28.124998
v 62.383179 -12.334241 -37.500000
v 74.931053 -11.540298 -37.500000
v 90.693344 -10.996452 -40.624996
v 90.652275 -10.758604 -28.124998
v 87.496346 -10.847248 -37.499996
v 100.172073 -10.793837 -37.499996
v 40.324142 -13.142972 -40.625000
v 40.191422 -12.374276 -28.125000
v 37.164738 -13.211517 -37.500000
v 49.730175 -12.519305 -37.500000
v 39.810947 -10.170676 -90.625000
v 40.004311 -11.290593 -78.125000
v 36.742378 -10.765308 -87.500000
v 49.339855 -10.258668 -87.500000
v -10.684261 -11.587413 -40.625000
v -10.623697 -11.938182 -28.125000
v -13.918733 -11.221186 -37.500000
v -0.977657 -12.704556 -37.500000
v -61.374889 -11.872338 -40.625000
v -61.566730 -10.761244 -28.125002
v -64.557709 -11.805257 -37.500000
v -51.969902 -11.242604 -37.500000
v -61.137836 -13.245241 -90.625000
v -61.337246 -12.090359 -78.125000
v -64.338440 -13.075226 -87.500000
v -51.612812 -13.310741 -87.500000
v -9.801853 -16.698065 59.375000
v -9.585853 -17.949081 71.875000
v -12.966270 -16.737572 62.500000
v -0.158559 -17.448540 62.500000
v -61.592823 -10.610117 59.375000
v -61.177570 -13.015139 71.875000
v -64.755219 -10.661335 62.500000
v -51.709160 -12.752760 62.500000
v -61.902901 -8.814254 9.374999
v -61.766197 -9.605997 21.874998
v -65.077141 -8.796856 12.499998
v -52.226994 -9.753611 12.499999
v 90.291351 -8.668211 59.375004
v 90.275551 -8.576717 71.875000
v 87.169273 -8.952950 62.500004
v 99.597359 -7.465258 62.500004
v 41.053272 -17.365860 59.375000
v 40.925499 -16.625839 71.875000
v 37.957119 -17.800737 62.500000
v 50.278877 -15.697223 62.500000
v 40.669495 -15.143142 9.375001
v 40.713493 -15.397965 21.875000
v 37.585884 -15.650663 12.500001
v 50.073891 -14.510007 12.500001
v 90.313751 -8.797956 9.375002
v 90.070610 -7.389748 21.875002
v 87.118721 -8.660187 12.500002
v 99.617195 -7.580133 12.500002
v -10.509313 -12.600666 9.375000
v -10.509808 -12.597806 21.875000
v -13.753215 -12.179820 12.500000
v -0.798020 -13.744969 12.500000
v -10.173031 -14.548296 -90.625000
v -10.336513 -13.601461 -78.125000
v -13.379858 -14.342182 -87.500000
v -0.701072 -14.306452 -87.500000
v 90.659355 -10.799583 -90.625000
v 91.000671 -12.776400 -78.125000
v 87.647125 -11.720551 -87.500000
v 100.010704 -9.859238 -87.500000
v 97.001099 -10.795376 -84.375000
v 97.185410 -11.862820 -78.125000
v 94.009911 -11.838116 -81.250000
v 100.176941 -10.821989 -81.250000
v 84.633240 -12.631840 -84.375000
v 84.774170 -13.448065 -78.125000
v 81.589081 -13.367867 -81.250000
v 87.817703 -12.708471 -81.250000
v 84.274361 -10.553318 -96.875000
v 84.456558 -11.608566 -90.625000
v 81.234100 -11.311947 -93.750000
v 87.478600 -10.744478 -93.750000
v -3.885290 -14.231277 -84.375000
v -3.980500 -13.679850 -78.125000
v -7.097322 -13.995019 -81.250000
v -0.767155 -13.923719 -81.250000
v -16.609745 -14.002514 -84.375000
v -16.722881 -13.347254 -78.125000
v -19.861675 -13.535172 -81.250000
v -13.467124 -13.836761 -81.250000
v -16.568544 -14.241133 -96.875000
v -16.558731 -14.297965 -90.625000
v -19.755512 -14.150034 -93.750000
v -13.355111 -14.485508 -93.750000
v -4.056243 -13.241182 15.625000
v -4.048258 -13.287431 21.875000
v -7.292584 -12.864130 18.750000
v -0.804801 -13.705698 18.750000
v -16.973166 -11.897701 15.625000
v -16.942423 -12.075747 21.875000
v -20.171795 -11.739058 18.750000
v -13.743250 -12.237534 18.750000
v -16.943878 -12.067318 3.125000
v -16.979836 -11.859066 9.375000
v -20.199778 -11.576988 6.250000
v -13.729503 -12.317156 6.250000
v 96.409599 -7.369577 15.625002
v 96.356255 -7.060617 21.875002
v 93.221909 -7.274244 18.750002
v 99.530464 -7.077803 18.750002
v 83.972458 -8.804783 15.625002
v 83.899338 -8.381323 21.875002
v 80.876923 -9.243279 18.750002
v 86.990669 -7.918545 18.750002
v 84.276443 -10.565371 3.125002
v 84.122742 -9.675209 9.375002
v 81.111610 -10.602514 6.250002
v 87.297615 -9.696289 6.250002
v 46.960148 -14.842990 15.625001
v 46.974655 -14.927007 21.875002
v 43.836658 -15.119523 18.750000
v 50.115185 -14.749166 18.750002
v 34.484428 -16.054811 15.625001
v 34.480957 -16.034712 21.875000
v 31.367418 -16.368895 18.750000
v 37.593365 -15.693998 18.750000
v 34.421036 -15.687668 3.125001
v 34.480598 -16.032639 9.375001
v 31.372757 -16.399813 6.250000
v 37.545254 -15.415340 6.250001
v 47.168480 -16.049595 65.625000
v 47.025539 -15.221717 71.875000
v 44.053558 -16.375744 68.750000
v 50.164734 -15.036136 68.750000
v 34.840538 -18.117311 65.625000
v 34.782261 -17.779781 71.875000
v 31.711746 -18.363155 68.750000
v 37.912971 -17.545061 68.750000
v 34.804661 -17.909523 53.125000
v 34.850842 -18.176992 59.375000
v 31.714588 -18.379606 56.250000
v 37.941406 -17.709732 56.250000
v 96.457962 -7.649687 65.625000
v 96.456306 -7.640091 71.875000
v 93.357323 -8.058546 68.750000
v 99.546982 -7.173494 68.750000
v 84.073013 -9.387169 65.625000
v 84.075134 -9.399456 71.875000
v 80.984009 -9.863468 68.750000
v 87.160545 -8.902424 68.750000
v 84.169456 -9.945763 53.125000
v 84.114777 -9.629078 59.375000
v 81.074646 -10.388435 56.250000
v 87.224121 -9.270615 56.250004
v -55.410084 -9.684972 15.624999
v -55.379883 -9.859875 21.874998
v -58.588211 -9.645067 18.749998
v -52.192089 -9.955767 18.749998
v -68.236267 -8.867010 15.624998
v -68.164574 -9.282212 21.874998
v -71.394890 -8.940054 18.749998
v -64.991524 -9.292726 18.749998
v -68.363235 -8.131618 3.124998
v -68.327667 -8.337639 9.374998
v -71.545486 -8.067855 6.249999
v -65.143723 -8.411257 6.249999
v -54.857319 -12.886425 65.625000
v -54.670559 -13.968063 71.875000
v -58.016907 -12.953883 68.750000
v -51.507538 -13.920494 68.750000
v -67.900711 -10.810453 65.625000
v -67.685463 -12.057069 71.875000
v -71.038017 -11.006983 68.750000
v -64.542389 -11.894007 68.750000
v -68.198334 -9.086705 53.125000
v -68.090439 -9.711581 59.375000
v -71.388969 -8.974344 56.250000
v -64.920013 -9.706928 56.250000
v -3.292926 -17.662092 65.625000
v -3.202666 -18.184851 71.875000
v -6.433004 -17.842569 68.750000
v -0.082826 -17.887165 68.750000
v -16.141842 -16.712484 65.625000
v -16.037209 -17.318495 71.875000
v -19.324177 -16.648224 68.750000
v -12.855680 -17.378090 68.750000
v -16.434563 -15.017136 53.125000
v -16.273245 -15.951443 59.375000
v -19.601309 -15.043156 56.250000
v -13.106826 -15.923520 56.250000
v -54.852634 -12.913526 -84.375000
v -54.984425 -12.150257 -78.125000
v -58.103691 -12.451265 -81.250000
v -51.727467 -12.646736 -81.250000
v -67.532333 -12.943964 -84.375000
v -67.642143 -12.307981 -78.125000
v -70.726418 -12.811650 -81.250000
v -64.445610 -12.454502 -81.250000
v -67.415733 -13.619258 -96.875000
v -67.446304 -13.442241 -90.625000
v -70.563210 -13.756911 -93.750000
v -64.278297 -13.423539 -93.750000
v -55.154633 -11.164474 -34.375000
v -55.206139 -10.866157 -28.125002
v -58.357521 -10.981137 -31.250002
v -52.003101 -11.050333 -31.250002
v -67.747772 -11.696198 -34.375000
v -67.864655 -11.019258 -28.125002
v -70.934937 -11.603971 -31.250002
v -64.672478 -11.140547 -31.250002
v -67.591866 -12.599186 -46.875000
v -67.645233 -12.290084 -40.625000
v -70.753967 -12.652089 -43.750000
v -64.473930 -12.290471 -43.750000
v -4.199071 -12.413957 -34.375000
v -4.114444 -12.904099 -28.125000
v -7.410923 -12.178739 -31.250000
v -0.915246 -13.066027 -31.250000
v -17.142942 -10.914398 -34.375000
v -17.113033 -11.087621 -28.125000
v -20.346237 -10.728741 -31.250000
v -13.908447 -11.280755 -31.250000
v -17.025970 -11.591854 -46.875000
v -17.104515 -11.136965 -40.625000
v -20.254469 -11.260221 -43.750000
v -13.871278 -11.496033 -43.750000
v 46.231083 -10.620433 -84.375000
v 46.371613 -11.434365 -78.125000
v 43.118988 -10.963002 -81.250000
v 49.512165 -11.256656 -81.250000
v 33.682362 -11.409487 -84.375000
v 33.716583 -11.607683 -78.125000
v 30.599512 -11.921402 -81.250000
v 36.818092 -11.203852 -81.250000
v 33.631191 -11.113119 -96.875000
v 33.631401 -11.114328 -90.625000
v 30.559612 -11.690319 -93.750000
v 36.704433 -10.545538 -93.750000
v 46.548668 -12.459830 -34.375000
v 46.483643 -12.083205 -28.124998
v 43.362473 -12.373183 -31.250000
v 49.679203 -12.224076 -31.249998
v 34.010422 -13.309523 -34.375000
v 33.955830 -12.993326 -28.125000
v 30.868811 -13.481113 -31.250000
v 37.097988 -12.824919 -31.250000
v 34.033695 -13.444298 -46.875000
v 34.047958 -13.526926 -40.625000
v 30.894800 -13.631624 -43.750000
v 37.195660 -13.390614 -43.750000
v 96.982430 -10.687233 -34.374996
v 97.005035 -10.818172 -28.124998
v 93.802513 -10.636927 -31.249998
v 100.173668 -10.803047 -31.249998
v 84.335518 -10.907516 -34.375000
v 84.358879 -11.042837 -28.124998
v 81.203224 -11.133108 -31.249998
v 87.484222 -10.777058 -31.249998
v 84.481842 -11.755018 -46.875000
v 84.375038 -11.136427 -40.625000
v 81.256760 -11.443155 -43.750000
v 87.588318 -11.379950 -43.749996
v 71.801392 -11.781150 -34.375000
v 71.800735 -11.777326 -28.124998
v 68.664894 -11.982320 -31.249998
v 74.935959 -11.568749 -31.249998
v 59.218712 -12.373452 -34.375000
v 59.187225 -12.191102 -28.124998
v 56.031414 -12.280438 -31.249998
v 62.369862 -12.257108 -31.249998
v 59.179337 -12.145406 -46.875000
v 59.214893 -12.351344 -40.625000
v 56.038086 -12.319076 -43.750000
v 62.361015 -12.205880 -43.750000
v 71.773293 -11.618369 -9.374998
v 71.795151 -11.744969 -3.124998
v 68.602165 -11.618981 -6.249999
v 74.960686 -11.711947 -6.249999
v 59.076149 -11.547782 -9.374999
v 59.163414 -12.053191 -3.124999
v 55.965973 -11.901418 -6.249999
v 62.259304 -11.616809 -6.249999
v 59.137558 -11.903445 -21.874998
v 59.076725 -11.551114 -15.624999
v 55.937359 -11.735702 -18.749998
v 62.267406 -11.663737 -18.749998
v 97.048347 -11.069019 -9.374998
v 96.916908 -10.307743 -3.124998
v 93.869606 -11.025537 -6.249998
v 100.111481 -10.442892 -6.249998
v 84.482201 -11.757080 -9.374998
v 84.411224 -11.345995 -3.124998
v 81.300156 -11.694515 -6.249998
v 87.603195 -11.466114 -6.249998
v 84.413170 -11.357265 -21.874998
v 84.473953 -11.709286 -15.624998
v 81.285774 -11.611221 -18.749998
v 87.602730 -11.463419 -18.749998
v 21.503660 -14.341560 -34.375000
v 21.515846 -14.412144 -28.125000
v 18.375105 -14.588762 -31.250000
v 24.634670 -14.108562 -31.250000
v 8.781380 -14.125381 -34.375000
v 8.864014 -14.603970 -28.125000
v 5.589085 -14.003428 -31.250000
v 12.031927 -14.584709 -31.250000
v 8.648149 -13.353742 -46.875000
v 8.707336 -13.696541 -40.625000
v 5.462555 -13.270608 -43.750000
v 11.877222 -13.688704 -43.750000
v 21.734200 -15.676779 -9.375000
v 21.853483 -16.367626 -3.125000
v 18.648739 -16.173576 -6.250000
v 24.924124 -15.784994 -6.250000
v 9.069983 -15.796883 -9.375000
v 9.072519 -15.811579 -3.125000
v 5.843863 -15.479031 -6.250000
v 12.288977 -16.073469 -6.250000
v 8.952310 -15.115356 -21.875000
v 9.028645 -15.557465 -15.625000
v 5.784514 -15.135298 -18.750000
v 12.176744 -15.423454 -18.750000
v 46.509651 -12.233851 -9.374999
v 46.631046 -12.936927 -3.124999
v 43.458302 -12.928187 -6.249999
v 49.685398 -12.259976 -6.249999
v 34.147163 -14.101479 -9.374999
v 34.293198 -14.947269 -3.124999
v 31.140762 -15.056166 -6.250000
v 37.292088 -13.949076 -6.249999
v 33.954945 -12.988205 -21.875000
v 34.024837 -13.393003 -15.624999
v 30.885628 -13.578514 -18.750000
v 37.080444 -12.723312 -18.750000
v 21.317881 -13.265574 -84.375000
v 21.266987 -12.970808 -78.125000
v 18.175049 -13.430098 -81.250000
v 24.407892 -12.795124 -81.250000
v 8.768251 -14.049335 -84.375000
v 8.695127 -13.625823 -78.125000
v 5.570371 -13.895038 -81.250000
v 11.892419 -13.776714 -81.250000
v 8.802898 -14.250000 -96.875000
v 8.790378 -14.177485 -90.625000
v 5.648453 -14.347266 -93.750000
v 11.945327 -14.083143 -93.750000
v 21.220186 -12.699757 -59.375000
v 21.271353 -12.996094 -53.125000
v 18.080956 -12.885137 -56.250000
v 24.406479 -12.786942 -56.250000
v 8.608863 -13.126212 -59.375000
v 8.614315 -13.157788 -53.125000
v 5.447096 -13.181071 -56.250000
v 11.769352 -13.063952 -56.250000
v 8.626879 -13.230556 -71.875000
v 8.600636 -13.078566 -65.625000
v 5.447245 -13.181930 -68.750000
v 11.761559 -13.018808 -68.750000
v 46.584145 -12.665299 -59.375000
v 46.597698 -12.743793 -53.125000
v 43.448002 -12.868548 -56.250000
v 49.724144 -12.484370 -56.250000
v 33.915207 -12.758043 -59.375000
v 33.976929 -13.115526 -53.125000
v 30.763123 -12.868982 -56.250000
v 37.125973 -12.986994 -56.250000
v 33.760006 -11.859171 -71.875000
v 33.831387 -12.272581 -65.625000
v 30.628107 -12.087019 -68.750000
v 36.966209 -12.061708 -68.750000
v -29.840759 -10.839911 -34.375000
v -29.829630 -10.904373 -28.125000
v -32.983025 -11.007708 -31.250000
v -26.695673 -10.688443 -31.250000
v -42.469711 -11.164261 -34.375000
v -42.435909 -11.360039 -28.125002
v -45.635475 -11.195955 -31.250002
v -39.284946 -11.242626 -31.250000
v -42.495716 -11.013645 -46.875000
v -42.485863 -11.070730 -40.625000
v -45.651661 -11.102231 -43.750000
v -39.318890 -11.046026 -43.750000
v -29.756140 -11.330000 -9.375001
v -29.798803 -11.082911 -3.125001
v -32.961735 -11.131016 -6.250001
v -26.576210 -11.380342 -6.250000
v -42.474983 -11.133742 -9.375001
v -42.553238 -10.680510 -3.125001
v -45.729794 -10.649703 -6.250001
v -39.315723 -11.064375 -6.250001
v -42.385681 -11.650944 -21.875002
v -42.406693 -11.529262 -15.625001
v -45.594303 -11.434422 -18.750002
v -39.199104 -11.739781 -18.750000
v -3.870644 -14.316114 -9.375000
v -3.913663 -14.066964 -3.125000
v -7.124786 -13.835963 -6.250000
v -0.646586 -14.622026 -6.250000
v -16.885237 -12.406956 -9.375000
v -16.898441 -12.330482 -3.125000
v -20.129816 -11.982187 -6.250000
v -13.633402 -12.873746 -6.250000
v -17.010674 -11.680462 -21.875000
v -16.923294 -12.186539 -15.625000
v -20.190733 -11.629380 -18.750000
v -13.712901 -12.413306 -18.750000
v -80.269348 -12.642509 -34.375000
v -80.404556 -11.859400 -28.125002
v -83.473366 -12.452630 -31.250002
v -77.196083 -12.075053 -31.250002
v -92.796242 -13.557881 -34.375004
v -92.994179 -12.411492 -28.125002
v -96.010605 -13.308150 -31.250002
v -89.755707 -12.800956 -31.250002
v -92.608124 -14.647415 -46.875004
v -92.664375 -14.321620 -40.625004
v -95.723976 -14.968205 -43.750004
v -89.524963 -14.137355 -43.750004
v -80.937683 -8.771707 -9.375002
v -81.029350 -8.240796 -3.125002
v -84.160812 -8.471134 -6.250002
v -77.828957 -8.409625 -6.250002
v -93.607964 -8.856651 -9.375002
v -93.661095 -8.548923 -3.125002
v -96.794823 -8.766176 -6.250002
v -90.489609 -8.550392 -6.250002
v -93.215919 -11.127275 -21.875002
v -93.448128 -9.782394 -15.625002
v -96.477631 -10.603283 -18.750002
v -90.176369 -10.364581 -18.750002
v -55.393414 -9.781510 -9.375001
v -55.455669 -9.420956 -3.125001
v -58.665863 -9.195317 -6.250001
v -52.191441 -9.959525 -6.250001
v -68.256233 -8.751348 -9.375002
v -68.345116 -8.236567 -3.125002
v -71.489967 -8.389432 -6.250001
v -65.111969 -8.595182 -6.250001
v -67.956207 -10.489029 -21.875002
v -68.108307 -9.608089 -15.625002
v -71.177231 -10.200684 -18.750002
v -64.865829 -10.020729 -18.750002
v -80.102486 -13.608910 -84.375000
v -80.166954 -13.235539 -78.125000
v -83.256691 -13.707527 -81.250000
v -77.004791 -13.182971 -81.250000
v -92.547813 -14.996727 -84.375000
v -92.535767 -15.066504 -78.125000
v -95.613075 -15.610538 -81.250000
v -89.459915 -14.514072 -81.250000
v -92.534424 -15.074258 -96.875000
v -92.553352 -14.964657 -90.625000
v -95.631508 -15.503779 -93.750000
v -89.441269 -14.622064 -93.750000
v -80.169014 -13.223604 -59.375000
v -80.175018 -13.188833 -53.125000
v -83.289017 -13.520325 -56.250004
v -77.039680 -12.980897 -56.250000
v -92.541451 -15.033554 -59.375004
v -92.588554 -14.760751 -53.125004
v -95.646156 -15.418941 -56.250004
v -89.484398 -14.372262 -56.250004
v -92.524002 -15.134615 -71.875000
v -92.520905 -15.152588 -65.625000
v -95.585594 -15.769664 -68.750000
v -89.454544 -14.545179 -68.750000
v -55.082054 -11.584827 -59.375000
v -55.065475 -11.680824 -53.125000
v -58.191021 -11.945464 -56.250000
v -51.945778 -11.382330 -56.250000
v -67.606522 -12.514313 -59.375000
v -67.585747 -12.634615 -53.125000
v -70.744385 -12.707601 -56.250000
v -64.445007 -12.458020 -56.250000
v -67.696968 -11.990438 -71.875000
v -67.671585 -12.137478 -65.625000
v -70.834297 -12.186863 -68.750000
v -64.550034 -11.849731 -68.750000
v -29.092464 -15.173826 65.625000
v -28.982729 -15.809380 71.875000
v -32.244713 -15.283785 68.750000
v -25.800020 -15.875811 68.750000
v -41.909782 -14.407217 65.625000
v -41.780113 -15.158216 71.875000
v -45.044922 -14.616274 68.750000
v -38.634377 -15.010525 68.750000
v -42.344624 -11.888741 53.125000
v -42.115715 -13.214497 59.375000
v -45.454605 -12.243504 56.250000
v -39.014538 -12.808733 56.250000
v -28.843840 -16.613781 90.625000
v -28.830570 -16.690638 96.875000
v -32.027122 -16.544016 93.750000
v -25.621305 -16.910872 93.750000
v -41.604565 -16.174957 90.625000
v -41.572884 -16.358448 96.875000
v -44.785732 -16.117443 93.750000
v -38.390949 -16.420403 93.750000
v -41.708530 -15.572801 78.125000
v -41.654350 -15.886613 84.375000
v -44.869732 -15.630914 81.250000
v -38.495899 -15.812541 81.250000
v -2.977005 -19.491810 90.625000
v -3.053261 -19.050165 96.875000
v -6.203913 -19.169394 93.750000
v 0.188272 -19.457285 93.750000
v -15.899738 -18.114674 90.625000
v -15.955231 -17.793278 96.875000
v -19.161287 -17.591621 93.750000
v -12.672153 -18.441013 93.750000
v -15.957799 -17.778406 78.125000
v -15.907831 -18.067802 84.375000
v -19.179558 -17.485804 81.250000
v -12.682419 -18.381561 81.250000
v -80.830200 -9.394234 65.625000
v -80.620308 -10.609859 71.875000
v -83.941360 -9.742147 68.750000
v -77.509155 -10.261816 68.750000
v -93.571037 -9.070519 65.625000
v -93.361359 -10.284901 71.875000
v -96.616203 -9.800720 68.750000
v -90.315643 -9.557954 68.750000
v -93.786270 -7.823951 53.124996
v -93.721123 -8.201257 59.374996
v -96.891815 -8.204440 56.249996
v -90.618904 -7.801572 56.249996
v -79.919586 -14.668223 90.625000
v -79.800797 -15.356222 96.875000
v -83.021263 -15.071085 93.750000
v -76.687843 -15.018610 93.750000
v -92.597694 -14.707842 90.625000
v -92.460426 -15.502863 96.875000
v -95.670700 -15.276755 93.750000
v -89.359665 -15.094674 93.750000
v -93.077904 -11.926619 78.125000
v -92.804993 -13.507216 84.375000
v -96.076530 -12.926322 81.250000
v -89.776535 -12.680313 81.250000
v -54.405392 -15.503859 90.625000
v -54.407196 -15.493402 96.875000
v -57.605816 -15.334818 93.750000
v -51.197819 -15.714314 93.750000
v -67.204071 -14.845152 90.625000
v -67.166649 -15.061897 96.875000
v -70.356499 -14.954130 93.750000
v -63.995533 -15.061228 93.750000
v -67.466644 -13.324417 78.125000
v -67.298103 -14.300538 84.375000
v -70.597542 -13.558091 81.250000
v -64.144905 -14.196100 81.250000
v -80.974236 -8.559988 15.624998
v -80.969849 -8.585409 21.874998
v -84.143257 -8.572817 18.749998
v -77.781387 -8.685143 18.749998
v -93.618279 -8.796894 15.624998
v -93.639305 -8.675135 21.874998
v -96.764366 -8.942570 18.749998
v -90.473541 -8.643465 18.749998
v -93.640015 -8.671036 3.124998
v -93.625572 -8.754686 9.374998
v -96.778839 -8.858778 6.249998
v -90.479668 -8.607965 6.249998
v -81.075027 -7.976227 40.625000
v -81.110146 -7.772838 46.875000
v -84.292381 -7.709146 43.749996
v -77.875641 -8.139254 43.750000
v -93.730453 -8.147208 40.624996
v -93.771408 -7.910022 46.874996
v -96.854576 -8.420129 43.749996
v -90.621315 -7.787617 43.749996
v -93.688919 -8.387800 28.124998
v -93.732002 -8.138268 34.374996
v -96.826698 -8.581581 31.249998
v -90.581024 -8.020962 31.249998
v -55.424618 -9.600780 40.625000
v -55.373718 -9.895586 46.875000
v -58.596535 -9.596857 43.750000
v -52.215282 -9.821450 43.750000
v -68.177940 -9.204823 40.625000
v -68.212334 -9.005627 46.875000
v -71.416748 -8.813491 43.750000
v -64.989372 -9.305201 43.750000
v -68.149162 -9.371490 28.124998
v -68.170105 -9.250201 34.375000
v -71.372284 -9.071012 31.249998
v -64.961395 -9.467240 31.249998
v 71.776924 -11.639432 65.625000
v 71.660263 -10.963761 71.875000
v 68.632286 -11.793462 68.750000
v 74.811783 -10.849557 68.750000
v 59.444954 -13.683789 65.625000
v 59.255547 -12.586785 71.875000
v 56.284332 -13.745269 68.750000
v 62.448891 -12.714829 68.750000
v 59.569763 -14.406636 53.125000
v 59.554798 -14.319972 59.375000
v 56.480305 -14.880269 56.250000
v 62.665550 -13.969649 56.250000
v 71.264626 -8.672328 90.625000
v 71.187340 -8.224711 96.875000
v 68.094131 -8.676623 93.750000
v 74.352913 -8.191918 93.750000
v 58.753078 -9.676667 90.625000
v 58.735123 -9.572671 96.875000
v 55.643536 -10.033992 93.750000
v 61.846725 -9.227286 93.750000
v 59.017578 -11.208550 78.125000
v 58.835728 -10.155351 84.375000
v 55.836216 -11.149909 81.250000
v 62.017220 -10.214732 81.250000
v 96.157631 -5.910257 90.625000
v 95.951912 -4.718771 96.875000
v 92.994751 -5.958609 93.750000
v 99.102310 -4.598068 93.750000
v 83.802010 -7.817625 90.625000
v 83.609802 -6.704393 96.875000
v 80.594994 -7.610407 93.750000
v 86.810966 -6.877756 93.750000
v 84.053284 -9.272894 78.125000
v 83.962288 -8.745895 84.375000
v 80.883446 -9.281057 81.250000
v 87.139023 -8.777752 81.250000
v 22.231106 -18.554722 65.625000
v 22.235840 -18.582134 71.875000
v 19.037943 -18.427742 68.750000
v 25.420633 -18.660641 68.750000
v 9.420903 -17.829323 65.625000
v 9.477312 -18.156021 71.875000
v 6.260599 -17.892651 68.750000
v 12.636345 -18.085333 68.750000
v 9.330828 -17.307632 53.125000
v 9.386097 -17.627729 59.375000
v 6.150880 -17.257191 56.250000
v 12.578650 -17.751181 56.250000
v 22.107628 -17.839575 90.625000
v 22.048340 -17.496189 96.875000
v 19.014248 -18.290506 93.750000
v 25.137207 -17.019121 93.750000
v 9.696377 -19.424780 90.625000
v 9.657599 -19.200199 96.875000
v 6.540193 -19.511978 93.750000
v 12.820977 -19.154667 93.750000
v 9.562649 -18.650269 78.125000
v 9.648451 -19.147213 84.375000
v 6.451938 -19.000826 81.250000
v 12.758965 -18.795509 81.250000
v 46.438602 -11.822368 90.625000
v 46.355873 -11.343232 96.875000
v 43.337738 -12.229962 93.750000
v 49.463341 -10.973891 93.750000
v 34.310108 -15.045212 90.625000
v 34.195496 -14.381424 96.875000
v 31.225300 -15.545803 93.750000
v 37.271038 -13.827194 93.750000
v 34.632545 -16.912680 78.125000
v 34.458740 -15.906046 84.375000
v 31.485685 -17.053869 81.250000
v 37.587257 -15.658617 81.250000
v 21.936527 -16.848600 15.625000
v 21.906170 -16.672770 21.875000
v 18.720446 -16.588879 18.750000
v 25.092115 -16.757954 18.750000
v 9.010563 -15.452745 15.625000
v 8.996202 -15.369576 21.875000
v 5.732600 -14.834637 18.750000
v 12.257826 -15.893051 18.750000
v 9.052719 -15.696898 3.125000
v 9.037020 -15.605974 9.375000
v 5.771577 -15.060375 6.250000
v 12.307568 -16.181143 6.250000
v 22.028200 -17.379541 40.625000
v 22.123030 -17.928772 46.875000
v 18.875256 -17.485495 43.750000
v 25.256834 -17.711966 43.750000
v 9.136869 -16.184280 40.625000
v 9.241354 -16.789421 46.875000
v 5.944221 -16.060278 43.750000
v 12.427865 -16.877876 43.750000
v 9.011822 -15.460035 28.125000
v 9.060442 -15.741636 34.375000
v 5.778985 -15.103281 31.250000
v 12.277686 -16.008083 31.250000
v 46.972042 -14.911876 40.625000
v 47.081314 -15.544757 46.875000
v 43.924854 -15.630336 43.750000
v 50.126266 -14.813346 43.750000
v 34.599895 -16.723570 40.625000
v 34.707806 -17.348568 46.875000
v 31.545355 -17.399458 43.750000
v 37.744652 -16.570210 43.750000
v 34.497253 -16.129101 28.125000
v 34.538216 -16.366344 34.375000
v 31.400948 -16.563086 31.250000
v 37.620422 -15.850698 31.250000
v 71.794975 -11.743981 15.625002
v 71.759148 -11.536469 21.875002
v 68.731987 -12.370891 18.750002
v 74.811394 -10.847301 18.750002
v 59.498661 -13.994847 15.625001
v 59.504021 -14.025872 21.875002
v 56.394493 -14.383279 18.750002
v 62.600292 -13.591704 18.750002
v 59.307350 -12.886825 3.125001
v 59.428978 -13.591252 9.375001
v 56.249462 -13.543313 6.250001
v 62.491596 -12.962159 6.250001
v 71.812126 -11.843291 40.625000
v 71.877037 -12.219247 46.875000
v 68.758377 -12.523738 43.750000
v 74.932587 -11.549220 43.750000
v 59.420395 -13.541545 40.625000
v 59.505745 -14.035869 46.875000
v 56.350266 -14.127131 43.750000
v 62.564709 -13.385619 43.750000
v 59.457878 -13.758624 28.125002
v 59.405159 -13.453305 34.375000
v 56.318073 -13.940682 31.250002
v 62.522820 -13.142999 31.250002
v 96.657585 -8.805815 40.625004
v 96.666306 -8.856358 46.875004
v 93.540985 -9.122242 43.750004
v 99.801857 -8.649637 43.750004
v 84.165756 -9.924341 40.625000
v 84.197968 -10.110857 46.875000
v 81.100983 -10.540966 43.750000
v 87.292442 -9.666315 43.750004
v 83.934494 -8.584900 28.125002
v 84.051750 -9.264042 34.375000
v 80.915977 -9.469446 31.250002
v 87.074966 -8.406773 31.250002
v -29.811419 -11.009844 15.624999
v -29.779448 -11.195015 21.875000
v -32.997215 -10.925512 18.750000
v -26.586872 -11.318582 18.750000
v -42.608536 -10.360230 15.624999
v -42.612701 -10.336113 21.874998
v -45.801430 -10.234806 18.749998
v -39.406979 -10.535837 18.750000
v -42.612118 -10.339485 3.124999
v -42.627655 -10.249502 9.374999
v -45.829952 -10.069607 6.249999
v -39.431854 -10.391771 6.249999
v -29.746052 -11.388424 40.625000
v -29.621670 -12.108822 46.875000
v -32.941444 -11.248535 43.750000
v -26.439457 -12.172386 43.750000
v -42.675858 -9.970325 40.625000
v -42.545425 -10.725754 46.875000
v -45.825871 -10.093243 43.750000
v -39.407814 -10.530997 43.750000
v -42.655796 -10.086516 28.124998
v -42.703175 -9.812116 34.375000
v -45.877979 -9.791459 31.249998
v -39.475491 -10.139031 31.250000
v -3.844653 -14.466654 40.625000
v -3.686850 -15.380602 46.875000
v -6.994169 -14.592465 43.750000
v -0.540331 -15.237428 43.750000
v -16.762264 -13.119179 40.625000
v -16.609865 -14.001839 46.875000
v -19.936726 -13.100525 43.750000
v -13.453554 -13.915374 43.750000
v -16.900051 -12.321156 28.125000
v -16.846588 -12.630793 34.375000
v -20.097250 -12.170799 31.250000
v -13.654890 -12.749297 31.250000
v -29.394375 -13.425220 -84.375000
v -29.510284 -12.753915 -78.125000
v -32.633739 -13.030665 -81.250000
v -26.256945 -13.229414 -81.250000
v -42.095940 -13.329020 -84.375000
v -42.243958 -12.471762 -78.125000
v -45.348640 -12.857221 -81.250000
v -38.984970 -12.979988 -81.250000
v -42.032810 -13.694649 -96.875000
v -42.034382 -13.685545 -90.625000
v -45.202274 -13.704905 -93.750000
v -38.855152 -13.731828 -93.750000
v -29.684509 -11.744850 -59.375000
v -29.698557 -11.663489 -53.125000
v -32.893974 -11.523464 -56.250000
v -26.487986 -11.891300 -56.250000
v -42.505493 -10.957030 -59.375000
v -42.503010 -10.971409 -53.125000
v -45.667660 -11.009563 -56.250000
v -39.320541 -11.036452 -56.250000
v -42.391792 -11.615550 -71.875000
v -42.481342 -11.096910 -65.625000
v -45.622150 -11.273146 -68.750000
v -39.258701 -11.394609 -68.750000
v -4.114285 -12.905009 -59.375000
v -4.148654 -12.705955 -53.125000
v -7.338746 -12.596766 -56.250000
v -0.916749 -13.057317 -56.250000
v -16.908926 -12.269745 -59.375000
v -16.946106 -12.054401 -53.125000
v -20.107412 -12.111935 -56.250000
v -13.732551 -12.299500 -56.250000
v -16.828686 -12.734466 -71.875000
v -16.887928 -12.391362 -65.625000
v -20.059620 -12.388731 -68.750000
v -13.670812 -12.657064 -68.750000
v 72.018402 -13.037967 -84.375000
v 72.128548 -13.675935 -78.125000
v 68.876595 -13.208425 -81.250000
v 75.279076 -13.555938 -81.250000
v 59.104507 -11.711989 -84.375000
v 59.250687 -12.558633 -78.125000
v 55.964268 -11.891540 -81.250000
v 62.417236 -12.531508 -81.250000
v 58.689342 -9.307490 -96.875000
v 58.883400 -10.431420 -90.625000
v 55.577328 -9.650489 -93.750000
v 61.997757 -10.101972 -93.750000
v 71.908356 -12.400611 -59.375000
v 71.829498 -11.943929 -53.125000
v 68.672577 -12.026811 -56.250000
v 75.058075 -12.275985 -56.250000
v 59.180443 -12.151820 -59.375000
v 59.147655 -11.961909 -53.125000
v 55.994816 -12.068480 -56.250000
v 62.323734 -11.989966 -56.250000
v 59.295376 -12.817464 -71.875000
v 59.255768 -12.588073 -65.625000
v 56.089283 -12.615602 -68.750000
v 62.481922 -12.906137 -68.750000
v 97.414627 -13.190414 -59.374996
v 97.306885 -12.566378 -53.124996
v 94.229416 -13.109423 -56.249996
v 100.499031 -12.687454 -56.249996
v 84.745399 -13.281420 -59.375000
v 84.624390 -12.580605 -53.125000
v 81.477928 -12.724102 -56.250000
v 87.890938 -13.132643 -56.249996
v 84.842934 -13.846327 -71.875000
v 84.828575 -13.763157 -65.625000
v 81.668365 -13.827057 -68.750000
v 88.009972 -13.822039 -68.750000
v 97.341583 -12.767359 -71.875000
v 97.425674 -13.254364 -65.625000
v 94.284500 -13.428446 -68.750000
v 100.492271 -12.648302 -68.750000
v 72.124390 -13.651830 -71.875000
v 72.032333 -13.118653 -65.625000
v 68.884804 -13.255954 -68.750000
v 75.285957 -13.595832 -68.750000
v 71.571938 -10.452210 -96.875000
v 71.806381 -11.810012 -90.625000
v 68.465149 -10.825435 -93.750000
v 74.895164 -11.332438 -93.750000
v -4.064073 -13.195827 -71.875000
v -4.103875 -12.965302 -65.625000
v -7.283896 -12.914437 -68.750000
v -0.900403 -13.151986 -68.750000
v -29.618357 -12.127988 -71.875000
v -29.674776 -11.801224 -65.625000
v -32.855877 -11.744099 -68.750000
v -26.453915 -12.088629 -68.750000
v -29.355162 -13.652334 -96.875000
v -29.345419 -13.708761 -90.625000
v -32.521679 -13.679659 -93.750000
v -26.152647 -13.833475 -93.750000
v -4.008013 -13.520517 28.125000
v -3.940285 -13.912783 34.375000
v -7.209591 -13.344805 31.250000
v -0.731808 -14.128453 31.250000
v -29.777948 -11.203695 28.125000
v -29.787222 -11.149988 34.375000
v -33.018391 -10.802884 31.250000
v -26.551773 -11.521872 31.250000
v -29.839931 -10.844704 3.124999
v -29.850094 -10.785851 9.374999
v -33.052235 -10.606860 6.249999
v -26.643730 -10.989281 6.250000
v 96.414574 -7.398394 28.125002
v 96.547134 -8.166115 34.375004
v 93.327179 -7.883961 31.250002
v 99.628944 -7.648195 31.250002
v 71.739120 -11.420489 28.125002
v 71.753235 -11.502202 34.375000
v 68.677544 -12.055573 31.250002
v 74.798813 -10.774398 31.250002
v 71.823074 -11.906714 3.125002
v 71.824570 -11.915355 9.375002
v 68.722168 -12.313998 6.250001
v 74.928833 -11.527459 6.250001
v 46.959366 -14.838456 28.125002
v 46.942547 -14.741038 34.375000
v 43.833420 -15.100770 31.250000
v 50.070858 -14.492438 31.250002
v 21.909893 -16.694344 28.125000
v 21.954708 -16.953890 34.375000
v 18.728266 -16.634176 31.250000
v 25.107515 -16.847143 31.250000
v 21.943316 -16.887907 3.125000
v 21.967537 -17.028191 9.375000
v 18.772255 -16.888947 6.250000
v 25.130060 -16.977713 6.250000
v 46.797180 -13.899121 78.125000
v 46.583122 -12.659396 84.375000
v 43.650875 -14.043529 81.250000
v 49.722843 -12.476829 81.250000
v 22.200052 -18.374868 78.125000
v 22.152420 -18.098993 84.375000
v 19.044809 -18.467512 81.250000
v 25.296333 -17.940735 81.250000
v 22.195774 -18.350088 53.125000
v 22.227243 -18.532345 59.375000
v 19.010523 -18.268921 56.250000
v 25.407263 -18.583202 56.250000
v 96.430145 -7.488588 78.125000
v 96.330360 -6.910646 84.375000
v 93.331985 -7.911777 81.250000
v 99.432663 -6.511368 81.250000
v 71.509514 -10.090663 78.125000
v 71.369423 -9.279307 84.375000
v 68.285217 -9.783313 81.250000
v 74.589035 -9.559436 81.250000
v 71.901138 -12.358832 53.125000
v 71.865158 -12.150432 59.375000
v 68.823349 -12.900027 56.250000
v 74.953003 -11.667460 56.250000
v -55.398254 -9.753469 28.124998
v -55.435387 -9.538427 34.375000
v -58.594746 -9.607219 31.249998
v -52.242443 -9.664139 31.249998
v -81.012054 -8.340975 28.124998
v -81.064621 -8.036537 34.375000
v -84.242622 -7.997314 31.249998
v -77.823906 -8.438899 31.249998
v -81.040169 -8.178125 3.124998
v -81.013802 -8.330849 9.374998
v -84.180038 -8.359783 6.249998
v -77.877396 -8.129105 6.249998
v -54.528408 -14.791361 78.125000
v -54.440239 -15.302049 84.375000
v -57.694408 -14.821686 81.250000
v -51.267262 -15.312098 81.250000
v -80.355263 -12.144890 78.125000
v -80.105637 -13.590667 84.375000
v -83.418480 -12.770483 81.250000
v -77.022614 -13.079737 81.250000
v -81.101974 -7.820167 53.125000
v -81.005333 -8.379893 59.375000
v -84.267693 -7.852131 56.249996
v -77.848732 -8.295115 56.250000
v -3.092624 -18.822184 78.125000
v -3.003094 -19.340714 84.375000
v -6.231864 -19.007513 81.250000
v 0.127546 -19.105576 81.250000
v -28.925087 -16.143221 78.125000
v -28.882191 -16.391666 84.375000
v -32.117950 -16.017956 81.250000
v -25.672113 -16.616606 81.250000
v -29.447071 -13.120049 53.125000
v -29.258715 -14.210945 59.375000
v -32.586792 -13.302565 56.250000
v -26.106663 -14.099829 56.250000
v -55.084225 -11.572246 -71.875000
v -55.110390 -11.420702 -65.625000
v -58.257618 -11.559765 -68.750000
v -51.951370 -11.349955 -68.750000
v -80.201782 -13.033806 -71.875000
v -80.193161 -13.083732 -65.625000
v -83.298523 -13.465255 -68.750000
v -77.091858 -12.678691 -68.750000
v -80.017967 -14.098435 -96.875000
v -80.052330 -13.899392 -90.625000
v -83.181084 -14.145412 -93.750000
v -76.874969 -13.934845 -93.750000
v -55.226875 -10.746054 -21.875002
v -55.303371 -10.303018 -15.625001
v -58.476204 -10.293778 -18.750002
v -52.036556 -10.856565 -18.750002
v -80.559364 -10.962813 -21.875002
v -80.763809 -9.778740 -15.625002
v -83.832397 -10.373203 -18.750002
v -77.492630 -10.357532 -18.750002
v -80.164238 -13.251245 -46.875000
v -80.185440 -13.128488 -40.625000
v -83.294731 -13.487222 -43.750004
v -77.034439 -13.011251 -43.750000
v -3.989652 -13.626852 -21.875000
v -3.895602 -14.171566 -15.625000
v -7.187332 -13.473718 -18.750000
v -0.690318 -14.368741 -18.750000
v -29.759350 -11.311417 -21.875000
v -29.735237 -11.451066 -15.625001
v -32.889057 -11.551928 -18.750000
v -26.578262 -11.368448 -18.750000
v -29.745857 -11.389546 -46.875000
v -29.802698 -11.060345 -40.625000
v -32.949081 -11.204294 -43.750000
v -26.604288 -11.217703 -43.750000
v 46.478745 -12.054854 -71.875000
v 46.549061 -12.462098 -65.625000
v 43.331291 -12.192595 -68.750000
v 49.707352 -12.387128 -68.750000
v 21.209623 -12.638577 -71.875000
v 21.192514 -12.539490 -65.625000
v 18.053396 -12.725517 -68.750000
v 24.335390 -12.375217 -68.750000
v 21.303059 -13.179718 -96.875000
v 21.305527 -13.194016 -90.625000
v 18.198614 -13.566576 -93.750000
v 24.401371 -12.757351 -93.750000
v 46.454887 -11.916678 -21.874998
v 46.452957 -11.905496 -15.624999
v 43.310364 -12.071395 -18.750000
v 49.601990 -11.776900 -18.749998
v 21.539646 -14.549984 -21.875000
v 21.619442 -15.012127 -15.625000
v 18.462282 -15.093676 -18.750000
v 24.675158 -14.343060 -18.750000
v 21.368137 -13.556643 -46.875000
v 21.456490 -14.068365 -40.625000
v 18.246780 -13.845545 -43.750000
v 24.578762 -13.784748 -43.750000
v 97.058487 -11.127750 -21.874998
v 97.091179 -11.317078 -15.624998
v 93.911255 -11.266743 -18.749998
v 100.252960 -11.262295 -18.749998
v 71.789131 -11.710126 -21.874998
v 71.772797 -11.615504 -15.624998
v 68.607643 -11.650744 -18.749998
v 74.951279 -11.657464 -18.749998
v 71.801254 -11.780316 -46.875000
v 71.797714 -11.759816 -40.625000
v 68.653999 -11.919208 -43.750000
v 74.944794 -11.619908 -43.750000
v 97.152588 -11.672756 -46.874996
v 97.030930 -10.968130 -40.624996
v 93.919571 -11.314917 -43.749996
v 100.241943 -11.198467 -43.749996
v 46.614864 -12.843209 -46.875000
v 46.601494 -12.765779 -40.625000
v 43.477180 -13.037547 -43.750000
v 49.749809 -12.633006 -43.750000
v 46.019085 -9.392617 -96.875000
v 46.083504 -9.765712 -90.625000
v 42.906975 -9.735053 -93.750000
v 49.201344 -9.456456 -93.750000
v -4.200409 -12.406210 -46.875000
v -4.225554 -12.260574 -40.625000
v -7.445221 -11.980095 -43.750000
v -0.987606 -12.646937 -43.750000
v -55.067577 -11.668660 -46.875000
v -55.098785 -11.487919 -40.625000
v -58.210915 -11.830242 -43.750000
v -51.943726 -11.394224 -43.750000
v -54.753593 -13.487148 -96.875000
v -54.773960 -13.369184 -90.625000
v -57.938839 -13.406000 -93.750000
v -51.569267 -13.562946 -93.750000
v -3.522221 -16.334087 53.125000
v -3.389263 -17.104139 59.375000
v -6.653722 -16.564230 56.250000
v -0.255265 -16.888451 56.250000
v -55.257744 -10.567268 53.125000
v -55.074024 -11.631329 59.375000
v -58.423187 -10.600837 56.250000
v -51.926769 -11.492435 56.250000
v -55.477581 -9.294040 3.124999
v -55.464092 -9.372170 9.374999
v -58.701218 -8.990565 6.249999
v -52.256130 -9.584863 6.249999
v 96.605278 -8.502892 53.125004
v 96.519623 -8.006788 59.375004
v 93.441025 -8.543325 56.250004
v 99.687836 -7.989273 56.250004
v 47.185532 -16.148346 53.125000
v 47.222450 -16.362175 59.375000
v 44.127663 -16.804939 56.250000
v 50.301476 -15.828103 56.250000
v 46.783073 -13.817426 3.125001
v 46.899067 -14.489226 9.375001
v 43.734516 -14.527957 6.250001
v 49.976562 -13.946298 6.250001
v 96.730591 -9.228670 3.125002
v 96.554886 -8.211023 9.375002
v 93.524567 -9.027161 6.250002
v 99.761017 -8.413086 6.250002
v -3.988473 -13.633683 3.125000
v -4.035162 -13.363276 9.375000
v -7.251055 -13.104652 6.250000
v -0.771133 -13.900689 6.250000
v -3.825659 -14.576642 -96.875000
v -3.837289 -14.509284 -90.625000
v -6.984735 -14.647083 -93.750000
v -0.668862 -14.493002 -93.750000
v 96.684464 -8.961523 -96.875000
v 96.842361 -9.875982 -90.625000
v 93.671425 -9.877705 -93.750000
v 99.867882 -9.032053 -93.750000
v 99.941154 -9.456417 -90.625000
v 93.751366 -10.340693 -90.625000
v 93.589180 -9.401388 -96.875000
v -0.683605 -14.407612 -90.625000
v -6.996446 -14.579262 -90.625000
v -6.990512 -14.613626 -96.875000
v -0.786225 -13.813285 9.375000
v -7.271284 -12.987493 9.375000
v -7.221303 -13.276965 3.125000
v 99.686066 -7.979006 9.375002
v 93.432411 -8.493406 9.375002
v 93.618454 -9.570940 3.125002
v 50.031796 -14.266194 9.375001
v 43.777767 -14.778453 9.375001
v 43.674377 -14.179637 3.125001
v 50.302330 -15.833055 59.375000
v 44.140411 -16.878765 59.375000
v 44.094696 -16.613998 53.125000
v 99.640785 -7.716763 59.375004
v 93.403046 -8.323338 59.375004
v 93.479942 -8.768694 53.125004
v -52.247353 -9.635698 9.374999
v -58.683472 -9.093329 9.374999
v -58.705444 -8.966084 3.124999
v -51.820160 -12.109870 59.375000
v -58.333065 -11.122790 59.375000
v -58.495247 -10.183474 53.125000
v -0.202540 -17.193815 59.375000
v -6.586290 -16.954775 59.375000
v -6.731193 -16.115543 53.125000
v -51.585182 -13.470773 -90.625000
v -57.959785 -13.284688 -90.625000
v -57.934822 -13.429272 -96.875000
v -51.954643 -11.330996 -40.625000
v -58.238415 -11.670980 -40.625000
v -58.193592 -11.930580 -46.875000
v -0.988798 -12.640036 -40.625000
v -7.457726 -11.907674 -40.625000
v -7.422513 -12.111616 -46.875000
v 49.258766 -9.789023 -90.625000
v 42.933979 -9.891465 -90.625000
v 42.896328 -9.673392 -96.875000
v 49.744793 -12.603972 -40.625000
v 43.461857 -12.948781 -40.625000
v 43.480526 -13.056918 -46.875000
v 100.197990 -10.943907 -40.624996
v 93.860016 -10.969992 -40.624996
v 93.994583 -11.749348 -46.874996
v 74.934914 -11.562676 -40.625000
v 68.661644 -11.963500 -40.625000
v 68.646927 -11.878228 -46.875000
v 74.954521 -11.676225 -15.624998
v 68.590858 -11.553527 -15.624998
v 68.628204 -11.769814 -21.874998
v 100.248100 -11.234154 -15.624998
v 93.933006 -11.392717 -15.624998
v 93.878502 -11.077032 -21.874998
v 24.611238 -13.972860 -40.625000
v 18.291191 -14.102760 -40.625000
v 18.197540 -13.560368 -46.875000
v 24.724182 -14.626986 -15.624999
v 18.504709 -15.339403 -15.625000
v 18.427780 -14.893847 -21.875000
v 49.596649 -11.745952 -15.624999
v 43.325127 -12.156884 -15.624999
v 43.307598 -12.055377 -21.875000
v 24.402113 -12.761656 -90.625000
v 18.195848 -13.550558 -90.625000
v 18.196419 -13.553865 -96.875000
v 24.340679 -12.405853 -65.625000
v 18.046663 -12.686528 -65.625000
v 18.072788 -12.837837 -71.875000
v 49.723213 -12.478972 -65.625000
v 43.372322 -12.430223 -65.625000
v 43.284737 -11.922952 -71.875000
v -26.640205 -11.009691 -40.625000
v -32.966206 -11.105114 -40.625000
v -32.930935 -11.309397 -46.875000
v -26.563240 -11.455460 -15.625001
v -32.893188 -11.528009 -15.625001
v -32.900856 -11.483595 -21.875000
v -0.652911 -14.585393 -15.625000
v -7.145555 -13.715678 -15.625000
v -7.242641 -13.153379 -21.875000
v -77.053192 -12.902614 -40.625000
v -83.313797 -13.376799 -40.625004
v -83.289902 -13.515180 -46.875004
v -77.592941 -9.776578 -15.625002
v -83.938522 -9.758595 -15.625002
v -83.725952 -10.989738 -21.875002
v -52.072674 -10.647401 -15.625001
v -58.528301 -9.992043 -15.625001
v -58.433636 -10.540316 -21.875002
v -76.897255 -13.805756 -90.625000
v -83.199356 -14.039618 -90.625000
v -83.166054 -14.232482 -96.875000
v -77.080025 -12.747223 -65.625000
v -83.292099 -13.502469 -65.625000
v -83.299225 -13.461190 -71.875000
v -51.965996 -11.265241 -65.625000
v -58.250484 -11.601080 -65.625000
v -58.246040 -11.626818 -71.875000
v -26.018309 -14.611544 59.375000
v -32.487041 -13.880293 59.375000
v -32.687149 -12.721329 53.125000
v -25.653269 -16.725742 84.375000
v -32.094353 -16.154646 84.375000
v -32.141159 -15.883541 78.125000
v 0.171194 -19.358374 84.375000
v -6.197193 -19.208317 84.375000
v -6.277605 -18.742592 78.125000
v -77.787514 -8.649666 59.375000
v -84.209831 -8.187229 59.374996
v -84.302513 -7.650468 53.124996
v -76.913063 -13.714233 84.375000
v -83.292847 -13.498123 84.375000
v -83.555580 -11.976473 78.125000
v -51.235867 -15.493949 84.375000
v -57.649651 -15.080938 84.375000
v -57.755867 -14.465742 78.125000
v -77.857231 -8.245871 9.374998
v -84.167435 -8.432791 9.374998
v -84.190544 -8.298944 3.124998
v -77.844612 -8.318973 34.375000
v -84.267296 -7.854434 34.374996
v -84.210182 -8.185185 28.124998
v -52.261276 -9.555073 34.375000
v -58.609520 -9.521652 34.375000
v -58.578415 -9.701806 28.124998
v 74.927017 -11.516921 59.375000
v 68.798279 -12.754832 59.375000
v 68.829857 -12.937724 53.125000
v 74.526268 -9.195939 84.375000
v 68.214989 -9.376609 84.375000
v 68.369080 -10.269050 78.125000
v 99.367271 -6.132654 84.375000
v 93.276085 -7.588028 84.375000
v 93.364662 -8.101030 78.125000
v 25.419115 -18.651842 59.375000
v 19.021069 -18.330006 59.375000
v 18.990669 -18.153940 53.125000
v 25.252401 -17.686287 84.375000
v 19.041904 -18.450684 84.375000
v 19.047535 -18.483288 78.125000
v 49.627216 -11.923011 84.375000
v 43.548702 -13.451793 84.375000
v 43.763084 -14.693404 78.125000
v 25.135017 -17.006422 9.375001
v 18.771341 -16.883648 9.375000
v 18.756907 -16.800051 3.125000
v 25.135059 -17.006670 34.375000
v 18.754787 -16.787786 34.375000
v 18.710976 -16.534037 28.125000
v 50.057053 -14.412471 34.375000
v 43.835175 -15.110930 34.375000
v 43.835487 -15.112752 28.125000
v 74.903755 -11.382230 9.375002
v 68.737167 -12.400893 9.375002
v 68.695587 -12.160089 3.125001
v 74.825096 -10.926641 34.375000
v 68.677063 -12.052773 34.375000
v 68.687439 -12.112889 28.125002
v 99.690758 -8.006195 34.375004
v 93.403236 -8.324453 34.375004
v 93.262085 -7.506926 28.125002
v -26.643705 -10.989422 9.374999
v -33.049042 -10.625350 9.374999
v -33.039356 -10.681442 3.124999
v -26.546530 -11.552238 34.375000
v -33.028641 -10.743515 34.375000
v -33.003956 -10.886471 28.125000
v -0.697581 -14.326686 34.375000
v -7.171645 -13.564575 34.375000
v -7.241680 -13.158954 28.125000
v -26.155521 -13.816828 -90.625000
v -32.526230 -13.653310 -90.625000
v -32.533054 -13.613787 -96.875000
v -26.473583 -11.974705 -65.625000
v -32.880280 -11.602780 -65.625000
v -32.816151 -11.974189 -71.875000
v -0.908342 -13.106009 -65.625000
v -7.304799 -12.793371 -65.625000
v -7.251113 -13.104305 -71.875000
v 75.007713 -11.984303 -90.625000
v 68.583717 -11.512141 -90.625000
v 68.348419 -10.149383 -96.875000
v 75.234322 -13.296773 -65.625000
v 68.832977 -12.955779 -65.625000
v 68.920471 -13.462525 -71.875000
v 100.531593 -12.876049 -65.625000
v 94.305489 -13.550016 -65.625000
v 94.241066 -13.176922 -71.875000
v 88.007950 -13.810310 -65.625000
v 81.636322 -13.641476 -65.625000
v 81.681503 -13.903154 -71.875000
v 87.821335 -12.729486 -53.124996
v 81.419998 -12.388592 -53.125000
v 81.534348 -13.050882 -59.375000
v 100.438904 -12.339218 -53.124996
v 94.160522 -12.710409 -53.124996
v 94.276917 -13.384552 -59.374996
v 62.445301 -12.694030 -65.625000
v 56.072487 -12.518312 -65.625000
v 56.090099 -12.620330 -71.875000
v 62.315029 -11.939536 -53.125000
v 55.991390 -12.048621 -53.125000
v 56.016579 -12.194520 -59.375000
v 75.018181 -12.044948 -53.125000
v 68.650848 -11.900964 -53.125000
v 68.715744 -12.276832 -59.375000
v 62.109222 -10.747546 -90.625000
v 55.667480 -10.172620 -90.625000
v 55.501831 -9.213222 -96.875000
v 62.472561 -12.851912 -78.125000
v 56.029018 -12.266561 -78.125000
v 55.877827 -11.390889 -84.375000
v 75.319923 -13.792542 -78.125000
v 68.919846 -13.458926 -78.125000
v 68.803253 -12.783648 -84.375000
v -13.695120 -12.516281 -65.625000
v -20.081139 -12.264106 -65.625000
v -20.024975 -12.589383 -71.875000
v -13.758853 -12.147163 -53.125000
v -20.130779 -11.976595 -53.125000
v -20.097990 -12.166500 -59.375000
v -0.936058 -12.945484 -53.125000
v -7.363598 -12.452834 -53.125000
v -7.325057 -12.676053 -59.375000
v -39.294350 -11.188154 -65.625000
v -45.653980 -11.088793 -65.625000
v -45.571922 -11.564051 -71.875000
v -39.320938 -11.034167 -53.125000
v -45.664444 -11.028194 -53.125000
v -45.670563 -10.992748 -59.375000
v -26.504257 -11.797053 -53.125000
v -32.901260 -11.481256 -53.125000
v -32.893021 -11.528991 -59.375000
v -38.862038 -13.691957 -90.625000
v -45.213066 -13.642397 -90.625000
v -45.207420 -13.675114 -96.875000
v -39.061974 -12.534010 -78.125000
v -45.428074 -12.397168 -78.125000
v -45.279182 -13.259477 -84.375000
v -26.316607 -12.883873 -78.125000
v -32.699146 -12.651844 -78.125000
v -32.576740 -13.360771 -84.375000
v -13.621158 -12.944663 34.375000
v -20.075521 -12.296646 34.375000
v -20.116062 -12.061844 28.125000
v -13.367666 -14.412806 46.875000
v -19.858696 -13.552441 46.875000
v -20.001867 -12.723230 40.625000
v -0.464475 -15.676764 46.875000
v -6.906431 -15.100616 46.875000
v -7.071895 -14.142299 40.625000
v -39.493828 -10.032838 34.375000
v -45.898640 -9.671791 34.375000
v -45.850342 -9.951530 28.124998
v -39.329330 -10.985563 46.875000
v -45.756062 -10.497555 46.875000
v -45.874535 -9.811405 40.625000
v -26.367796 -12.587417 46.875000
v -32.869373 -11.665934 46.875000
v -32.994518 -10.941135 40.625000
v -39.432369 -10.388781 9.374999
v -45.828423 -10.078470 9.374999
v -45.817478 -10.141863 3.124999
v -39.412048 -10.506470 21.875000
v -45.807682 -10.198602 21.874998
v -45.805748 -10.209797 15.624999
v -26.570240 -11.414914 21.875000
v -32.990200 -10.966146 21.875000
v -33.012733 -10.835635 15.624999
v 87.148148 -8.830626 34.375004
v 80.969696 -9.780558 34.375000
v 80.874939 -9.231773 28.125002
v 87.294189 -9.676453 46.875004
v 81.112999 -10.610538 46.875000
v 81.072746 -10.377411 40.625000
v 99.794434 -8.606667 46.875004
v 93.535973 -9.093220 46.875004
v 93.522705 -9.016359 40.625004
v 62.503799 -13.032842 34.375000
v 56.294979 -13.806930 34.375000
v 56.347023 -14.108354 28.125002
v 62.607697 -13.634576 46.875000
v 56.398258 -14.405093 46.875000
v 56.308865 -13.887338 40.625000
v 74.956436 -11.687348 46.875000
v 68.793289 -12.725936 46.875000
v 68.721237 -12.308637 40.625000
v 62.537331 -13.227044 9.375001
v 56.307281 -13.878188 9.375001
v 56.177929 -13.129003 3.125001
v 62.593075 -13.549907 21.875002
v 56.390762 -14.361663 21.875002
v 56.381977 -14.310786 15.625001
v 74.791206 -10.730346 21.875002
v 68.718208 -12.291104 21.875002
v 68.740982 -12.422976 15.625002
v 37.637569 -15.950003 34.375000
v 31.427759 -16.718370 34.375000
v 31.380213 -16.442995 28.125000
v 37.803875 -16.913208 46.875000
v 31.598625 -17.707983 46.875000
v 31.495010 -17.107870 40.625000
v 50.182487 -15.138947 46.875000
v 43.985916 -15.983977 46.875000
v 43.873074 -15.330426 40.625000
v 12.304656 -16.164286 34.375000
v 5.808673 -15.275229 34.375000
v 5.755849 -14.969288 28.125000
v 12.476147 -17.157511 46.875000
v 6.003644 -16.404438 46.875000
v 5.888000 -15.734665 40.625000
v 25.306179 -17.997749 46.875000
v 18.920982 -17.750334 46.875000
v 18.828430 -17.214300 40.625000
v 12.301666 -16.146965 9.375000
v 5.761319 -15.000964 9.375000
v 5.786011 -15.143973 3.125000
v 12.249746 -15.846262 21.875000
v 5.732727 -14.835371 21.875000
v 5.738750 -14.870248 15.625000
v 25.081463 -16.696253 21.875000
v 18.707972 -16.516640 21.875000
v 18.738522 -16.693575 15.625000
v 37.492302 -15.108692 84.375000
v 31.411655 -16.625111 84.375000
v 31.560482 -17.487066 78.125000
v 37.217369 -13.516359 96.875000
v 31.173824 -15.247667 96.875000
v 31.280680 -15.866541 90.625000
v 49.435753 -10.814124 96.875000
v 43.293289 -11.972520 96.875000
v 43.392155 -12.545108 90.625000
v 12.789639 -18.973167 84.375000
v 6.497851 -19.266747 84.375000
v 6.399973 -18.699865 78.125000
v 12.790869 -18.980286 96.875000
v 6.501237 -19.286358 96.875000
v 6.548202 -19.558363 90.625000
v 25.097818 -16.790993 96.875000
v 18.984142 -18.116138 96.875000
v 19.030132 -18.382504 90.625000
v 12.595337 -17.847824 59.375000
v 6.183190 -17.444323 59.375000
v 6.109934 -17.020041 53.125000
v 12.662977 -18.239578 71.875000
v 6.299337 -18.117008 71.875000
v 6.232751 -17.731363 65.625000
v 25.410866 -18.604065 71.875000
v 19.047493 -18.483053 71.875000
v 19.028618 -18.373730 65.625000
v 87.084969 -8.464710 84.375000
v 80.826561 -8.951588 84.375000
v 80.926788 -9.532059 78.125000
v 86.705528 -6.267107 96.875000
v 80.511513 -7.126902 96.875000
v 80.678856 -8.096098 90.625000
v 99.007660 -4.049866 96.875000
v 92.886574 -5.332117 96.875000
v 93.101913 -6.579262 90.625000
v 61.940136 -9.768300 84.375000
v 55.753025 -10.668113 84.375000
v 55.941338 -11.758739 78.125000
v 61.840137 -9.189145 96.875000
v 55.632679 -9.971103 96.875000
v 55.660614 -10.132901 90.625000
v 74.300484 -7.888227 96.875000
v 68.070847 -8.541749 96.875000
v 68.121773 -8.836719 90.625000
v 62.643379 -13.841243 59.375000
v 56.466160 -14.798356 59.375000
v 56.470829 -14.825398 53.125000
v 62.346634 -12.122592 71.875000
v 56.180569 -13.144286 71.875000
v 56.365349 -14.214484 65.625000
v 74.767258 -10.591666 71.875000
v 68.552765 -11.332868 71.875000
v 68.698647 -12.177773 65.625000
v -64.972961 -9.400235 34.375000
v -71.385902 -8.992129 34.375000
v -71.360207 -9.140953 28.124998
v -64.998474 -9.252503 46.875000
v -71.435547 -8.704596 46.875000
v -71.396507 -8.930692 40.625000
v -52.168610 -10.091751 46.875000
v -58.579781 -9.693889 46.875000
v -58.603794 -9.554803 40.625000
v -90.602425 -7.897006 34.374996
v -96.838524 -8.513073 34.374996
v -96.807587 -8.692286 28.124998
v -90.640732 -7.675127 46.874996
v -96.880890 -8.267711 46.874996
v -96.834053 -8.538986 40.624996
v -77.893753 -8.034351 46.875000
v -84.309143 -7.612044 46.874996
v -84.275421 -7.807375 40.624996
v -90.473221 -8.645321 9.374998
v -96.775414 -8.878595 9.374998
v -96.787308 -8.809723 3.124998
v -90.491577 -8.538986 21.874998
v -96.772736 -8.894114 21.874998
v -96.763435 -8.947974 15.624998
v -77.774948 -8.722450 21.874998
v -84.155563 -8.501535 21.874998
v -84.142906 -8.574825 15.624998
v -64.080025 -14.571890 84.375000
v -70.510933 -14.059693 84.375000
v -70.699875 -12.965391 78.125000
v -63.990784 -15.088728 96.875000
v -70.330757 -15.103201 96.875000
v -70.391922 -14.748949 90.625000
v -51.199116 -15.706800 96.875000
v -57.609833 -15.311558 96.875000
v -57.607979 -15.322283 90.625000
v -89.645393 -13.439835 84.375000
v -95.947792 -13.671935 84.375000
v -96.217659 -12.108934 78.125000
v -89.297829 -15.452831 96.875000
v -95.610199 -15.627172 96.875000
v -95.744621 -14.848643 90.625000
v -76.642540 -15.281005 96.875000
v -82.963646 -15.404756 96.875000
v -83.096642 -14.634480 90.625000
v -90.569267 -8.089036 59.374996
v -96.853531 -8.426190 59.374996
v -96.906792 -8.117723 53.124996
v -90.201836 -10.217072 71.875000
v -96.500641 -10.470024 71.875000
v -96.710983 -9.251778 65.625000
v -77.399010 -10.899755 71.875000
v -83.829315 -10.391082 71.875000
v -84.038986 -9.176712 65.625000
v -12.657904 -18.523544 84.375000
v -19.161076 -17.592855 84.375000
v -19.204763 -17.339823 78.125000
v -12.716930 -18.181679 96.875000
v -19.189745 -17.426809 96.875000
v -19.149460 -17.660126 90.625000
v 0.138021 -19.166245 96.875000
v -6.256851 -18.862793 96.875000
v -6.178984 -19.313778 90.625000
v -38.469349 -15.966340 84.375000
v -44.843212 -15.784525 84.375000
v -44.900555 -15.452393 78.125000
v -38.376808 -16.502302 96.875000
v -44.778267 -16.160679 96.875000
v -44.800468 -16.032089 90.625000
v -25.629713 -16.862173 96.875000
v -32.018436 -16.594341 96.875000
v -32.046234 -16.433334 90.625000
v -38.902466 -13.457838 59.375000
v -45.339634 -12.909389 59.375000
v -45.566029 -11.598171 53.125000
v -38.585499 -15.293607 71.875000
v -44.984428 -14.966639 71.875000
v -45.126728 -14.142484 65.625000
v -25.753544 -16.144978 71.875000
v -32.198799 -15.549694 71.875000
v -32.310532 -14.902586 65.625000
v -64.528366 -11.975208 -65.625000
v -70.815964 -12.293033 -65.625000
v -70.835312 -12.180989 -71.875000
v -64.441010 -12.481139 -53.125000
v -70.740730 -12.728768 -53.125000
v -70.758308 -12.626945 -59.375000
v -51.941284 -11.408361 -53.125000
v -58.186615 -11.970979 -53.125000
v -58.205826 -11.859715 -59.375000
v -89.452606 -14.556421 -65.625000
v -95.588509 -15.752795 -65.625000
v -95.588051 -15.755450 -71.875000
v -89.501671 -14.272223 -53.125004
v -95.670708 -15.276743 -53.125004
v -95.617004 -15.587748 -59.375004
v -77.039970 -12.979194 -53.125000
v -83.296982 -13.474195 -53.125004
v -83.280289 -13.570873 -59.375004
v -89.452560 -14.556680 -90.625000
v -95.635330 -15.481636 -90.625000
v -95.623116 -15.552389 -96.875000
v -89.460793 -14.508986 -78.125000
v -95.603127 -15.668121 -78.125000
v -95.623016 -15.552953 -84.375000
v -77.045105 -12.949462 -78.125000
v -83.277336 -13.587954 -78.125000
v -83.234222 -13.837673 -84.375000
v -64.936760 -9.609921 -15.625002
v -71.266350 -9.684551 -15.625002
v -71.097466 -10.662675 -21.875002
v -65.141129 -8.426282 -3.125001
v -71.530464 -8.154877 -3.125002
v -71.429939 -8.737100 -9.375002
v -52.220364 -9.792024 -3.125001
v -58.690830 -9.050711 -3.125001
v -58.628593 -9.411182 -9.375001
v -90.286095 -9.729086 -15.625002
v -96.592369 -9.938725 -15.625002
v -96.353355 -11.323052 -21.875002
v -90.506622 -8.451858 -3.125002
v -96.808319 -8.688034 -3.125002
v -96.755142 -8.996019 -9.375002
v -77.868019 -8.183399 -3.125002
v -84.189278 -8.306286 -3.125002
v -84.108582 -8.773623 -9.375002
v -89.554367 -13.967033 -40.625004
v -95.766144 -14.723994 -40.625004
v -95.698715 -15.114528 -46.875004
v -89.852310 -12.241417 -28.125002
v -96.121506 -12.665830 -28.125002
v -95.910889 -13.885685 -34.375004
v -77.261635 -11.695387 -28.125002
v -83.552582 -11.993834 -28.125002
v -83.404167 -12.853395 -34.375004
v -13.671084 -12.655497 -15.625000
v -20.158108 -11.818333 -15.625001
v -20.233822 -11.379819 -21.875000
v -13.648980 -12.783516 -3.125000
v -20.141081 -11.916950 -3.125000
v -20.127922 -11.993158 -9.375001
v -0.674914 -14.457960 -3.125000
v -7.149955 -13.690193 -3.125000
v -7.114056 -13.898111 -9.375000
v -39.213814 -11.654592 -15.625001
v -45.618221 -11.295894 -15.625001
v -45.586208 -11.481304 -21.875002
v -39.354359 -10.840611 -3.125001
v -45.765709 -10.441696 -3.125001
v -45.690712 -10.876046 -9.375001
v -26.592951 -11.283381 -3.125001
v -32.991070 -10.961106 -3.125001
v -32.933285 -11.295788 -9.375001
v -39.315849 -11.063635 -40.625000
v -45.648811 -11.118718 -40.625000
v -45.655357 -11.080805 -46.875000
v -39.261658 -11.377501 -28.125000
v -45.622677 -11.270092 -28.125002
v -45.642403 -11.155850 -34.375000
v -26.682671 -10.763754 -28.125000
v -32.966431 -11.103816 -28.125000
v -32.986263 -10.988958 -34.375000
v 37.011475 -12.323870 -65.625000
v 30.656715 -12.252707 -65.625000
v 30.609253 -11.977823 -71.875000
v 37.150120 -13.126862 -53.125000
v 30.796352 -13.061447 -53.125000
v 30.730501 -12.680054 -59.375000
v 49.727016 -12.501004 -53.125000
v 43.460609 -12.941573 -53.125000
v 43.432457 -12.778518 -59.375000
v 11.753041 -12.969481 -65.625000
v 5.441288 -13.147428 -65.625000
v 5.464426 -13.281439 -71.875000
v 11.780715 -13.129766 -53.125000
v 5.441656 -13.149566 -53.125000
v 5.448413 -13.188696 -59.375000
v 24.440248 -12.982519 -53.125000
v 18.106627 -13.033820 -53.125000
v 18.065260 -12.794238 -59.375000
v 11.937072 -14.035333 -90.625000
v 5.635407 -14.271708 -90.625000
v 5.650648 -14.359977 -96.875000
v 11.852781 -13.547146 -78.125000
v 5.530116 -13.661893 -78.125000
v 5.605342 -14.097582 -84.375000
v 24.384094 -12.657295 -78.125000
v 18.139471 -13.224041 -78.125000
v 18.199858 -13.573776 -84.375000
v 37.115158 -12.924364 -15.624999
v 30.933985 -13.858578 -15.624999
v 30.853724 -13.393726 -21.875000
v 37.364624 -14.369188 -3.124999
v 31.214975 -15.485992 -3.124999
v 31.065840 -14.622240 -9.374999
v 49.750858 -12.639091 -3.124999
v 43.527729 -13.330298 -3.124999
v 43.399448 -12.587346 -9.374999
v 12.213091 -15.633963 -15.625000
v 5.819088 -15.335539 -15.625000
v 5.739385 -14.873924 -21.875000
v 12.300592 -16.140745 -3.125000
v 5.828762 -15.391573 -3.125000
v 5.848692 -15.507000 -9.375000
v 24.993038 -16.184126 -3.125000
v 18.692507 -16.427061 -3.125000
v 18.600929 -15.896673 -9.375000
v 11.917378 -13.921280 -40.625000
v 5.483684 -13.392978 -40.625000
v 5.448719 -13.190470 -46.875000
v 12.066729 -14.786266 -28.125000
v 5.636242 -14.276548 -28.125000
v 5.547402 -13.762019 -34.375000
v 24.628222 -14.071218 -28.125000
v 18.389799 -14.673870 -28.125000
v 18.355398 -14.474632 -34.375000
v 87.632492 -11.635801 -15.624998
v 81.307114 -11.734795 -15.624998
v 81.260101 -11.462498 -21.874998
v 87.546867 -11.139891 -3.124998
v 81.268379 -11.510460 -3.124998
v 81.316963 -11.791834 -9.374998
v 100.029549 -9.968374 -3.124998
v 93.800995 -10.628139 -3.124998
v 93.915192 -11.289537 -9.374998
v 62.239090 -11.499738 -15.624999
v 55.916054 -11.612298 -15.624999
v 55.966480 -11.904366 -21.874998
v 62.306274 -11.888843 -3.124999
v 56.025101 -12.243871 -3.124999
v 55.927219 -11.676967 -9.374999
v 74.959198 -11.703307 -3.124998
v 68.628502 -11.771529 -3.124999
v 68.586411 -11.527764 -9.374998
v 62.375942 -12.292333 -40.625000
v 56.049606 -12.385810 -40.625000
v 56.020935 -12.219754 -46.875000
v 62.351673 -12.151778 -28.124998
v 56.011448 -12.164800 -28.124998
v 56.046169 -12.365888 -34.375000
v 74.941177 -11.598964 -28.124998
v 68.656792 -11.935401 -28.124998
v 68.668388 -12.002553 -34.375000
v 87.532608 -11.057268 -40.624996
v 81.222580 -11.245205 -40.625000
v 81.303543 -11.714132 -46.875000
v 87.502853 -10.884968 -28.124998
v 81.218483 -11.221464 -28.124998
v 81.196770 -11.095705 -34.375000
v 100.194389 -10.923061 -28.124998
v 93.819580 -10.735796 -28.124998
v 93.801369 -10.630312 -34.374996
v 37.186710 -13.338768 -40.625000
v 30.906359 -13.698576 -40.625000
v 30.869858 -13.487158 -46.875000
v 37.067959 -12.651003 -28.125000
v 30.849030 -13.366537 -28.125000
v 30.889734 -13.602297 -34.375000
v 49.651756 -12.065116 -28.124998
v 43.329670 -12.183198 -28.125000
v 43.400261 -12.592032 -34.375000
v 36.711971 -10.589197 -90.625000
v 30.560390 -11.694824 -90.625000
v 30.560255 -11.694036 -96.875000
v 36.850784 -11.393192 -78.125000
v 30.598610 -11.916174 -78.125000
v 30.595554 -11.898483 -84.375000
v 49.581509 -11.658265 -78.125000
v 43.178234 -11.306123 -78.125000
v 43.055626 -10.595992 -84.375000
v -13.900736 -11.325418 -40.625000
v -20.294756 -11.026912 -40.625000
v -20.210175 -11.516767 -46.875000
v -13.876356 -11.466618 -28.125000
v -20.327410 -10.837784 -28.125000
v -20.344721 -10.737522 -34.375000
v -0.864996 -13.357056 -28.125000
v -7.365121 -12.444013 -28.125000
v -7.441766 -12.000107 -34.375000
v -64.509850 -12.082441 -40.625000
v -70.781860 -12.490538 -40.625000
v -70.739723 -12.734595 -46.875000
v -64.725487 -10.833548 -28.125002
v -70.993172 -11.266711 -28.125002
v -70.875946 -11.945624 -34.375000
v -52.012745 -10.994481 -28.125002
v -58.392250 -10.780015 -28.125002
v -58.315971 -11.221801 -34.375000
v -64.302292 -13.284565 -90.625000
v -70.586800 -13.620280 -90.625000
v -70.556320 -13.796816 -96.875000
v -64.498024 -12.150969 -78.125000
v -70.778214 -12.511694 -78.125000
v -70.669968 -13.138625 -84.375000
v -51.799911 -12.227147 -78.125000
v -58.164669 -12.098083 -78.125000
v -58.041611 -12.810774 -84.375000
v -13.032167 -16.355919 59.375000
v -19.520910 -15.508801 59.375000
v -19.686554 -14.549437 53.125000
v -12.805548 -17.668436 71.875000
v -19.275782 -16.928509 71.875000
v -19.381777 -16.314617 65.625000
v -0.037005 -18.152544 71.875000
v -6.383196 -18.131042 71.875000
v -6.479100 -17.575592 65.625000
v -64.847603 -10.126312 59.375000
v -71.325745 -9.340561 59.375000
v -71.427483 -8.751302 53.125000
v -64.434624 -12.518160 71.875000
v -70.929054 -11.638073 71.875000
v -71.141617 -10.406940 65.625000
v -51.429665 -14.371506 71.875000
v -57.921124 -13.508635 71.875000
v -58.120876 -12.351732 65.625000
v -65.119011 -8.554396 9.374998
v -71.519775 -8.216784 9.374998
v -71.554390 -8.016308 3.124998
v -64.963692 -9.453931 21.874998
v -71.368813 -9.091099 21.874998
v -71.433304 -8.717587 15.624998
v -52.189480 -9.970891 21.874998
v -58.571800 -9.740102 21.874998
v -58.616425 -9.481653 15.624999
v 87.193794 -9.094984 59.375004
v 81.047607 -10.231812 59.375000
v 81.096954 -10.517635 53.125000
v 87.174644 -8.984085 71.875000
v 80.974770 -9.809973 71.875000
v 80.997116 -9.939367 65.625000
v 99.537086 -7.116175 71.875000
v 93.370949 -8.137463 71.875000
v 93.354851 -8.044239 65.625000
v 37.957882 -17.805161 59.375000
v 31.728527 -18.460339 59.375000
v 31.687307 -18.221601 53.125000
v 37.861519 -17.247049 71.875000
v 31.683613 -18.200211 71.875000
v 31.722889 -18.427683 65.625000
v 50.071274 -14.494842 71.875000
v 43.978611 -15.941674 71.875000
v 44.101395 -16.652809 65.625000
v 37.572285 -15.571905 9.375001
v 31.385319 -16.472563 9.375001
v 31.337627 -16.196354 3.125001
v 37.595173 -15.704466 21.875000
v 31.363834 -16.348137 21.875000
v 31.375534 -16.415901 15.625001
v 50.115723 -14.752278 21.875002
v 43.839760 -15.137479 21.875000
v 43.826786 -15.062345 15.625001
v 87.208290 -9.178923 9.375002
v 81.048073 -10.234501 9.375002
v 81.169434 -10.937389 3.125002
v 86.967964 -7.787060 21.875002
v 80.853401 -9.107037 21.875002
v 80.921173 -9.499542 15.625002
v 99.521774 -7.027472 21.875002
v 93.204544 -7.173695 21.875002
v 93.269814 -7.551704 15.625002
v -13.746301 -12.219867 9.375000
v -20.208050 -11.529078 9.374999
v -20.180147 -11.690689 3.125000
v -13.728660 -12.322042 21.875000
v -20.152933 -11.848305 21.875000
v -20.189346 -11.637409 15.624999
v -0.797624 -13.747266 21.875000
v -7.283786 -12.915089 21.875000
v -7.293086 -12.861222 15.625000
v -13.362001 -14.445602 -90.625000
v -19.759018 -14.129724 -90.625000
v -19.771355 -14.058278 -96.875000
v -13.527234 -13.488625 -78.125000
v -19.921070 -13.191171 -78.125000
v -19.808886 -13.840915 -84.375000
v -0.811250 -13.668331 -78.125000
v -7.153326 -13.670657 -78.125000
v -7.047438 -14.283934 -84.375000
v 87.562546 -11.230690 -90.625000
v 81.332092 -11.879444 -90.625000
v 81.133766 -10.730799 -96.875000
v 87.891594 -13.136442 -78.125000
v 81.642067 -13.674749 -78.125000
v 81.516373 -12.946768 -84.375000
v 100.268761 -11.353817 -78.125000
v 94.098930 -12.353697 -78.125000
v 93.917824 -11.304790 -84.375000
v 100.088058 -10.307249 -84.375000
v 87.733971 -12.223503 -84.375000
v 87.393227 -10.250042 -96.875000
v -0.726795 -14.157469 -84.375000
v -13.413918 -14.144918 -84.375000
v -13.367605 -14.413145 -96.875000
v -0.804658 -13.706521 15.625000
v -13.751773 -12.188172 15.625000
v -13.703110 -12.470016 3.125000
v 99.563316 -7.268101 15.625002
v 87.042877 -8.220928 15.625002
v 87.385071 -10.202801 3.125002
v 50.101669 -14.670896 15.625001
v 37.591434 -15.682804 15.625001
v 37.498505 -15.144587 3.125001
v 50.231918 -15.425242 65.625000
v 37.940845 -17.706491 65.625000
v 37.908134 -17.517052 53.125000
v 99.563850 -7.271183 65.625000
v 87.156258 -8.877579 65.625000
v 87.254639 -9.447350 53.125004
v -52.206028 -9.875051 15.624999
v -65.031410 -9.061754 15.624998
v -65.152893 -8.358126 3.124999
v -51.601688 -13.375187 65.625000
v -64.649963 -11.270951 65.625000
v -64.968826 -9.424223 53.125000
v -0.120342 -17.669880 65.625000
v -12.908272 -17.073492 65.625000
v -13.189486 -15.444777 53.125000
v -51.660069 -13.037046 -84.375000
v -64.387909 -12.788678 -84.375000
v -64.271576 -13.462458 -96.875000
v -51.987232 -11.142237 -34.375000
v -64.613869 -11.480002 -34.375000
v -64.451378 -12.421111 -46.875000
v -0.953144 -12.846532 -34.375000
v -13.922081 -11.201797 -34.375000
v -13.834400 -11.709619 -46.875000
v 49.430813 -10.785466 -84.375000
v 36.783699 -11.004622 -84.375000
v 36.706390 -10.556881 -96.875000
v 49.707184 -12.386140 -34.375000
v 37.133148 -13.028555 -34.375000
v 37.190842 -13.362690 -46.875000
v 100.164673 -10.750956 -34.374996
v 87.480698 -10.756641 -34.374996
v 87.659706 -11.793419 -46.874996
v 74.931938 -11.545432 -34.375000
v 62.381073 -12.322047 -34.375000
v 62.341946 -12.095433 -46.875000
v 74.959839 -11.707025 -9.374998
v 62.231735 -11.457141 -9.374999
v 62.301910 -11.863557 -21.874998
v 100.177299 -10.824068 -9.374998
v 87.636429 -11.658567 -9.374998
v 87.564659 -11.242920 -21.874998
v 24.637438 -14.124598 -34.375000
v 11.995581 -14.374202 -34.375000
v 11.838923 -13.466890 -46.875000
v 24.853058 -15.373404 -9.374999
v 12.270428 -15.966042 -9.375000
v 12.138344 -15.201046 -21.875000
v 49.636597 -11.977334 -9.374999
v 37.223606 -13.552460 -9.374999
v 37.060291 -12.606598 -21.875000
v 24.421953 -12.876560 -84.375000
v 11.923474 -13.956580 -84.375000
v 11.945822 -14.086010 -96.875000
v 24.381193 -12.640491 -59.375000
v 11.762760 -13.025774 -59.375000
v 11.782177 -13.138229 -71.875000
v 49.727947 -12.506396 -59.375000
v 37.096790 -12.817976 -59.375000
v 36.923721 -11.815630 -71.875000
v -26.690134 -10.720524 -34.375000
v -39.300426 -11.152954 -34.375000
v -39.320328 -11.037697 -46.875000
v -26.564156 -11.450150 -9.375001
v -39.276657 -11.290619 -9.375001
v -39.202118 -11.722325 -21.875000
v -0.631438 -14.709760 -9.375000
v -13.630849 -12.888530 -9.375000
v -13.765800 -12.106930 -21.875000
v -77.136040 -12.422815 -34.375000
v -89.670723 -13.293125 -34.375004
v -89.511131 -14.217446 -46.875004
v -77.768044 -8.762449 -9.375002
v -90.447395 -8.794873 -9.375002
v -90.060173 -11.037573 -21.875002
v -52.155075 -10.170139 -9.375001
v -65.066147 -8.860561 -9.375002
v -64.803505 -10.381683 -21.875002
v -76.961365 -13.434464 -84.375000
v -89.458160 -14.524234 -84.375000
v -89.427322 -14.702861 -96.875000
v -77.043655 -12.957872 -59.375000
v -89.463577 -14.492846 -59.375004
v -89.457611 -14.527430 -71.875000
v -51.954639 -11.331001 -59.375000
v -64.462639 -12.355879 -59.375000
v -64.553467 -11.829844 -71.875000
v -25.861820 -15.517881 65.625000
v -38.705532 -14.598412 65.625000
v -39.127052 -12.157091 53.125000
v -25.625425 -16.887007 90.625000
v -38.414425 -16.284439 90.625000
v -38.521992 -15.661408 78.125000
v 0.207038 -19.565975 90.625000
v -12.649670 -18.571236 90.625000
v -12.716811 -18.182373 78.125000
v -77.609291 -9.681861 65.625000
v -90.411331 -9.003773 65.625000
v -90.645798 -7.645806 53.124996
v -76.745743 -14.683277 90.625000
v -89.436172 -14.651596 90.625000
v -89.919167 -11.854233 78.125000
v -51.202423 -15.687641 90.625000
v -64.008057 -14.988672 90.625000
v -64.228462 -13.712149 78.125000
v -77.800453 -8.574718 15.624998
v -90.465553 -8.689701 15.624998
v -90.490326 -8.546234 3.124998
v -77.856346 -8.251003 40.625000
v -90.604225 -7.886575 40.624996
v -90.550194 -8.199518 28.124998
v -52.245625 -9.645719 40.625000
v -64.976814 -9.377939 40.625000
v -64.951279 -9.525812 28.124998
v 74.851776 -11.081151 65.625000
v 62.531502 -13.193288 65.625000
v 62.664711 -13.964786 53.125000
v 74.407684 -8.509109 90.625000
v 61.858997 -9.298364 90.625000
v 62.116402 -10.789166 78.125000
v 99.197952 -5.151993 90.625000
v 86.915466 -7.482979 90.625000
v 87.170219 -8.958458 78.125000
v 25.420467 -18.659676 65.625000
v 12.617997 -17.979069 65.625000
v 12.553580 -17.605980 53.125000
v 25.173700 -17.230476 90.625000
v 12.826231 -19.185097 90.625000
v 12.725781 -18.603321 78.125000
v 49.499508 -11.183377 90.625000
v 37.333118 -14.186756 90.625000
v 37.686321 -16.232368 78.125000
v 25.108299 -16.851679 15.625001
v 12.271660 -15.973171 15.625000
v 12.307651 -16.181623 3.125000
v 25.207905 -17.428568 40.625000
v 12.379347 -16.596872 40.625000
v 12.259034 -15.900059 28.125000
v 50.079128 -14.540338 40.625000
v 37.692177 -16.266272 40.625000
v 37.607590 -15.776381 28.125000
v 74.839577 -11.010497 15.625002
v 62.593616 -13.553039 15.625001
v 62.433121 -12.623488 3.125001
v 74.899452 -11.357272 40.625000
v 62.525097 -13.156192 40.625000
v 62.549061 -13.294990 28.125002
v 99.788017 -8.569469 40.625004
v 87.269287 -9.532223 40.625004
v 87.014351 -8.055698 28.125002
v -26.607754 -11.197645 15.624999
v -39.411625 -10.508936 15.624999
v -39.415691 -10.485377 3.124999
v -26.495626 -11.847050 40.625000
v -39.464180 -10.204539 40.625000
v -39.450420 -10.284238 28.125000
v -0.608596 -14.842061 40.625000
v -13.528172 -13.483210 40.625000
v -13.684095 -12.580144 28.125000
v -26.204023 -13.535919 -84.375000
v -38.919247 -13.360607 -84.375000
v -38.863781 -13.681855 -96.875000
v -26.483662 -11.916334 -59.375000
v -39.319977 -11.039742 -59.375000
v -39.205940 -11.700188 -71.875000
v -0.908614 -13.104434 -59.375000
v -13.719050 -12.377688 -59.375000
v -13.633945 -12.870584 -71.875000
v 75.210648 -13.159644 -84.375000
v 62.334526 -12.052438 -84.375000
v 61.894428 -9.503537 -96.875000
v 75.110603 -12.580199 -59.375000
v 62.355568 -12.174327 -59.375000
v 62.502151 -13.023290 -71.875000
v 100.536575 -12.904917 -59.374996
v 87.945152 -13.446636 -59.374996
v 87.990616 -13.709930 -71.875000
v 100.432320 -12.301098 -71.875000
v 75.320702 -13.797030 -71.875000
v 74.780792 -10.670049 -96.875000
v -0.881540 -13.261234 -71.875000
v -26.420269 -12.283484 -71.875000
v -26.167557 -13.747128 -96.875000
v -0.760646 -13.961433 28.125000
v -26.554405 -11.506630 28.125000
v -26.629738 -11.070318 3.124999
v 99.575073 -7.336168 28.125002
v 74.784027 -10.688796 28.125002
v 74.944641 -11.619016 3.125002
v 50.089188 -14.598586 28.125002
v 25.088428 -16.736597 28.125000
v 25.102114 -16.815861 3.125000
v 49.835220 -13.127700 78.125000
v 25.340826 -18.198414 78.125000
v 25.384277 -18.450073 53.125000
v 99.482460 -6.799795 78.125000
v 74.652008 -9.924153 78.125000
v 74.967262 -11.750007 53.125000
v -52.218712 -9.801579 28.124998
v -77.800125 -8.576611 28.124998
v -77.886818 -8.074539 3.124998
v -51.309689 -15.066372 78.125000
v -77.145020 -12.370799 78.125000
v -77.885994 -8.079319 53.125000
v 0.074334 -18.797390 78.125000
v -25.693724 -16.491447 78.125000
v -26.197025 -13.576471 53.125000
v -51.917850 -11.544082 -71.875000
v -77.091034 -12.683483 -71.875000
v -76.863548 -14.001017 -96.875000
v -52.012863 -10.993794 -21.875002
v -77.398224 -10.904325 -21.875002
v -77.029266 -13.041206 -46.875000
v -0.742483 -14.066617 -21.875000
v -26.605747 -11.209263 -21.875000
v -26.566774 -11.434973 -46.875000
v 49.679176 -12.223935 -71.875000
v 24.342348 -12.415510 -71.875000
v 24.398300 -12.739567 -96.875000
v 49.616982 -11.863723 -21.874998
v 24.641556 -14.148451 -21.875000
v 24.535587 -13.534693 -46.875000
v 100.241447 -11.195595 -21.874998
v 74.948158 -11.639398 -21.874998
v 74.961632 -11.717397 -46.875000
v 100.300903 -11.539978 -46.874996
v 49.746120 -12.611650 -46.875000
v 49.162163 -9.229526 -96.875000
v -0.976164 -12.713208 -46.875000
v -51.938198 -11.426235 -46.875000
v -51.569839 -13.559628 -96.875000
v -0.317632 -16.527239 53.125000
v -52.022892 -10.935711 53.125000
v -52.251900 -9.609367 3.124999
v 99.732666 -8.248919 53.125004
v 50.278011 -15.692206 53.125000
v 49.906437 -13.540164 3.125001
v 99.844482 -8.896490 3.125002
v -0.746103 -14.045654 3.125000
v -0.668310 -14.496197 -96.875000
v 99.789230 -8.576494 -96.875000
vn -0.0818 0.9914 0.1020
vn -0.2072 0.9666 -0.1507
vn -0.1857 0.9825 -0.0162
vn -0.0941 0.9832 0.1566
vn -0.0609 0.9980 0.0165
vn 0.0233 0.9884 -0.1503
vn -0.1017 0.9806 -0.1676
vn -0.0196 0.9992 0.0353
vn 0.1540 0.9867 -0.0522
vn -0.1363 0.9902 -0.0292
vn -0.1294 0.9904 -0.0487
vn -0.0821 0.9894 -0.1199
vn 0.0163 0.9991 0.0393
vn -0.1589 0.9869 -0.0281
vn 0.0713 0.9974 -0.0080
vn -0.0856 0.9948 -0.0556
vn -0.0191 0.9965 0.0814
vn 0.0523 0.9985 -0.0162
vn 0.0939 0.9890 0.1139
vn 0.0914 0.9951 -0.0380
vn -0.0641 0.9876 0.1436
vn -0.1271 0.9888 0.0788
vn 0.0824 0.9849 0.1524
vn -0.0585 0.9983 0.0062
vn -0.0687 0.9974 0.0226
vn -0.0964 0.9618 0.2564
vn -0.1320 0.9840 -0.1194
vn -0.1566 0.9759 0.1517
vn -0.0369 0.9992 0.0146
vn -0.1173 0.9695 -0.2150
vn 0.0772 0.9946 -0.0701
vn -0.0018 0.9990 0.0437
vn -0.1641 0.9861 0.0241
vn 0.0012 0.9981 -0.0617
vn 0.1584 0.9870 0.0270
vn -0.0069 0.9998 -0.0209
vn -0.1047 0.9885 0.1093
vn -0.1129 0.9933 -0.0243
vn -0.2469 0.9644 -0.0943
vn 0.0156 0.9991 0.0403
vn 0.0469 0.9965 0.0686
vn -0.1950 0.9807 0.0122
vn -0.0352 0.9976 0.0597
vn -0.2002 0.9774 -0.0671
vn 0.0151 0.9802 0.1976
vn 0.1314 0.9861 0.1017
vn -0.0109 0.9950 0.0993
vn 0.0975 0.9947 -0.0335
vn -0.0685 0.9962 -0.0535
vn -0.0695 0.9970 -0.0335
vn -0.2134 0.9522 -0.2186
vn -0.0411 0.9962 0.0773
vn -0.1851 0.9827 -0.0025
vn 0.0292 0.9990 -0.0339
vn 0.0752 0.9929 0.0917
vn 0.1032 0.9946 0.0067
vn 0.1464 0.9777 0.1508
vn 0.0156 0.9925 -0.1211
vn 0.0599 0.9981 0.0172
vn -0.0432 0.9990 0.0061
vn 0.0204 0.9976 -0.0666
vn 0.0795 0.9942 0.0727
vn 0.0130 0.9992 -0.0370
vn 0.0038 0.9968 0.0793
vn 0.0273 0.9965 -0.0796
vn -0.0452 0.9987 0.0231
vn -0.1176 0.9930 0.0081
vn -0.0942 0.9954 -0.0163
vn 0.0182 0.9968 0.0783
vn -0.0536 0.9923 -0.1113
vn -0.0759 0.9959 -0.0492
vn 0.1246 0.9905 0.0583
vn 0.1016 0.9716 0.2136
vn 0.0730 0.9973 -0.0068
vn -0.0920 0.9929 -0.0755
vn -0.0877 0.9920 -0.0909
vn -0.0506 0.9987 0.0112
vn -0.2480 0.9687 0.0067
vn 0.0755 0.9968 0.0247
vn 0.0478 0.9944 -0.0943
vn -0.0017 0.9999 0.0167
vn -0.0892 0.9786 0.1856
vn -0.1484 0.9729 -0.1775
vn -0.1214 0.9841 0.1298
vn -0.0772 0.9968 -0.0211
vn -0.0906 0.9838 -0.1547
vn 0.0980 0.9852 -0.1404
vn -0.0291 0.9943 -0.1027
vn -0.0849 0.9959 0.0312
vn -0.0158 0.9993 -0.0342
vn 0.1775 0.9840 -0.0176
vn -0.0320 0.9995 0.0074
vn 0.0713 0.9969 0.0328
vn -0.1570 0.9876 0.0052
vn -0.2417 0.9663 -0.0890
vn -0.0099 0.9997 -0.0231
vn -0.0123 0.9986 0.0518
vn -0.1735 0.9844 -0.0297
vn 0.0306 0.9995 0.0013
vn -0.0975 0.9921 -0.0789
vn 0.0897 0.9785 0.1858
vn 0.1288 0.9907 0.0446
vn 0.0236 0.9979 0.0607
vn 0.0253 0.9984 -0.0514
vn -0.0449 0.9948 0.0918
vn -0.0590 0.9959 0.0685
vn -0.1791 0.9805 -0.0807
vn 0.0882 0.9939 0.0655
vn -0.1548 0.9870 0.0444
vn 0.0607 0.9977 0.0286
vn 0.1193 0.9742 0.1913
vn -0.0051 1.0000 0.0014
vn 0.0950 0.9804 0.1725
vn 0.0314 0.9974 -0.0648
vn -0.0164 0.9998 -0.0111
vn -0.1199 0.9928 -0.0006
vn 0.0569 0.9983 -0.0122
vn 0.0777 0.9819 0.1726
vn -0.0186 0.9997 -0.0186
vn 0.0001 0.9975 0.0704
vn -0.0204 0.9997 0.0123
vn -0.1005 0.9864 0.1298
vn -0.1091 0.9932 -0.0411
vn -0.1297 0.9915 0.0106
vn -0.0063 0.9996 0.0258
vn -0.1392 0.9807 -0.1374
vn 0.0113 0.9999 -0.0102
vn -0.0784 0.9935 0.0830
vn -0.1431 0.9897 0.0003
vn 0.0095 0.9999 0.0038
vn 0.1404 0.9873 0.0748
vn 0.0958 0.9953 -0.0109
vn -0.1603 0.9784 0.1308
vn -0.0568 0.9983 0.0152
vn -0.1323 0.9854 -0.1070
vn -0.0648 0.9949 -0.0777
vn 0.0346 0.9975 0.0616
vn -0.2009 0.9795 0.0120
vn -0.0097 0.9953 0.0962
vn -0.2571 0.9540 -0.1543
vn -0.1329 0.9781 0.1602
vn 0.1176 0.9928 0.0218
vn -0.0085 0.9991 0.0410
vn 0.1303 0.9899 -0.0566
vn -0.0904 0.9828 -0.1611
vn -0.1009 0.9948 0.0162
vn -0.1839 0.9776 -0.1024
vn -0.1456 0.9842 0.1006
vn -0.1005 0.9939 -0.0452
vn 0.0203 0.9996 0.0185
vn 0.0483 0.9982 0.0342
vn 0.0928 0.9944 0.0505
vn 0.1038 0.9818 0.1588
vn -0.0417 0.9991 -0.0032
vn 0.1051 0.9920 -0.0696
vn -0.0801 0.9967 -0.0088
vn 0.0541 0.9966 -0.0618
vn -0.0226 0.9994 -0.0245
vn -0.0349 0.9991 0.0234
vn -0.0392 0.9989 0.0271
vn -0.0046 0.9882 -0.1529
vn -0.0632 0.9979 -0.0128
vn 0.0141 0.9999 0.0075
vn -0.0250 0.9990 -0.0377
vn -0.0246 0.9981 0.0572
vn -0.0636 0.9980 0.0045
vn -0.1208 0.9849 0.1237
vn -0.0347 0.9981 0.0508
vn -0.0798 0.9967 -0.0139
vn -0.1651 0.9860 0.0251
vn -0.0078 0.9986 0.0530
vn -0.0492 0.9967 -0.0649
vn 0.0034 0.9964 0.0851
vn 0.0020 0.9988 -0.0481
vn 0.0709 0.9974 0.0143
vn -0.0419 0.9974 0.0586
vn 0.1534 0.9827 0.1037
vn -0.0714 0.9941 -0.0817
vn -0.0083 0.9876 -0.1565
vn -0.0224 0.9843 -0.1749
vn 0.0081 0.9984 -0.0557
vn -0.0370 0.9969 -0.0693
vn -0.0627 0.9970 0.0443
vn -0.1604 0.9870 -0.0085
vn -0.0197 0.9979 -0.0621
vn 0.1281 0.9830 0.1314
vn 0.1266 0.9918 0.0172
vn 0.0373 0.9978 0.0551
vn 0.0781 0.9930 0.0885
vn 0.1073 0.9810 0.1614
vn 0.0319 0.9908 0.1312
vn 0.0228 0.9682 0.2492
vn 0.1319 0.9774 0.1650
vn 0.0079 0.9977 0.0670
vn 0.1048 0.9944 -0.0104
vn -0.0035 0.9985 -0.0542
vn 0.0358 0.9994 0.0033
vn -0.1960 0.9789 -0.0587
vn -0.0490 0.9911 -0.1235
vn -0.1019 0.9760 -0.1925
vn -0.1362 0.9907 -0.0018
vn -0.0326 0.9995 -0.0018
vn -0.1938 0.9760 -0.0995
vn 0.0110 0.9995 0.0301
vn -0.2242 0.9575 -0.1813
vn -0.0773 0.9968 -0.0179
vn -0.0485 0.9967 0.0657
vn 0.1002 0.9950 0.0050
vn -0.0969 0.9953 0.0044
vn -0.2135 0.9728 -0.0903
vn -0.1663 0.9825 0.0835
vn -0.1969 0.9798 -0.0358
vn -0.0926 0.9945 0.0493
vn 0.0755 0.9968 0.0257
vn 0.1245 0.9906 0.0558
vn 0.0823 0.9963 -0.0246
vn 0.0898 0.9952 0.0397
vn 0.0481 0.9978 -0.0450
vn 0.0424 0.9990 -0.0121
vn 0.0304 0.9923 -0.1197
vn 0.0324 0.9950 -0.0949
vn -0.0266 0.9838 0.1771
vn 0.0648 0.9924 -0.1041
vn 0.0813 0.9966 0.0128
vn -0.1050 0.9879 0.1139
vn -0.0244 0.9988 -0.0421
vn 0.0281 0.9950 -0.0956
vn 0.1138 0.9737 0.1975
vn 0.0452 0.9988 -0.0213
vn 0.0710 0.9973 -0.0179
vn -0.0036 0.9988 -0.0496
vn 0.0984 0.9913 0.0879
vn 0.1119 0.9933 0.0283
vn 0.0435 0.9987 0.0261
vn -0.0802 0.9903 0.1133
vn -0.1440 0.9891 0.0301
vn -0.1577 0.9870 0.0298
vn -0.1433 0.9887 0.0435
vn 0.0957 0.9932 0.0670
vn 0.1124 0.9932 -0.0288
vn -0.2610 0.9539 -0.1479
vn -0.1076 0.9941 0.0134
vn 0.0684 0.9976 0.0131
vn -0.1405 0.9770 -0.1603
vn -0.0659 0.9946 -0.0802
vn -0.1688 0.9806 -0.1000
vn 0.0214 0.9998 0.0008
vn -0.0100 0.9999 -0.0047
vn -0.0260 0.9996 0.0138
vn 0.0646 0.9966 0.0506
vn 0.0038 0.9825 0.1863
vn 0.0214 0.9884 0.1503
vn 0.1105 0.9938 0.0113
vn 0.0265 0.9984 0.0489
vn 0.0553 0.9841 0.1686
vn -0.0701 0.9961 0.0529
vn -0.1587 0.9873 0.0002
vn -0.0948 0.9953 -0.0186
vn 0.0727 0.9920 -0.1036
vn 0.0017 0.9885 -0.1515
vn -0.0821 0.9920 -0.0956
vn 0.1572 0.9870 0.0326
vn -0.0096 0.9987 -0.0491
vn -0.0103 0.9999 -0.0005
vn 0.0061 0.9976 0.0693
vn -0.0414 0.9991 0.0126
vn -0.0691 0.9976 -0.0045
vn -0.1389 0.9866 0.0858
vn -0.0306 0.9970 0.0711
vn 0.0237 0.9975 0.0673
vn -0.0483 0.9988 -0.0045
vn 0.0116 0.9999 -0.0063
vn -0.0527 0.9986 0.0059
vn -0.0170 0.9984 -0.0534
vn -0.0660 0.9963 -0.0558
vn -0.0888 0.9920 0.0898
vn 0.1061 0.9944 -0.0021
vn -0.0537 0.9948 -0.0863
vn 0.0023 0.9970 -0.0775
vn 0.0846 0.9909 0.1047
vn 0.1562 0.9713 0.1796
vn 0.0746 0.9947 0.0710
vn -0.1287 0.9909 -0.0386
vn -0.1571 0.9873 -0.0256
vn -0.1121 0.9932 0.0322
vn -0.1074 0.9821 -0.1549
vn 0.1110 0.9937 -0.0132
vn 0.0206 0.9986 -0.0477
vn -0.1439 0.9771 0.1570
vn -0.0840 0.9887 0.1238
vn -0.1972 0.9656 -0.1693
vn -0.1003 0.9854 0.1379
vn -0.1345 0.9906 -0.0232
vn -0.0749 0.9957 -0.0536
vn 0.0461 0.9865 -0.1571
vn -0.0737 0.9879 -0.1366
vn -0.0431 0.9986 0.0311
vn -0.0223 0.9996 -0.0147
vn 0.1732 0.9845 -0.0289
vn -0.0400 0.9990 0.0185
vn 0.1370 0.9904 -0.0168
vn -0.1522 0.9872 -0.0470
vn -0.1795 0.9812 -0.0707
vn -0.0453 0.9953 -0.0860
vn -0.0004 0.9989 0.0461
vn -0.1647 0.9850 -0.0519
vn 0.0607 0.9981 -0.0086
vn -0.0822 0.9928 -0.0867
vn 0.0304 0.9892 0.1435
vn 0.0956 0.9954 0.0093
vn 0.0575 0.9947 0.0858
vn 0.0579 0.9969 -0.0528
vn -0.0678 0.9890 0.1316
vn -0.0634 0.9908 0.1195
vn -0.1519 0.9884 0.0091
vn 0.1031 0.9913 0.0818
vn -0.1299 0.9897 0.0604
vn 0.0754 0.9971 -0.0032
vn 0.1117 0.9751 0.1913
vn -0.0853 0.9963 -0.0142
vn 0.0805 0.9808 0.1778
vn 0.0224 0.9997 -0.0096
vn -0.0453 0.9990 -0.0037
vn -0.1524 0.9882 -0.0180
vn -0.0031 1.0000 0.0056
vn 0.0292 0.9923 0.1200
vn -0.0492 0.9987 0.0130
vn 0.0196 0.9993 0.0307
vn -0.0190 0.9994 0.0278
vn -0.0959 0.9763 0.1940
vn -0.1145 0.9906 -0.0748
vn -0.1498 0.9840 0.0969
vn -0.0534 0.9983 0.0243
vn -0.1273 0.9722 -0.1966
vn 0.0338 0.9989 -0.0332
vn -0.0375 0.9947 0.0959
vn -0.1776 0.9841 0.0070
vn 0.0048 0.9997 -0.0219
vn 0.1481 0.9876 0.0516
vn 0.0486 0.9987 -0.0165
vn -0.1733 0.9776 0.1195
vn -0.0805 0.9968 -0.0011
vn -0.2093 0.9734 -0.0932
vn -0.0156 0.9999 -0.0058
vn 0.0561 0.9960 0.0698
vn -0.2001 0.9796 0.0180
vn -0.0241 0.9963 0.0831
vn -0.2476 0.9619 -0.1155
vn -0.0687 0.9822 0.1749
vn 0.1181 0.9901 0.0759
vn -0.0157 0.9957 0.0917
vn 0.1260 0.9912 -0.0413
vn -0.0869 0.9886 -0.1233
vn -0.0876 0.9953 -0.0405
vn -0.2073 0.9610 -0.1830
vn -0.1193 0.9887 0.0904
vn -0.1605 0.9867 -0.0265
vn 0.0204 0.9989 -0.0424
vn 0.0512 0.9969 0.0591
vn 0.0942 0.9954 0.0149
vn 0.1331 0.9789 0.1552
vn -0.0123 0.9980 -0.0614
vn 0.0885 0.9952 -0.0412
vn -0.0439 0.9990 -0.0050
vn 0.0276 0.9970 -0.0723
vn 0.0349 0.9993 0.0119
vn -0.0069 0.9994 -0.0334
vn -0.0039 0.9986 0.0527
vn 0.0335 0.9911 -0.1286
vn -0.0267 0.9984 -0.0497
vn -0.0083 0.9996 0.0255
vn -0.0037 0.9990 -0.0449
vn -0.0449 0.9978 0.0494
vn -0.0248 0.9983 0.0529
vn -0.1216 0.9896 0.0775
vn 0.0642 0.9947 0.0800
vn -0.1198 0.9928 -0.0011
vn -0.1699 0.9855 0.0022
vn -0.0464 0.9987 0.0203
vn -0.0200 0.9978 -0.0633
vn -0.0536 0.9978 0.0397
vn 0.0072 0.9972 -0.0747
vn 0.0411 0.9976 0.0548
vn 0.0272 0.9986 0.0453
vn 0.1040 0.9903 0.0921
vn -0.0571 0.9979 -0.0301
vn -0.0253 0.9856 -0.1673
vn -0.0548 0.9779 -0.2020
vn -0.0576 0.9947 -0.0850
vn -0.0295 0.9991 -0.0298
vn -0.0773 0.9969 0.0139
vn -0.1919 0.9814 0.0098
vn -0.0568 0.9970 -0.0518
vn 0.1412 0.9783 0.1518
vn 0.1318 0.9906 0.0370
vn 0.0412 0.9969 0.0666
vn 0.1204 0.9901 0.0715
vn 0.1043 0.9905 0.0899
vn 0.0723 0.9794 0.1888
vn -0.0392 0.9661 0.2552
vn 0.1234 0.9735 0.1926
vn -0.0083 0.9995 0.0299
vn 0.0965 0.9948 -0.0316
vn -0.0673 0.9967 -0.0450
vn 0.0582 0.9982 0.0119
vn -0.2027 0.9783 -0.0420
vn -0.0471 0.9934 -0.1045
vn -0.1558 0.9637 -0.2169
vn -0.1108 0.9936 -0.0225
vn -0.0329 0.9988 0.0353
vn -0.1409 0.9836 -0.1122
vn 0.0025 0.9970 0.0772
vn -0.1748 0.9747 -0.1391
vn -0.0921 0.9950 0.0375
vn -0.0456 0.9980 0.0446
vn 0.1472 0.9890 0.0142
vn -0.1035 0.9945 0.0144
vn -0.1467 0.9862 -0.0768
vn -0.2079 0.9760 0.0640
vn -0.1303 0.9906 -0.0422
vn -0.2010 0.9791 0.0324
vn 0.0902 0.9957 -0.0187
vn 0.1001 0.9947 0.0223
vn 0.0499 0.9980 -0.0383
vn 0.0757 0.9964 0.0378
vn 0.0491 0.9987 0.0116
vn 0.0466 0.9977 -0.0497
vn 0.0217 0.9908 -0.1334
vn 0.0451 0.9943 -0.0965
vn -0.0034 0.9810 0.1941
vn 0.0356 0.9974 -0.0624
vn 0.0773 0.9962 0.0409
vn -0.0590 0.9962 0.0644
vn -0.0939 0.9651 0.2443
vn -0.1438 0.9768 -0.1586
vn -0.1459 0.9758 0.1627
vn -0.0417 0.9991 -0.0057
vn -0.1053 0.9693 -0.2223
vn 0.1061 0.9884 -0.1088
vn 0.0019 0.9994 -0.0346
vn -0.1295 0.9911 0.0308
vn -0.0049 0.9973 -0.0732
vn 0.1699 0.9855 0.0010
vn -0.0282 0.9996 -0.0097
vn -0.0170 0.9965 0.0818
vn -0.1425 0.9895 -0.0229
vn -0.2735 0.9569 -0.0975
vn 0.0132 0.9994 0.0311
vn 0.0182 0.9980 0.0602
vn -0.1853 0.9827 -0.0034
vn -0.0105 0.9996 0.0275
vn -0.1391 0.9895 -0.0391
vn 0.0786 0.9758 0.2042
vn 0.1408 0.9868 0.0797
vn 0.0014 0.9976 0.0695
vn 0.0564 0.9977 -0.0383
vn -0.0471 0.9986 0.0253
vn -0.0589 0.9982 0.0109
vn -0.2029 0.9659 -0.1611
vn 0.0424 0.9968 0.0672
vn -0.1784 0.9837 0.0225
vn 0.0438 0.9990 0.0058
vn 0.1048 0.9845 0.1405
vn 0.0658 0.9978 0.0070
vn 0.1345 0.9786 0.1554
vn 0.0316 0.9907 -0.1325
vn 0.0228 0.9997 -0.0018
vn -0.0766 0.9970 0.0092
vn 0.0353 0.9985 -0.0430
vn 0.0950 0.9860 0.1369
vn 0.0076 0.9991 -0.0413
vn -0.0049 0.9961 0.0877
vn -0.0010 0.9996 -0.0270
vn -0.1166 0.9922 0.0451
vn -0.1231 0.9918 -0.0331
vn -0.1083 0.9904 -0.0864
vn 0.0186 0.9993 0.0317
vn -0.1504 0.9864 -0.0656
vn 0.0535 0.9986 -0.0051
vn -0.0919 0.9957 0.0063
vn -0.0814 0.9963 0.0256
vn 0.0210 0.9996 -0.0162
vn 0.1241 0.9855 0.1158
vn 0.1069 0.9941 -0.0203
vn -0.1063 0.9843 0.1408
vn -0.0516 0.9986 0.0099
vn -0.0417 0.9907 -0.1295
vn -0.0990 0.9849 -0.1422
vn -0.0147 0.9988 0.0470
vn -0.1948 0.9808 -0.0088
vn -0.0277 0.9945 0.1012
vn -0.2325 0.9582 -0.1669
vn -0.1297 0.9788 0.1585
vn 0.1315 0.9909 -0.0302
vn 0.0086 0.9985 -0.0535
vn 0.1170 0.9910 -0.0657
vn -0.1068 0.9794 -0.1711
vn -0.1097 0.9899 0.0900
vn -0.1508 0.9877 -0.0424
vn -0.1403 0.9854 0.0965
vn -0.0797 0.9952 -0.0561
vn 0.0434 0.9950 0.0904
vn 0.0624 0.9980 0.0113
vn 0.0889 0.9906 0.1043
vn 0.0760 0.9862 0.1468
vn -0.0582 0.9983 0.0091
vn 0.1051 0.9924 -0.0633
vn -0.0860 0.9963 -0.0019
vn 0.0842 0.9954 -0.0460
vn -0.0635 0.9979 -0.0127
vn -0.0559 0.9935 0.0988
vn -0.0718 0.9973 0.0172
vn -0.0462 0.9889 -0.1414
vn -0.0676 0.9976 0.0152
vn -0.0057 0.9997 -0.0228
vn -0.0380 0.9992 -0.0104
vn 0.0262 0.9985 0.0490
vn -0.0990 0.9948 -0.0240
vn -0.1150 0.9839 0.1366
vn -0.1094 0.9937 0.0232
vn -0.0224 0.9994 -0.0266
vn -0.1386 0.9902 -0.0181
vn 0.0111 0.9982 0.0587
vn -0.0787 0.9955 -0.0522
vn 0.0530 0.9940 0.0955
vn 0.0066 0.9999 0.0101
vn 0.0919 0.9956 -0.0179
vn -0.0504 0.9966 0.0659
vn 0.1389 0.9842 0.1100
vn -0.0731 0.9910 -0.1121
vn -0.0037 0.9956 -0.0941
vn -0.0300 0.9893 -0.1427
vn 0.0526 0.9984 -0.0190
vn -0.0584 0.9942 -0.0907
vn -0.0448 0.9989 0.0104
vn -0.1146 0.9929 -0.0322
vn 0.0044 0.9958 -0.0919
vn 0.1192 0.9882 0.0960
vn 0.1039 0.9944 -0.0204
vn 0.0930 0.9943 0.0527
vn 0.0051 0.9949 0.1006
vn 0.1114 0.9760 0.1873
vn -0.0095 0.9970 0.0767
vn 0.0691 0.9696 0.2347
vn 0.1114 0.9856 0.1274
vn 0.0399 0.9983 0.0423
vn 0.1038 0.9940 -0.0351
vn 0.0486 0.9981 -0.0376
vn 0.0254 0.9995 -0.0167
vn -0.1556 0.9866 -0.0496
vn -0.0924 0.9875 -0.1280
vn -0.0845 0.9866 -0.1392
vn -0.1863 0.9821 -0.0266
vn -0.0490 0.9985 -0.0224
vn -0.2328 0.9687 -0.0862
vn -0.0113 0.9994 -0.0329
vn -0.2365 0.9490 -0.2083
vn -0.0621 0.9979 -0.0184
vn -0.0489 0.9944 0.0937
vn 0.0299 0.9995 0.0040
vn -0.0704 0.9974 -0.0144
vn -0.2524 0.9661 -0.0549
vn -0.1628 0.9856 0.0457
vn -0.2407 0.9704 -0.0183
vn -0.0235 0.9983 0.0528
vn 0.0666 0.9972 0.0346
vn 0.1397 0.9829 0.1199
vn 0.0822 0.9966 0.0012
vn 0.1250 0.9915 0.0359
vn 0.0475 0.9936 -0.1023
vn 0.0341 0.9991 -0.0248
vn 0.0421 0.9941 -0.0999
vn 0.0120 0.9969 -0.0773
vn -0.0279 0.9938 0.1073
vn 0.0662 0.9933 -0.0946
vn 0.0518 0.9987 -0.0016
vn -0.1495 0.9783 0.1437
vn -0.0629 0.9972 0.0394
vn -0.0051 0.9937 -0.1116
vn 0.0460 0.9961 -0.0757
vn -0.0914 0.9958 -0.0107
vn 0.0545 0.9963 -0.0671
vn 0.0054 0.9988 -0.0482
vn 0.0115 0.9976 -0.0683
vn 0.0507 0.9925 -0.1114
vn 0.1076 0.9737 0.2009
vn 0.1029 0.9881 0.1141
vn 0.0956 0.9761 0.1952
vn 0.0644 0.9797 0.1898
vn 0.0401 0.9977 -0.0539
vn 0.0468 0.9982 -0.0365
vn 0.0364 0.9992 -0.0190
vn 0.0583 0.9983 -0.0095
vn 0.0540 0.9961 -0.0703
vn 0.0741 0.9972 -0.0040
vn 0.0114 0.9997 -0.0209
vn 0.0597 0.9982 -0.0097
vn -0.0083 1.0000 0.0040
vn 0.0086 0.9925 -0.1218
vn 0.0118 0.9983 -0.0568
vn 0.0263 0.9986 -0.0453
vn 0.0921 0.9939 0.0612
vn 0.1029 0.9838 0.1471
vn 0.1082 0.9913 0.0755
vn 0.1123 0.9900 0.0855
vn 0.1016 0.9943 -0.0318
vn 0.1088 0.9872 0.1170
vn 0.0581 0.9980 0.0248
vn 0.1319 0.9906 0.0375
vn 0.0338 0.9994 -0.0122
vn 0.0609 0.9981 0.0096
vn 0.0474 0.9987 0.0187
vn 0.0559 0.9979 0.0342
vn -0.0830 0.9881 0.1297
vn -0.0872 0.9960 0.0177
vn -0.1403 0.9844 0.1057
vn -0.0617 0.9929 0.1017
vn -0.1734 0.9845 -0.0275
vn -0.1388 0.9876 0.0728
vn -0.1197 0.9927 0.0154
vn -0.1628 0.9851 0.0555
vn -0.1030 0.9922 0.0699
vn -0.1931 0.9811 -0.0104
vn -0.1128 0.9916 0.0633
vn -0.1961 0.9802 -0.0281
vn -0.1199 0.9927 0.0144
vn -0.1489 0.9832 0.1056
vn -0.1297 0.9899 0.0575
vn -0.1201 0.9924 0.0279
vn 0.0967 0.9945 0.0402
vn 0.0933 0.9920 0.0848
vn 0.1337 0.9886 0.0686
vn 0.0337 0.9972 0.0674
vn 0.1064 0.9943 0.0039
vn 0.1069 0.9940 -0.0243
vn 0.1703 0.9851 -0.0234
vn 0.0222 0.9994 -0.0280
vn -0.2514 0.9491 -0.1895
vn -0.2529 0.9622 -0.1014
vn -0.2535 0.9577 -0.1363
vn -0.2296 0.9641 -0.1332
vn -0.0516 0.9983 0.0288
vn -0.1356 0.9901 -0.0368
vn -0.0544 0.9976 0.0426
vn -0.1548 0.9870 -0.0423
vn 0.0800 0.9963 0.0317
vn 0.0516 0.9982 0.0295
vn 0.0503 0.9982 0.0325
vn 0.0482 0.9988 0.0038
vn -0.1382 0.9872 -0.0799
vn -0.1441 0.9695 -0.1982
vn -0.0848 0.9854 -0.1477
vn -0.2289 0.9603 -0.1595
vn -0.0698 0.9857 -0.1533
vn -0.0881 0.9956 -0.0307
vn -0.1381 0.9872 -0.0793
vn -0.0373 0.9945 -0.0977
vn -0.1701 0.9851 -0.0250
vn -0.1441 0.9773 -0.1554
vn -0.1579 0.9823 -0.1011
vn -0.1883 0.9787 -0.0823
vn 0.0226 0.9995 -0.0240
vn 0.0469 0.9989 -0.0000
vn 0.0659 0.9978 -0.0069
vn 0.0074 0.9999 0.0099
vn -0.0042 0.9987 -0.0517
vn -0.0119 0.9994 -0.0321
vn -0.1024 0.9947 0.0014
vn 0.0710 0.9974 -0.0093
vn -0.0379 0.9991 0.0187
vn -0.0116 0.9997 -0.0197
vn -0.0382 0.9992 0.0080
vn -0.0157 0.9992 0.0372
vn 0.0963 0.9888 0.1144
vn 0.0431 0.9991 0.0055
vn 0.0584 0.9945 0.0864
vn 0.0593 0.9977 0.0331
vn 0.0138 0.9703 0.2417
vn -0.0044 0.9921 0.1250
vn -0.0334 0.9814 0.1891
vn 0.0197 0.9857 0.1673
vn 0.0079 0.9969 0.0786
vn 0.0275 0.9815 0.1896
vn -0.0453 0.9893 0.1387
vn 0.0741 0.9847 0.1574
vn 0.0960 0.9934 0.0630
vn 0.1104 0.9917 -0.0664
vn 0.1415 0.9899 0.0081
vn 0.0316 0.9992 0.0245
vn 0.0321 0.9984 0.0462
vn 0.0192 0.9993 0.0321
vn 0.0332 0.9984 0.0454
vn 0.0801 0.9962 0.0348
vn 0.0752 0.9788 0.1906
vn 0.0430 0.9935 0.1052
vn 0.0771 0.9799 0.1840
vn 0.1020 0.9836 0.1489
vn -0.0459 0.9989 0.0113
vn -0.0809 0.9965 0.0194
vn -0.0467 0.9972 0.0590
vn -0.0700 0.9972 0.0264
vn -0.1712 0.9852 0.0057
vn -0.1368 0.9903 -0.0259
vn -0.1836 0.9828 -0.0189
vn -0.1099 0.9937 0.0226
vn -0.0773 0.9966 -0.0278
vn -0.1287 0.9915 -0.0210
vn -0.1559 0.9878 0.0042
vn -0.0490 0.9977 -0.0465
vn 0.0422 0.9937 -0.1041
vn 0.0915 0.9939 -0.0611
vn 0.0041 0.9908 -0.1351
vn 0.1095 0.9906 -0.0817
vn -0.0000 0.9799 -0.1993
vn -0.0128 0.9978 -0.0644
vn -0.0317 0.9885 -0.1481
vn 0.0017 0.9874 -0.1584
vn -0.1034 0.9942 -0.0306
vn -0.0544 0.9869 -0.1520
vn -0.1071 0.9867 -0.1222
vn -0.0725 0.9942 -0.0795
vn 0.1593 0.9835 0.0858
vn 0.1459 0.9890 -0.0239
vn 0.1329 0.9906 0.0329
vn 0.1284 0.9914 0.0231
vn -0.0294 0.9996 -0.0026
vn 0.0102 0.9979 -0.0640
vn 0.0607 0.9962 -0.0621
vn 0.0067 0.9998 -0.0192
vn 0.0247 0.9996 -0.0126
vn -0.0360 0.9989 0.0286
vn -0.0052 0.9999 0.0125
vn -0.0296 0.9990 -0.0340
vn 0.0186 0.9963 0.0834
vn -0.0183 0.9991 0.0383
vn 0.0180 0.9970 0.0752
vn -0.0180 0.9993 0.0313
vn -0.0464 0.9986 -0.0267
vn -0.0271 0.9992 0.0278
vn -0.0278 0.9996 0.0077
vn -0.0342 0.9991 0.0266
vn -0.0817 0.9966 -0.0043
vn -0.0555 0.9966 -0.0617
vn -0.0298 0.9993 -0.0204
vn -0.1193 0.9928 0.0114
vn -0.1046 0.9939 0.0343
vn -0.1605 0.9790 0.1257
vn -0.1599 0.9806 0.1133
vn -0.0821 0.9952 0.0532
vn -0.0500 0.9963 0.0702
vn 0.0163 0.9983 0.0562
vn 0.0572 0.9976 0.0388
vn -0.0994 0.9894 0.1060
vn 0.0230 0.9964 0.0811
vn -0.0003 0.9988 0.0497
vn 0.0898 0.9938 0.0658
vn -0.0372 0.9984 0.0430
vn -0.0317 0.9977 0.0595
vn -0.0698 0.9930 -0.0948
vn -0.0164 0.9998 0.0070
vn -0.0501 0.9979 -0.0407
vn -0.0026 0.9988 -0.0481
vn -0.0017 0.9985 0.0546
vn -0.0260 0.9997 0.0006
vn 0.0265 0.9996 0.0004
vn -0.0444 0.9987 0.0241
vn -0.0431 0.9989 -0.0198
vn -0.0109 0.9999 0.0022
vn -0.0703 0.9975 0.0026
vn -0.0102 0.9923 -0.1235
vn -0.0220 0.9996 0.0181
vn -0.0433 0.9984 -0.0365
vn 0.0080 0.9990 -0.0437
vn -0.0557 0.9984 -0.0126
vn -0.0718 0.9953 -0.0647
vn -0.0748 0.9966 -0.0340
vn -0.0436 0.9979 -0.0477
vn -0.1280 0.9916 0.0185
vn -0.0387 0.9953 0.0893
vn -0.1618 0.9856 0.0490
vn 0.0076 0.9908 0.1349
vn 0.0756 0.9961 -0.0462
vn 0.1359 0.9892 0.0552
vn 0.0590 0.9977 -0.0339
vn 0.1212 0.9923 0.0235
vn -0.0725 0.9961 -0.0497
vn -0.0249 0.9958 -0.0886
vn -0.0699 0.9931 -0.0939
vn -0.0340 0.9981 -0.0516
vn -0.0027 0.9997 -0.0262
vn -0.0015 0.9943 -0.1068
vn -0.0542 0.9954 -0.0793
vn 0.0330 0.9969 -0.0721
vn 0.0974 0.9859 0.1362
vn 0.0731 0.9932 0.0905
vn 0.1221 0.9855 0.1175
vn 0.0255 0.9958 0.0877
vn 0.1340 0.9830 0.1254
vn 0.1559 0.9708 0.1825
vn 0.1247 0.9778 0.1686
vn 0.1516 0.9702 0.1891
vn 0.0891 0.9957 0.0259
vn 0.0549 0.9971 0.0522
vn 0.0528 0.9953 0.0815
vn 0.0729 0.9961 0.0493
vn -0.1158 0.9912 -0.0641
vn -0.1346 0.9907 0.0192
vn -0.1774 0.9833 -0.0403
vn -0.1092 0.9923 -0.0582
vn -0.1454 0.9883 0.0458
vn -0.1870 0.9778 -0.0946
vn -0.1084 0.9941 -0.0102
vn -0.1810 0.9822 -0.0510
vn -0.1408 0.9865 0.0831
vn -0.0932 0.9956 0.0083
vn -0.1302 0.9915 0.0040
vn -0.0711 0.9959 0.0563
vn -0.1044 0.9798 -0.1706
vn -0.1024 0.9925 -0.0669
vn -0.1864 0.9727 -0.1380
vn -0.0626 0.9891 -0.1334
vn 0.1205 0.9918 -0.0427
vn 0.0971 0.9952 0.0143
vn 0.0957 0.9954 0.0061
vn 0.1281 0.9916 -0.0185
vn 0.0257 0.9997 -0.0000
vn 0.0249 0.9945 -0.1014
vn 0.0480 0.9978 -0.0467
vn -0.0247 0.9987 -0.0442
vn -0.1372 0.9786 0.1531
vn -0.1359 0.9780 0.1584
vn -0.1103 0.9803 0.1641
vn -0.1491 0.9779 0.1467
vn -0.1589 0.9727 0.1692
vn -0.1021 0.9861 0.1314
vn -0.0891 0.9816 0.1691
vn -0.0107 0.9961 -0.0880
vn 0.0468 0.9936 -0.1031
vn 0.0523 0.9986 0.0086
vn 0.1284 0.9917 0.0073
vn 0.0783 0.9965 0.0276
vn 0.1132 0.9930 -0.0322
vn -0.0326 0.9982 -0.0497
vn -0.2093 0.9755 -0.0677
vn -0.1426 0.9797 -0.1409
vn -0.0603 0.9981 0.0131
vn -0.1089 0.9941 -0.0035
vn -0.1566 0.9861 0.0564
vn -0.2120 0.9683 -0.1324
vn -0.1321 0.9897 -0.0551
vn -0.1077 0.9933 0.0430
vn -0.1425 0.9898 -0.0033
vn -0.1524 0.9883 0.0001
vn -0.1775 0.9828 -0.0515
vn 0.0486 0.9984 0.0279
vn 0.0550 0.9965 0.0630
vn 0.0532 0.9981 0.0320
vn 0.1432 0.9760 0.1642
vn 0.1318 0.9731 0.1890
vn 0.1117 0.9889 0.0985
vn 0.0080 0.9965 0.0829
vn 0.1131 0.9891 0.0939
vn 0.1323 0.9808 0.1433
vn 0.0290 0.9923 -0.1204
vn -0.0563 0.9932 -0.1018
vn -0.0531 0.9982 -0.0285
vn 0.0107 0.9988 -0.0473
vn -0.0722 0.9916 -0.1076
vn -0.0574 0.9972 -0.0484
vn 0.1344 0.9881 0.0747
vn 0.0848 0.9960 0.0278
vn 0.0376 0.9968 -0.0707
vn 0.0437 0.9910 0.1263
vn -0.1139 0.9930 0.0325
vn -0.1813 0.9834 0.0014
vn -0.0246 0.9979 -0.0595
vn -0.1037 0.9933 -0.0504
vn -0.0383 0.9992 0.0142
vn 0.0251 0.9995 0.0215
vn -0.0551 0.9983 0.0211
vn -0.0093 0.9952 -0.0973
vn -0.0645 0.9979 -0.0009
vn -0.0041 0.9996 -0.0294
vn -0.0175 0.9994 0.0311
vn 0.0117 0.9997 0.0197
vn -0.0453 0.9957 0.0806
vn -0.0117 0.9984 -0.0544
vn -0.0906 0.9884 -0.1220
vn -0.0380 0.9972 -0.0652
vn -0.0243 0.9982 0.0549
vn -0.0762 0.9970 0.0116
vn 0.0880 0.9934 0.0737
vn 0.0637 0.9966 0.0529
vn -0.0610 0.9921 0.1092
vn 0.0924 0.9957 0.0036
vn 0.0467 0.9964 0.0703
vn -0.1046 0.9881 0.1131
vn -0.1744 0.9753 0.1356
vn -0.1369 0.9885 0.0644
vn -0.1010 0.9938 -0.0468
vn -0.0194 0.9975 -0.0677
vn -0.0412 0.9991 -0.0114
vn -0.0159 0.9988 0.0470
vn -0.0165 0.9999 0.0051
vn -0.0256 0.9994 -0.0244
vn -0.0589 0.9982 0.0127
vn 0.0172 0.9983 0.0559
vn -0.0056 0.9979 0.0643
vn -0.0495 0.9987 0.0116
vn 0.0078 0.9995 0.0292
vn -0.0083 0.9999 0.0071
vn 0.0381 0.9985 -0.0395
vn 0.0637 0.9955 -0.0705
vn 0.0472 0.9987 -0.0196
vn 0.1206 0.9920 -0.0372
vn 0.1352 0.9907 -0.0129
vn 0.1196 0.9898 0.0775
vn -0.0585 0.9903 -0.1261
vn -0.0796 0.9802 -0.1814
vn -0.1324 0.9898 -0.0523
vn -0.0101 0.9964 -0.0841
vn -0.0344 0.9981 -0.0508
vn -0.0377 0.9766 -0.2117
vn 0.1160 0.9916 -0.0567
vn 0.0314 0.9962 -0.0811
vn -0.0281 0.9898 -0.1397
vn -0.0832 0.9947 -0.0598
vn -0.1752 0.9845 0.0097
vn -0.1414 0.9898 -0.0177
vn -0.0872 0.9962 -0.0059
vn -0.1675 0.9849 -0.0437
vn -0.1949 0.9808 0.0025
vn -0.0884 0.9960 0.0154
vn -0.0404 0.9990 0.0188
vn -0.0533 0.9983 0.0222
vn 0.0920 0.9908 0.0992
vn 0.0606 0.9911 0.1184
vn 0.0848 0.9756 0.2024
vn 0.0567 0.9983 0.0115
vn 0.0468 0.9985 0.0283
vn 0.0295 0.9983 0.0502
vn 0.0440 0.9967 -0.0685
vn 0.1284 0.9905 -0.0491
vn 0.1358 0.9897 0.0454
vn 0.0781 0.9791 0.1878
vn -0.0385 0.9807 0.1919
vn -0.0642 0.9961 0.0606
vn -0.0071 0.9940 0.1092
vn -0.0289 0.9916 0.1264
vn -0.0376 0.9685 0.2461
vn 0.0592 0.9982 -0.0005
vn 0.0172 0.9992 0.0354
vn 0.0966 0.9838 0.1510
vn 0.0175 0.9998 0.0050
vn -0.0481 0.9987 -0.0181
vn -0.0396 0.9991 0.0135
vn 0.0670 0.9972 -0.0323
vn -0.1001 0.9942 -0.0387
vn -0.0889 0.9953 -0.0396
vn 0.0366 0.9982 0.0465
vn 0.0767 0.9966 -0.0295
vn 0.0616 0.9979 -0.0204
vn -0.1481 0.9830 -0.1083
vn -0.1617 0.9715 -0.1733
vn -0.1455 0.9893 -0.0131
vn -0.0775 0.9943 -0.0730
vn -0.1291 0.9914 -0.0194
vn -0.1474 0.9746 -0.1686
vn -0.2131 0.9587 -0.1884
vn -0.1155 0.9776 -0.1760
vn -0.0821 0.9929 -0.0857
vn 0.0341 0.9994 0.0043
vn 0.0296 0.9982 0.0516
vn 0.0766 0.9957 0.0513
vn -0.2004 0.9781 -0.0564
vn -0.0554 0.9978 -0.0372
vn -0.0316 0.9965 0.0774
vn -0.2006 0.9767 -0.0768
vn -0.2709 0.9568 -0.1051
vn -0.2192 0.9625 -0.1600
vn 0.0264 0.9993 -0.0272
vn 0.1600 0.9870 -0.0126
vn 0.1669 0.9859 -0.0138
vn 0.0356 0.9956 0.0872
vn 0.1238 0.9878 0.0944
vn 0.1381 0.9894 0.0438
vn -0.1300 0.9863 0.1016
vn -0.1310 0.9862 0.1008
vn -0.1141 0.9928 0.0374
vn -0.2401 0.9702 -0.0335
vn -0.1260 0.9920 0.0044
vn -0.0919 0.9896 0.1110
vn -0.1573 0.9857 0.0607
vn -0.1188 0.9897 0.0802
vn -0.1271 0.9908 -0.0476
vn -0.0748 0.9972 0.0087
vn -0.1410 0.9895 0.0304
vn -0.1691 0.9796 0.1082
vn 0.0621 0.9977 0.0284
vn 0.0472 0.9989 -0.0025
vn 0.0507 0.9986 -0.0135
vn 0.1390 0.9840 0.1116
vn 0.0678 0.9909 0.1165
vn 0.0541 0.9976 -0.0427
vn 0.0980 0.9853 0.1403
vn 0.1232 0.9831 0.1356
vn 0.0897 0.9948 0.0477
vn 0.0313 0.9938 -0.1069
vn 0.0188 0.9907 -0.1344
vn 0.0043 1.0000 -0.0016
vn 0.0560 0.9983 -0.0131
vn 0.0041 1.0000 0.0023
vn 0.0187 0.9966 -0.0804
vn 0.0715 0.9970 -0.0307
vn 0.0297 0.9990 -0.0338
vn 0.0418 0.9977 -0.0541
vn 0.0543 0.9933 0.1016
vn 0.0966 0.9867 0.1306
vn 0.0676 0.9826 0.1728
vn 0.0369 0.9967 -0.0722
vn -0.0113 0.9995 -0.0304
vn 0.0453 0.9984 -0.0353
vn -0.0671 0.9927 -0.0999
vn 0.0601 0.9922 -0.1093
vn -0.0014 0.9999 -0.0130
vn -0.1239 0.9893 0.0777
vn 0.0527 0.9953 -0.0818
vn 0.0761 0.9753 0.2076
vn 0.0369 0.9986 -0.0368
vn 0.0534 0.9972 -0.0527
vn 0.0237 0.9997 0.0088
vn 0.1197 0.9910 0.0604
vn 0.1101 0.9939 -0.0080
vn 0.0591 0.9982 -0.0101
vn -0.0378 0.9920 0.1207
vn -0.2044 0.9788 0.0138
vn -0.1252 0.9921 0.0008
vn -0.0969 0.9952 -0.0155
vn 0.0331 0.9986 0.0414
vn 0.0123 0.9997 0.0222
vn -0.2435 0.9500 -0.1954
vn -0.0837 0.9955 -0.0443
vn 0.0486 0.9984 0.0294
vn -0.2209 0.9707 -0.0942
vn -0.0383 0.9908 -0.1294
vn -0.1955 0.9801 -0.0338
vn 0.0097 0.9994 -0.0342
vn 0.0675 0.9966 -0.0472
vn -0.0346 0.9991 0.0245
vn 0.0770 0.9937 0.0809
vn 0.0468 0.9738 0.2224
vn 0.0687 0.9938 0.0874
vn 0.0156 0.9965 0.0820
vn 0.0917 0.9950 0.0393
vn 0.1201 0.9785 0.1677
vn -0.0332 0.9992 -0.0244
vn -0.1241 0.9922 0.0083
vn -0.0351 0.9989 -0.0316
vn 0.0862 0.9938 -0.0697
vn -0.0038 0.9826 -0.1859
vn -0.0756 0.9969 -0.0211
vn 0.1357 0.9872 0.0836
vn -0.0283 0.9993 0.0229
vn 0.0022 0.9987 -0.0514
vn 0.0289 0.9976 0.0626
vn -0.0558 0.9983 -0.0145
vn -0.1288 0.9917 0.0019
vn -0.0473 0.9989 -0.0015
vn -0.1179 0.9902 0.0747
vn -0.0109 0.9967 0.0800
vn -0.0019 0.9996 0.0293
vn 0.0002 0.9999 -0.0147
vn -0.0461 0.9989 -0.0044
vn -0.0184 0.9936 -0.1110
vn -0.0636 0.9979 -0.0109
vn -0.0439 0.9972 0.0611
vn 0.1027 0.9945 -0.0222
vn -0.0683 0.9972 -0.0289
vn 0.0247 0.9995 -0.0187
vn 0.0503 0.9915 0.1197
vn 0.1326 0.9778 0.1620
vn 0.0917 0.9957 0.0122
vn -0.0888 0.9929 -0.0794
vn -0.1567 0.9871 0.0338
vn -0.0918 0.9900 0.1073
vn -0.0951 0.9824 -0.1610
vn 0.1219 0.9917 -0.0413
vn -0.0236 0.9997 -0.0104
vn -0.1345 0.9800 0.1464
vn -0.0824 0.9909 0.1069
vn -0.2060 0.9658 -0.1576
vn -0.0956 0.9840 0.1501
vn -0.1683 0.9856 -0.0190
vn -0.0675 0.9977 -0.0105
vn 0.0350 0.9871 -0.1564
vn -0.0910 0.9835 -0.1563
vn -0.0281 0.9991 0.0324
vn -0.0210 0.9996 0.0161
vn 0.1650 0.9853 -0.0437
vn -0.0526 0.9985 0.0181
vn 0.1530 0.9875 -0.0368
vn -0.1452 0.9882 -0.0479
vn -0.1502 0.9869 -0.0597
vn -0.0644 0.9920 -0.1089
vn 0.0090 0.9990 0.0429
vn -0.1620 0.9861 -0.0370
vn 0.0690 0.9976 -0.0091
vn -0.0824 0.9937 -0.0755
vn 0.0041 0.9935 0.1137
vn 0.0740 0.9972 -0.0053
vn 0.0760 0.9919 0.1014
vn 0.0764 0.9960 -0.0465
vn -0.0638 0.9881 0.1402
vn -0.0644 0.9881 0.1400
vn -0.1388 0.9891 0.0489
vn 0.1011 0.9902 0.0965
vn -0.1250 0.9898 0.0687
vn 0.0829 0.9963 -0.0230
vn 0.0993 0.9794 0.1758
vn -0.1204 0.9924 -0.0242
vn 0.0804 0.9824 0.1687
vn 0.0183 0.9996 0.0224
vn -0.0539 0.9985 0.0018
vn -0.1582 0.9871 -0.0252
vn -0.0340 0.9994 0.0076
vn -0.0026 0.9956 0.0934
vn -0.0612 0.9979 0.0225
vn 0.0344 0.9994 0.0067
vn -0.0436 0.9987 0.0268
vn -0.0964 0.9680 0.2315
vn -0.1229 0.9877 -0.0968
vn -0.1553 0.9794 0.1291
vn -0.0488 0.9986 0.0216
vn -0.1221 0.9705 -0.2080
vn 0.0558 0.9972 -0.0507
vn -0.0168 0.9970 0.0754
vn -0.1765 0.9842 0.0162
vn 0.0031 0.9991 -0.0427
vn 0.1529 0.9874 0.0401
vn 0.0169 0.9996 -0.0207
vn -0.1481 0.9823 0.1148
vn -0.0963 0.9953 -0.0138
vn -0.2308 0.9686 -0.0920
vn 0.0044 0.9997 0.0226
vn 0.0546 0.9960 0.0704
vn -0.1981 0.9800 0.0163
vn -0.0323 0.9968 0.0727
vn -0.2278 0.9694 -0.0914
vn -0.0265 0.9820 0.1871
vn 0.1237 0.9878 0.0949
vn -0.0146 0.9948 0.1008
vn 0.1141 0.9928 -0.0360
vn -0.0794 0.9927 -0.0910
vn -0.0782 0.9960 -0.0432
vn -0.2125 0.9543 -0.2102
vn -0.0867 0.9927 0.0834
vn -0.1776 0.9840 -0.0149
vn 0.0240 0.9987 -0.0451
vn 0.0611 0.9954 0.0741
vn 0.1024 0.9947 0.0084
vn 0.1423 0.9780 0.1524
vn 0.0026 0.9955 -0.0943
vn 0.0753 0.9971 -0.0086
vn -0.0366 0.9993 0.0007
vn 0.0214 0.9972 -0.0719
vn 0.0602 0.9974 0.0406
vn 0.0053 0.9992 -0.0396
vn 0.0048 0.9977 0.0672
vn 0.0351 0.9938 -0.1057
vn -0.0002 0.9978 -0.0665
vn -0.0274 0.9993 0.0259
vn 0.0105 0.9991 -0.0415
vn -0.0461 0.9982 0.0379
vn -0.0085 0.9974 0.0714
vn -0.1204 0.9918 0.0440
vn 0.1049 0.9902 0.0922
vn -0.1209 0.9927 0.0039
vn -0.1666 0.9859 0.0135
vn -0.0699 0.9976 0.0001
vn -0.0080 0.9981 -0.0614
vn -0.0795 0.9968 0.0106
vn 0.0132 0.9971 -0.0752
vn 0.0278 0.9968 0.0753
vn 0.0489 0.9983 0.0327
vn 0.0625 0.9944 0.0853
vn -0.0492 0.9988 -0.0078
vn -0.0387 0.9893 -0.1404
vn -0.0936 0.9729 -0.2114
vn -0.0637 0.9932 -0.0976
vn -0.0336 0.9994 -0.0011
vn -0.0789 0.9967 -0.0170
vn -0.1956 0.9806 0.0124
vn -0.0660 0.9965 -0.0520
vn 0.1452 0.9773 0.1545
vn 0.1290 0.9906 0.0463
vn 0.0567 0.9954 0.0775
vn 0.1271 0.9898 0.0641
vn 0.1035 0.9935 0.0465
vn 0.0889 0.9742 0.2073
vn -0.0766 0.9636 0.2562
vn 0.1132 0.9726 0.2029
vn -0.0088 0.9999 0.0061
vn 0.0864 0.9959 -0.0253
vn -0.0981 0.9947 -0.0319
vn 0.0701 0.9975 0.0059
vn -0.1960 0.9803 -0.0242
vn -0.0647 0.9937 -0.0910
vn -0.1884 0.9573 -0.2192
vn -0.1008 0.9938 -0.0463
vn -0.0365 0.9977 0.0576
vn -0.1134 0.9877 -0.1079
vn -0.0052 0.9958 0.0913
vn -0.1355 0.9841 -0.1153
vn -0.0986 0.9921 0.0780
vn -0.0471 0.9985 0.0291
vn 0.1580 0.9872 0.0206
vn -0.0853 0.9963 0.0144
vn -0.1081 0.9920 -0.0650
vn -0.2310 0.9722 0.0378
vn -0.0928 0.9949 -0.0399
vn -0.2325 0.9724 0.0200
vn 0.0951 0.9949 -0.0324
vn 0.0866 0.9960 0.0209
vn 0.0373 0.9986 -0.0382
vn 0.0743 0.9967 0.0328
vn 0.0480 0.9977 0.0487
vn 0.0475 0.9961 -0.0739
vn 0.0188 0.9913 -0.1302
vn 0.0476 0.9943 -0.0951
vn 0.0088 0.9804 0.1967
vn 0.0168 0.9995 -0.0260
vn 0.0794 0.9953 0.0562
vn -0.0312 0.9988 0.0381
vn -0.0917 0.9716 0.2182
vn -0.1422 0.9749 -0.1714
vn -0.1347 0.9798 0.1478
vn -0.0562 0.9983 -0.0147
vn -0.0982 0.9756 -0.1964
vn 0.1081 0.9861 -0.1260
vn -0.0100 0.9973 -0.0722
vn -0.1079 0.9937 0.0314
vn -0.0099 0.9984 -0.0552
vn 0.1746 0.9846 -0.0098
vn -0.0309 0.9995 -0.0012
vn 0.0281 0.9979 0.0586
vn -0.1523 0.9883 -0.0032
vn -0.2639 0.9599 -0.0947
vn 0.0038 1.0000 0.0075
vn -0.0001 0.9985 0.0555
vn -0.1794 0.9837 -0.0151
vn 0.0110 0.9999 0.0124
vn -0.1149 0.9917 -0.0576
vn 0.0926 0.9758 0.1982
vn 0.1377 0.9885 0.0628
vn 0.0108 0.9982 0.0588
vn 0.0350 0.9984 -0.0448
vn -0.0423 0.9972 0.0611
vn -0.0578 0.9975 0.0396
vn -0.1920 0.9739 -0.1208
vn 0.0696 0.9955 0.0645
vn -0.1678 0.9852 0.0340
vn 0.0522 0.9984 0.0223
vn 0.1146 0.9786 0.1710
vn 0.0331 0.9994 0.0054
vn 0.1160 0.9798 0.1630
vn 0.0335 0.9939 -0.1048
vn 0.0025 1.0000 -0.0094
vn -0.0983 0.9951 0.0058
vn 0.0517 0.9983 -0.0273
vn 0.0903 0.9823 0.1642
vn -0.0040 0.9994 -0.0329
vn -0.0042 0.9966 0.0823
vn -0.0138 0.9999 -0.0049
vn -0.1075 0.9902 0.0890
vn -0.1165 0.9926 -0.0333
vn -0.1186 0.9921 -0.0398
vn 0.0104 0.9995 0.0283
vn -0.1450 0.9843 -0.1003
vn 0.0309 0.9995 -0.0059
vn -0.0891 0.9950 0.0462
vn -0.1140 0.9934 0.0085
vn 0.0137 0.9999 -0.0018
vn 0.1342 0.9861 0.0981
vn 0.1052 0.9944 -0.0140
vn -0.1351 0.9814 0.1363
vn -0.0516 0.9986 0.0111
vn -0.0862 0.9893 -0.1178
vn -0.0852 0.9899 -0.1130
vn 0.0085 0.9985 0.0547
vn -0.1990 0.9800 0.0012
vn -0.0124 0.9950 0.0995
vn -0.2479 0.9547 -0.1649
vn -0.1402 0.9772 0.1592
vn 0.1229 0.9924 -0.0062
vn -0.0008 1.0000 -0.0008
vn 0.1196 0.9908 -0.0632
vn -0.0997 0.9807 -0.1682
vn -0.1047 0.9926 0.0620
vn -0.1676 0.9837 -0.0654
vn -0.1454 0.9842 0.1006
vn -0.0831 0.9952 -0.0518
vn 0.0282 0.9980 0.0565
vn 0.0543 0.9983 0.0229
vn 0.0916 0.9928 0.0767
vn 0.0859 0.9840 0.1558
vn -0.0523 0.9986 0.0090
vn 0.1072 0.9918 -0.0698
vn -0.0875 0.9961 -0.0061
vn 0.0736 0.9958 -0.0541
vn -0.0472 0.9985 -0.0267
vn -0.0469 0.9970 0.0619
vn -0.0579 0.9981 0.0198
vn -0.0259 0.9882 -0.1508
vn -0.0695 0.9976 0.0033
vn 0.0102 0.9999 -0.0068
vn -0.0321 0.9992 -0.0258
vn 0.0065 0.9985 0.0541
vn -0.0826 0.9965 -0.0149
vn -0.1186 0.9838 0.1347
vn -0.0788 0.9962 0.0361
vn -0.0507 0.9985 -0.0205
vn -0.1548 0.9879 0.0063
vn 0.0047 0.9984 0.0560
vn -0.0644 0.9961 -0.0610
vn 0.0301 0.9950 0.0952
vn 0.0032 0.9997 -0.0227
vn 0.0831 0.9965 -0.0034
vn -0.0598 0.9963 0.0617
vn 0.1497 0.9828 0.1080
vn -0.0745 0.9920 -0.1018
vn -0.0046 0.9916 -0.1293
vn -0.0227 0.9870 -0.1590
vn 0.0348 0.9987 -0.0378
vn -0.0471 0.9951 -0.0868
vn -0.0529 0.9981 0.0304
vn -0.1379 0.9902 -0.0205
vn -0.0055 0.9971 -0.0758
vn 0.1221 0.9858 0.1156
vn 0.1174 0.9931 0.0018
vn 0.0638 0.9966 0.0530
vn 0.0412 0.9945 0.0959
vn 0.1097 0.9780 0.1773
vn 0.0106 0.9948 0.1011
vn 0.0478 0.9688 0.2430
vn 0.1246 0.9813 0.1467
vn 0.0229 0.9979 0.0608
vn 0.1046 0.9942 -0.0241
vn 0.0250 0.9985 -0.0488
vn 0.0290 0.9996 -0.0063
vn -0.1802 0.9821 -0.0541
vn -0.0671 0.9895 -0.1279
vn -0.0892 0.9817 -0.1684
vn -0.1630 0.9866 -0.0087
vn -0.0382 0.9992 -0.0089
vn -0.2158 0.9722 -0.0908
vn 0.0054 1.0000 -0.0005
vn -0.2348 0.9519 -0.1970
vn -0.0695 0.9973 -0.0236
vn -0.0500 0.9953 0.0829
vn 0.0672 0.9977 0.0033
vn -0.0833 0.9965 -0.0043
vn -0.2378 0.9682 -0.0777
vn -0.1592 0.9849 0.0686
vn -0.2222 0.9746 -0.0283
vn -0.0491 0.9974 0.0528
vn 0.0693 0.9970 0.0342
vn 0.1330 0.9870 0.0900
vn 0.0858 0.9962 -0.0123
vn 0.1041 0.9938 0.0381
vn 0.0476 0.9957 -0.0789
vn 0.0389 0.9992 -0.0098
vn 0.0366 0.9934 -0.1083
vn 0.0217 0.9959 -0.0882
vn -0.0312 0.9885 0.1483
vn 0.0703 0.9921 -0.1039
vn 0.0707 0.9975 0.0023
vn -0.1308 0.9827 0.1314
vn -0.0845 0.9933 0.0790
vn -0.0117 0.9969 -0.0779
vn 0.0611 0.9939 -0.0918
vn -0.0614 0.9978 -0.0264
vn 0.0681 0.9972 -0.0318
vn 0.0164 0.9965 -0.0816
vn -0.0077 0.9987 -0.0496
vn 0.0389 0.9936 -0.1059
vn 0.0966 0.9767 0.1915
vn 0.1100 0.9804 0.1633
vn 0.0893 0.9784 0.1864
vn 0.0970 0.9761 0.1945
vn 0.0364 0.9964 -0.0761
vn 0.0463 0.9987 -0.0215
vn 0.0378 0.9992 -0.0155
vn 0.0563 0.9983 -0.0172
vn 0.0425 0.9943 -0.0982
vn 0.0748 0.9972 -0.0047
vn -0.0180 0.9997 -0.0143
vn 0.0714 0.9974 -0.0126
vn -0.0109 0.9993 0.0351
vn 0.0010 0.9959 -0.0908
vn 0.0229 0.9979 -0.0608
vn 0.0088 0.9989 -0.0470
vn 0.0899 0.9946 0.0510
vn 0.1009 0.9877 0.1199
vn 0.1165 0.9910 0.0660
vn 0.1007 0.9909 0.0888
vn 0.0926 0.9951 -0.0344
vn 0.1120 0.9908 0.0758
vn 0.0363 0.9991 0.0220
vn 0.1275 0.9913 0.0315
vn 0.0302 0.9989 -0.0361
vn 0.0514 0.9984 0.0229
vn 0.0535 0.9983 0.0217
vn 0.0481 0.9983 0.0320
vn -0.0874 0.9914 0.0978
vn -0.0826 0.9944 0.0652
vn -0.1578 0.9828 0.0958
vn -0.0623 0.9920 0.1097
vn -0.1877 0.9815 -0.0371
vn -0.1374 0.9886 0.0610
vn -0.1056 0.9943 0.0140
vn -0.1545 0.9871 0.0419
vn -0.0735 0.9934 0.0880
vn -0.1790 0.9838 0.0090
vn -0.0799 0.9944 0.0686
vn -0.1780 0.9840 0.0027
vn -0.1068 0.9942 0.0080
vn -0.1482 0.9858 0.0790
vn -0.0962 0.9934 0.0625
vn -0.1337 0.9904 0.0356
vn 0.0980 0.9949 0.0231
vn 0.0948 0.9923 0.0799
vn 0.1415 0.9874 0.0711
vn 0.0672 0.9955 0.0672
vn 0.0930 0.9955 0.0202
vn 0.1103 0.9934 -0.0308
vn 0.1814 0.9832 -0.0201
vn 0.0701 0.9971 -0.0294
vn -0.2397 0.9512 -0.1944
vn -0.2587 0.9582 -0.1224
vn -0.2268 0.9664 -0.1208
vn -0.2486 0.9579 -0.1436
vn -0.0194 0.9994 0.0299
vn -0.1261 0.9920 -0.0061
vn -0.0298 0.9985 0.0451
vn -0.1328 0.9911 -0.0122
vn 0.0845 0.9952 0.0485
vn 0.0612 0.9979 0.0190
vn 0.0362 0.9983 0.0459
vn 0.0649 0.9979 0.0074
vn -0.1371 0.9898 -0.0376
vn -0.1420 0.9720 -0.1871
vn -0.0649 0.9885 -0.1364
vn -0.1883 0.9688 -0.1611
vn -0.0830 0.9801 -0.1806
vn -0.0747 0.9960 -0.0487
vn -0.1637 0.9826 -0.0881
vn -0.0456 0.9951 -0.0874
vn -0.1637 0.9864 0.0126
vn -0.1596 0.9788 -0.1285
vn -0.1682 0.9813 -0.0932
vn -0.1791 0.9795 -0.0926
vn 0.0281 0.9995 -0.0163
vn 0.0301 0.9995 -0.0009
vn 0.0936 0.9956 -0.0093
vn 0.0109 0.9999 0.0053
vn -0.0028 0.9982 -0.0599
vn -0.0120 0.9998 -0.0172
vn -0.1404 0.9901 0.0040
vn 0.0343 0.9994 -0.0073
vn -0.0376 0.9991 0.0194
vn -0.0184 0.9998 -0.0005
vn -0.0497 0.9987 0.0121
vn -0.0215 0.9995 0.0237
vn 0.1144 0.9831 0.1432
vn 0.0527 0.9983 0.0237
vn 0.0446 0.9931 0.1087
vn 0.0628 0.9973 0.0393
vn 0.0185 0.9671 0.2537
vn -0.0011 0.9881 0.1540
vn -0.0684 0.9800 0.1868
vn 0.0133 0.9838 0.1785
vn 0.0009 0.9993 0.0376
vn 0.0259 0.9852 0.1696
vn -0.0819 0.9878 0.1327
vn 0.0499 0.9867 0.1545
vn 0.0866 0.9931 0.0791
vn 0.1127 0.9933 -0.0243
vn 0.1388 0.9903 0.0111
vn 0.0723 0.9972 0.0170
vn 0.0347 0.9983 0.0472
vn 0.0232 0.9987 0.0449
vn 0.0412 0.9984 0.0395
vn 0.0492 0.9978 0.0434
vn 0.0855 0.9788 0.1863
vn 0.0479 0.9888 0.1411
vn 0.0983 0.9771 0.1888
vn 0.0762 0.9844 0.1589
vn -0.0324 0.9992 -0.0252
vn -0.0776 0.9961 0.0427
vn -0.0478 0.9974 0.0532
vn -0.0737 0.9964 0.0411
vn -0.1690 0.9856 -0.0002
vn -0.1476 0.9889 -0.0167
vn -0.1791 0.9835 -0.0264
vn -0.1357 0.9907 0.0112
vn -0.0763 0.9968 -0.0244
vn -0.1104 0.9937 -0.0199
vn -0.1863 0.9824 0.0102
vn -0.0688 0.9971 -0.0326
vn 0.0251 0.9967 -0.0774
vn 0.0839 0.9928 -0.0855
vn -0.0098 0.9889 -0.1485
vn 0.0964 0.9911 -0.0912
vn -0.0088 0.9812 -0.1928
vn -0.0041 0.9940 -0.1096
vn -0.0684 0.9860 -0.1518
vn 0.0044 0.9879 -0.1553
vn -0.1120 0.9937 -0.0085
vn -0.0690 0.9894 -0.1275
vn -0.1275 0.9829 -0.1331
vn -0.0758 0.9935 -0.0854
vn 0.1573 0.9822 0.1028
vn 0.1526 0.9883 0.0031
vn 0.1045 0.9942 0.0261
vn 0.1448 0.9891 0.0280
vn -0.0372 0.9987 0.0337
vn 0.0006 0.9982 -0.0602
vn 0.0880 0.9939 -0.0658
vn -0.0138 0.9993 -0.0361
vn 0.0419 0.9990 -0.0137
vn -0.0250 0.9996 0.0117
vn -0.0098 0.9999 0.0042
vn -0.0246 0.9995 -0.0179
vn 0.0148 0.9963 0.0849
vn -0.0061 0.9986 0.0527
vn 0.0097 0.9977 0.0666
vn -0.0064 0.9985 0.0539
vn -0.0477 0.9977 -0.0485
vn -0.0359 0.9992 0.0200
vn -0.0123 0.9999 0.0064
vn -0.0402 0.9990 0.0181
vn -0.0843 0.9963 0.0164
vn -0.0615 0.9976 -0.0319
vn -0.0188 0.9994 -0.0277
vn -0.0938 0.9956 0.0037
vn -0.0895 0.9959 0.0117
vn -0.1522 0.9824 0.1087
vn -0.1431 0.9822 0.1215
vn -0.1122 0.9913 0.0696
vn -0.0465 0.9970 0.0617
vn -0.0097 0.9978 0.0651
vn 0.0934 0.9952 0.0280
vn -0.0704 0.9935 0.0893
vn 0.0136 0.9967 0.0802
vn 0.0143 0.9982 0.0576
vn 0.1146 0.9918 0.0566
vn -0.0096 0.9983 0.0580
vn -0.0269 0.9974 0.0662
vn -0.0588 0.9970 -0.0495
vn 0.0006 1.0000 0.0085
vn -0.0491 0.9986 -0.0190
vn -0.0142 0.9987 -0.0484
vn 0.0090 0.9997 0.0244
vn -0.0290 0.9995 0.0108
vn 0.0230 0.9997 -0.0037
vn -0.0337 0.9992 0.0233
vn -0.0498 0.9987 -0.0074
vn -0.0085 1.0000 -0.0052
vn -0.0654 0.9978 0.0056
vn -0.0070 0.9893 -0.1456
vn -0.0199 0.9997 -0.0152
vn -0.0541 0.9982 -0.0243
vn 0.0011 0.9986 -0.0522
vn -0.0482 0.9988 0.0101
vn -0.0692 0.9954 -0.0669
vn -0.0707 0.9974 -0.0154
vn -0.0558 0.9969 -0.0555
vn -0.1393 0.9902 0.0032
vn -0.0643 0.9932 0.0968
vn -0.1738 0.9842 0.0346
vn -0.0403 0.9928 0.1126
vn 0.0633 0.9963 -0.0585
vn 0.1218 0.9922 0.0259
vn 0.0296 0.9986 -0.0443
vn 0.1159 0.9932 0.0127
vn -0.0775 0.9966 -0.0279
vn -0.0402 0.9948 -0.0935
vn -0.0718 0.9935 -0.0879
vn -0.0438 0.9965 -0.0711
vn -0.0051 1.0000 0.0077
vn 0.0023 0.9949 -0.1004
vn -0.0493 0.9959 -0.0763
vn 0.0227 0.9969 -0.0751
vn 0.1016 0.9834 0.1502
vn 0.0778 0.9925 0.0938
vn 0.1290 0.9839 0.1241
vn 0.0539 0.9938 0.0973
vn 0.1152 0.9895 0.0878
vn 0.1590 0.9695 0.1865
vn 0.1150 0.9797 0.1642
vn 0.1585 0.9699 0.1849
vn 0.0934 0.9956 0.0063
vn 0.0650 0.9955 0.0685
vn 0.0291 0.9966 0.0776
vn 0.0757 0.9953 0.0607
vn -0.1082 0.9923 -0.0602
vn -0.1327 0.9911 -0.0088
vn -0.1909 0.9804 -0.0481
vn -0.1157 0.9922 -0.0463
vn -0.1445 0.9865 0.0774
vn -0.1697 0.9838 -0.0569
vn -0.0753 0.9971 -0.0055
vn -0.1722 0.9844 -0.0372
vn -0.1524 0.9818 0.1130
vn -0.1003 0.9948 0.0174
vn -0.1144 0.9934 -0.0084
vn -0.0912 0.9948 0.0454
vn -0.0987 0.9804 -0.1707
vn -0.1057 0.9873 -0.1183
vn -0.2069 0.9713 -0.1170
vn -0.0813 0.9856 -0.1483
vn 0.1243 0.9907 -0.0554
vn 0.1038 0.9946 0.0007
vn 0.0859 0.9962 0.0166
vn 0.1150 0.9932 -0.0181
vn 0.0314 0.9987 0.0393
vn 0.0220 0.9967 -0.0783
vn 0.0511 0.9976 -0.0457
vn -0.0053 0.9989 -0.0468
vn -0.1342 0.9784 0.1574
vn -0.1430 0.9762 0.1628
vn -0.0726 0.9827 0.1702
vn -0.1514 0.9765 0.1535
vn -0.0865 0.9846 0.1521
vn -0.1733 0.9689 -0.1765
vn -0.1091 0.9858 0.1275
vn -0.1037 0.9943 -0.0240
vn -0.0828 0.9911 -0.1045
vn 0.0726 0.9858 -0.1514
vn -0.0518 0.9912 -0.1215
vn -0.0627 0.9976 0.0309
vn -0.0205 0.9994 -0.0269
vn 0.1774 0.9839 -0.0215
vn -0.0341 0.9993 0.0144
vn 0.1087 0.9941 0.0069
vn -0.1566 0.9875 -0.0206
vn -0.2118 0.9740 -0.0808
vn -0.0267 0.9981 -0.0558
vn -0.0102 0.9987 0.0490
vn -0.1684 0.9846 -0.0470
vn 0.0476 0.9989 -0.0054
vn -0.0869 0.9923 -0.0882
vn 0.0653 0.9837 0.1676
vn 0.1144 0.9931 0.0264
vn 0.0396 0.9967 0.0710
vn 0.0369 0.9978 -0.0548
vn -0.0578 0.9916 0.1156
vn -0.0613 0.9936 0.0945
vn -0.1655 0.9856 -0.0358
vn 0.0990 0.9925 0.0712
vn -0.1412 0.9886 0.0530
vn 0.0684 0.9975 0.0187
vn 0.1185 0.9732 0.1972
vn -0.0457 0.9989 -0.0053
vn 0.0834 0.9803 0.1788
vn 0.0270 0.9990 -0.0351
vn -0.0327 0.9994 -0.0086
vn -0.1388 0.9903 -0.0090
vn 0.0331 0.9995 -0.0008
vn 0.0570 0.9868 0.1517
vn -0.0343 0.9994 -0.0020
vn 0.0082 0.9986 0.0527
vn -0.0167 0.9996 0.0233
vn -0.0966 0.9821 0.1619
vn -0.1092 0.9925 -0.0556
vn -0.1408 0.9884 0.0568
vn -0.0332 0.9991 0.0247
vn -0.1331 0.9762 -0.1714
vn 0.0144 0.9997 -0.0193
vn -0.0598 0.9931 0.1008
vn -0.1654 0.9862 0.0005
vn 0.0067 1.0000 -0.0046
vn 0.1442 0.9877 0.0605
vn 0.0773 0.9969 -0.0120
vn -0.1752 0.9766 0.1250
vn -0.0669 0.9977 0.0098
vn -0.1750 0.9796 -0.0985
vn -0.0403 0.9984 -0.0406
vn 0.0499 0.9965 0.0668
vn -0.2010 0.9794 0.0174
vn -0.0151 0.9958 0.0908
vn -0.2575 0.9565 -0.1371
vn -0.1066 0.9805 0.1650
vn 0.1159 0.9920 0.0504
vn -0.0136 0.9973 0.0718
vn 0.1319 0.9901 -0.0487
vn -0.0884 0.9852 -0.1470
vn -0.0956 0.9952 -0.0224
vn -0.1976 0.9696 -0.1445
vn -0.1379 0.9857 0.0968
vn -0.1319 0.9906 -0.0367
vn 0.0188 0.9996 -0.0198
vn 0.0469 0.9978 0.0461
vn 0.0916 0.9954 0.0289
vn 0.1199 0.9801 0.1580
vn -0.0276 0.9992 -0.0288
vn 0.0987 0.9933 -0.0608
vn -0.0632 0.9980 -0.0087
vn 0.0386 0.9969 -0.0685
vn 0.0062 0.9999 -0.0107
vn -0.0211 0.9997 -0.0104
vn -0.0199 0.9991 0.0386
vn 0.0188 0.9892 -0.1452
vn -0.0485 0.9983 -0.0312
vn 0.0070 0.9998 0.0188
vn -0.0167 0.9989 -0.0444
vn -0.0416 0.9976 0.0560
vn -0.0437 0.9986 0.0289
vn -0.1218 0.9871 0.1043
vn 0.0154 0.9977 0.0659
vn -0.1044 0.9945 -0.0073
vn -0.1697 0.9854 0.0140
vn -0.0252 0.9989 0.0396
vn -0.0341 0.9973 -0.0651
vn -0.0253 0.9975 0.0659
vn 0.0034 0.9978 -0.0656
vn 0.0563 0.9978 0.0341
vn -0.0057 0.9985 0.0539
vn 0.1363 0.9858 0.0983
vn -0.0650 0.9963 -0.0563
vn -0.0151 0.9852 -0.1709
vn -0.0321 0.9814 -0.1895
vn -0.0274 0.9971 -0.0716
vn -0.0307 0.9982 -0.0511
vn -0.0715 0.9968 0.0365
vn -0.1793 0.9838 0.0022
vn -0.0392 0.9978 -0.0538
vn 0.1351 0.9803 0.1438
vn 0.1313 0.9910 0.0281
vn 0.0311 0.9978 0.0593
vn 0.1043 0.9913 0.0800
vn 0.1055 0.9858 0.1303
vn 0.0529 0.9854 0.1620
vn -0.0062 0.9674 0.2531
vn 0.1312 0.9748 0.1805
vn -0.0030 0.9985 0.0546
vn 0.1025 0.9945 -0.0200
vn -0.0350 0.9980 -0.0529
vn 0.0453 0.9989 0.0102
vn -0.2032 0.9776 -0.0540
vn -0.0418 0.9924 -0.1154
vn -0.1242 0.9700 -0.2089
vn -0.1201 0.9927 -0.0068
vn -0.0312 0.9994 0.0142
vn -0.1683 0.9798 -0.1081
vn 0.0090 0.9984 0.0565
vn -0.2043 0.9655 -0.1617
vn -0.0850 0.9964 0.0019
vn -0.0464 0.9974 0.0546
vn 0.1274 0.9918 0.0088
vn -0.1055 0.9944 0.0109
vn -0.1822 0.9793 -0.0887
vn -0.1842 0.9795 0.0815
vn -0.1669 0.9851 -0.0406
vn -0.1508 0.9876 0.0426
vn 0.0832 0.9965 0.0059
vn 0.1134 0.9930 0.0320
vn 0.0672 0.9972 -0.0338
vn 0.0806 0.9959 0.0399
vn 0.0488 0.9987 -0.0170
vn 0.0450 0.9986 -0.0272
vn 0.0252 0.9912 -0.1297
vn 0.0402 0.9945 -0.0970
vn -0.0161 0.9817 0.1896
vn 0.0525 0.9946 -0.0894
vn 0.0810 0.9964 0.0265
vn -0.0821 0.9925 0.0911
vn -0.0955 0.9612 0.2587
vn -0.1397 0.9802 -0.1407
vn -0.1534 0.9746 0.1634
vn -0.0349 0.9994 0.0047
vn -0.1118 0.9678 -0.2254
vn 0.0949 0.9914 -0.0898
vn 0.0048 1.0000 0.0055
vn -0.1479 0.9886 0.0287
vn -0.0013 0.9973 -0.0736
vn 0.1643 0.9863 0.0136
vn -0.0211 0.9996 -0.0167
vn -0.0602 0.9932 0.0992
vn -0.1288 0.9913 -0.0287
vn -0.2653 0.9593 -0.0971
vn 0.0177 0.9989 0.0433
vn 0.0344 0.9973 0.0650
vn -0.1906 0.9816 0.0057
vn -0.0282 0.9986 0.0443
vn -0.1689 0.9846 -0.0447
vn 0.0514 0.9777 0.2038
vn 0.1382 0.9859 0.0944
vn -0.0054 0.9962 0.0873
vn 0.0778 0.9964 -0.0343
vn -0.0568 0.9983 -0.0138
vn -0.0629 0.9979 -0.0145
vn -0.2102 0.9569 -0.2002
vn 0.0054 0.9974 0.0720
vn -0.1847 0.9827 0.0101
vn 0.0359 0.9992 -0.0150
vn 0.0908 0.9895 0.1126
vn 0.0901 0.9959 0.0070
vn 0.1442 0.9779 0.1516
vn 0.0255 0.9904 -0.1359
vn 0.0424 0.9990 0.0135
vn -0.0574 0.9983 0.0092
vn 0.0249 0.9981 -0.0566
vn 0.0914 0.9902 0.1056
vn 0.0138 0.9991 -0.0398
vn -0.0017 0.9962 0.0865
vn 0.0140 0.9985 -0.0526
vn -0.1266 0.9920 0.0037
vn -0.1228 0.9917 -0.0392
vn -0.0969 0.9887 -0.1145
vn 0.0201 0.9992 0.0355
vn -0.1550 0.9871 -0.0396
vn 0.0666 0.9978 -0.0062
vn -0.0897 0.9956 -0.0280
vn -0.0487 0.9975 0.0507
vn 0.0337 0.9992 -0.0220
vn 0.1103 0.9866 0.1199
vn 0.1019 0.9944 -0.0287
vn -0.0805 0.9864 0.1435
vn -0.0553 0.9983 0.0193
vn -0.0037 0.9900 -0.1408
vn -0.1046 0.9813 -0.1617
vn -0.0196 0.9990 0.0402
vn -0.1890 0.9819 -0.0144
vn -0.0604 0.9930 0.1019
vn -0.2154 0.9636 -0.1581
vn -0.1076 0.9817 0.1573
vn 0.1422 0.9887 -0.0466
vn 0.0183 0.9930 -0.1164
vn 0.1363 0.9887 -0.0620
vn -0.1047 0.9799 -0.1696
vn -0.1173 0.9886 0.0940
vn -0.1360 0.9898 -0.0421
vn -0.1332 0.9871 0.0888
vn -0.0827 0.9950 -0.0565
vn 0.0628 0.9904 0.1232
vn 0.0690 0.9976 -0.0013
vn 0.0855 0.9878 0.1303
vn 0.0823 0.9878 0.1319
vn -0.0599 0.9982 0.0077
vn 0.0994 0.9937 -0.0521
vn -0.0761 0.9971 0.0026
vn 0.0731 0.9967 -0.0344
vn -0.0701 0.9975 0.0095
vn -0.0615 0.9899 0.1280
vn -0.0768 0.9969 0.0186
vn -0.0697 0.9894 -0.1276
vn -0.0589 0.9980 0.0208
vn -0.0328 0.9987 -0.0389
vn -0.0425 0.9991 0.0065
vn 0.0226 0.9988 0.0433
vn -0.1109 0.9937 -0.0175
vn -0.1103 0.9856 0.1285
vn -0.1191 0.9928 0.0138
vn 0.0004 0.9995 -0.0320
vn -0.1177 0.9928 -0.0240
vn 0.0107 0.9974 0.0715
vn -0.0913 0.9951 -0.0375
vn 0.0701 0.9937 0.0872
vn 0.0116 0.9987 0.0498
vn 0.0966 0.9949 -0.0283
vn -0.0219 0.9972 0.0716
vn 0.1381 0.9845 0.1079
vn -0.0661 0.9919 -0.1083
vn -0.0048 0.9984 -0.0561
vn -0.0413 0.9911 -0.1266
vn 0.0610 0.9981 -0.0004
vn -0.0687 0.9947 -0.0760
vn -0.0413 0.9991 0.0070
vn -0.0930 0.9948 -0.0422
vn 0.0111 0.9941 -0.1078
vn 0.1205 0.9899 0.0751
vn 0.0867 0.9949 -0.0519
vn 0.1132 0.9921 0.0544
vn -0.0113 0.9947 0.1020
vn 0.1093 0.9729 0.2036
vn -0.0272 0.9976 0.0632
vn 0.0870 0.9706 0.2246
vn 0.0942 0.9896 0.1087
vn 0.0571 0.9982 0.0177
vn 0.1033 0.9944 -0.0226
vn 0.0652 0.9976 -0.0227
vn 0.0254 0.9993 -0.0264
vn -0.1244 0.9905 -0.0586
vn -0.1192 0.9852 -0.1232
vn -0.0860 0.9905 -0.1074
vn -0.1974 0.9789 -0.0525
vn -0.0657 0.9962 -0.0569
vn -0.2433 0.9658 -0.0899
vn -0.0424 0.9971 -0.0638
vn -0.2294 0.9492 -0.2153
vn -0.0557 0.9984 -0.0057
vn -0.0456 0.9948 0.0906
vn -0.0097 0.9999 0.0070
vn -0.0640 0.9976 -0.0245
vn -0.2558 0.9664 -0.0255
vn -0.1728 0.9847 0.0214
vn -0.2500 0.9682 -0.0064
vn -0.0075 0.9988 0.0477
vn 0.0686 0.9972 0.0304
vn 0.1444 0.9796 0.1397
vn 0.0785 0.9968 0.0139
vn 0.1466 0.9887 0.0324
vn 0.0477 0.9933 -0.1056
vn 0.0278 0.9984 -0.0484
vn 0.0459 0.9944 -0.0955
vn 0.0067 0.9977 -0.0669
vn -0.0174 0.9979 0.0623
vn 0.0511 0.9949 -0.0873
vn 0.0268 0.9996 0.0031
vn -0.1560 0.9763 0.1502
vn -0.0421 0.9991 -0.0020
vn -0.0035 0.9901 -0.1405
vn 0.0160 0.9982 -0.0584
vn -0.1177 0.9930 0.0039
vn 0.0410 0.9951 -0.0896
vn -0.0067 0.9999 -0.0117
vn 0.0214 0.9963 -0.0827
vn 0.0603 0.9920 -0.1109
vn 0.1133 0.9719 0.2065
vn 0.0931 0.9937 0.0627
vn 0.1093 0.9740 0.1983
vn 0.0213 0.9827 0.1839
vn 0.0431 0.9985 -0.0339
vn 0.0487 0.9973 -0.0541
vn 0.0387 0.9990 -0.0214
vn 0.0378 0.9993 -0.0014
vn 0.0638 0.9971 -0.0416
vn 0.0681 0.9976 -0.0088
vn 0.0460 0.9987 -0.0219
vn 0.0499 0.9987 -0.0098
vn -0.0061 0.9998 -0.0205
vn 0.0187 0.9914 -0.1295
vn -0.0002 0.9986 -0.0530
vn 0.0396 0.9982 -0.0447
vn 0.0953 0.9930 0.0699
vn 0.1041 0.9818 0.1589
vn 0.1015 0.9914 0.0832
vn 0.1293 0.9884 0.0799
vn 0.1084 0.9940 -0.0115
vn 0.1030 0.9834 0.1493
vn 0.0854 0.9960 0.0267
vn 0.1302 0.9904 0.0459
vn 0.0377 0.9992 0.0135
vn 0.0715 0.9974 -0.0081
vn 0.0435 0.9988 0.0204
vn 0.0652 0.9974 0.0319
vn -0.0804 0.9872 0.1378
vn -0.0933 0.9955 -0.0192
vn -0.1120 0.9874 0.1118
vn -0.0714 0.9934 0.0898
vn -0.1574 0.9875 -0.0047
vn -0.1456 0.9872 0.0659
vn -0.1332 0.9909 0.0209
vn -0.1673 0.9834 0.0697
vn -0.1315 0.9901 0.0494
vn -0.1991 0.9796 -0.0261
vn -0.1384 0.9891 0.0506
vn -0.2089 0.9761 -0.0599
vn -0.1332 0.9908 0.0226
vn -0.1475 0.9828 0.1114
vn -0.1436 0.9883 0.0510
vn -0.1074 0.9940 0.0211
vn 0.0961 0.9939 0.0540
vn 0.0911 0.9927 0.0788
vn 0.1182 0.9907 0.0674
vn -0.0036 0.9977 0.0671
vn 0.1119 0.9936 -0.0158
vn 0.1033 0.9946 -0.0116
vn 0.1466 0.9888 -0.0265
vn -0.0282 0.9993 -0.0243
vn -0.2586 0.9505 -0.1722
vn -0.2455 0.9651 -0.0909
vn -0.2637 0.9536 -0.1455
vn -0.2070 0.9711 -0.1186
vn -0.0820 0.9963 0.0242
vn -0.1352 0.9875 -0.0812
vn -0.0809 0.9962 0.0321
vn -0.1718 0.9824 -0.0727
vn 0.0746 0.9970 0.0186
vn 0.0355 0.9989 0.0320
vn 0.0623 0.9978 0.0214
vn 0.0141 0.9999 0.0011
vn -0.1392 0.9826 -0.1227
vn -0.1469 0.9711 -0.1884
vn -0.1069 0.9820 -0.1559
vn -0.2506 0.9554 -0.1563
vn -0.0640 0.9910 -0.1175
vn -0.1023 0.9942 -0.0335
vn -0.1005 0.9919 -0.0771
vn -0.0391 0.9931 -0.1101
vn -0.1721 0.9830 -0.0640
vn -0.1237 0.9755 -0.1821
vn -0.1593 0.9818 -0.1032
vn -0.1945 0.9784 -0.0705
vn 0.0199 0.9997 -0.0132
vn 0.0690 0.9974 0.0192
vn 0.0389 0.9992 -0.0034
vn 0.0106 0.9998 0.0144
vn -0.0070 0.9997 -0.0248
vn -0.0095 0.9997 -0.0239
vn -0.0573 0.9984 -0.0017
vn 0.0958 0.9953 -0.0104
vn -0.0332 0.9993 0.0183
vn -0.0065 0.9992 -0.0392
vn -0.0309 0.9995 0.0084
vn -0.0065 0.9986 0.0525
vn 0.0793 0.9935 0.0822
vn 0.0347 0.9994 0.0002
vn 0.0647 0.9957 0.0665
vn 0.0544 0.9980 0.0317
vn 0.0091 0.9759 0.2179
vn -0.0076 0.9946 0.1036
vn -0.0101 0.9818 0.1897
vn 0.0242 0.9882 0.1515
vn 0.0151 0.9929 0.1181
vn 0.0261 0.9745 0.2231
vn -0.0106 0.9894 0.1448
vn 0.0935 0.9828 0.1595
vn 0.1046 0.9937 0.0405
vn 0.1029 0.9880 -0.1149
vn 0.1327 0.9911 0.0082
vn 0.0077 0.9994 0.0331
vn 0.0294 0.9984 0.0480
vn 0.0141 0.9999 0.0064
vn 0.0247 0.9985 0.0494
vn 0.1065 0.9940 0.0254
vn 0.0648 0.9806 0.1849
vn 0.0399 0.9965 0.0736
vn 0.0581 0.9825 0.1772
vn 0.1192 0.9830 0.1397
vn -0.0590 0.9975 0.0399
vn -0.0812 0.9967 0.0037
vn -0.0587 0.9965 0.0593
vn -0.0592 0.9982 0.0110
vn -0.1674 0.9859 0.0068
vn -0.1278 0.9917 -0.0123
vn -0.1757 0.9844 -0.0100
vn -0.0845 0.9958 0.0339
vn -0.0836 0.9962 -0.0238
vn -0.1464 0.9891 -0.0163
vn -0.1246 0.9922 -0.0059
vn -0.0377 0.9975 -0.0591
vn 0.0585 0.9921 -0.1113
vn 0.0954 0.9948 -0.0348
vn 0.0379 0.9922 -0.1188
vn 0.1123 0.9909 -0.0747
vn 0.0033 0.9830 -0.1834
vn -0.0228 0.9995 -0.0230
vn -0.0093 0.9889 -0.1486
vn -0.0035 0.9872 -0.1593
vn -0.0936 0.9937 -0.0614
vn -0.0385 0.9857 -0.1642
vn -0.0923 0.9898 -0.1086
vn -0.0713 0.9944 -0.0784
vn 0.1595 0.9853 0.0613
vn 0.1380 0.9894 -0.0450
vn 0.1518 0.9878 0.0348
vn 0.1247 0.9920 0.0204
vn -0.0199 0.9994 -0.0301
vn 0.0185 0.9980 -0.0609
vn 0.0232 0.9981 -0.0572
vn 0.0366 0.9993 -0.0014
vn 0.0068 0.9999 -0.0084
vn -0.0418 0.9978 0.0507
vn -0.0033 0.9999 0.0112
vn -0.0192 0.9988 -0.0445
vn 0.0152 0.9968 0.0788
vn -0.0292 0.9990 0.0339
vn 0.0155 0.9970 0.0764
vn -0.0248 0.9997 0.0040
vn -0.0446 0.9990 -0.0047
vn -0.0145 0.9987 0.0489
vn -0.0374 0.9993 0.0094
vn -0.0240 0.9990 0.0386
vn -0.0765 0.9971 -0.0040
vn -0.0516 0.9961 -0.0709
vn -0.0472 0.9988 -0.0126
vn -0.1439 0.9894 0.0183
vn -0.1222 0.9907 0.0600
vn -0.1632 0.9774 0.1340
vn -0.1566 0.9825 0.1008
vn -0.0545 0.9978 0.0376
vn -0.0445 0.9963 0.0731
vn 0.0444 0.9980 0.0451
vn 0.0139 0.9985 0.0536
vn -0.1115 0.9867 0.1183
vn 0.0266 0.9968 0.0760
vn -0.0178 0.9988 0.0461
vn 0.0582 0.9959 0.0698
vn -0.0546 0.9982 0.0243
vn -0.0390 0.9987 0.0339
vn -0.0806 0.9877 -0.1339
vn -0.0357 0.9994 0.0031
vn -0.0588 0.9961 -0.0654
vn 0.0071 0.9995 -0.0323
vn -0.0201 0.9967 0.0789
vn -0.0090 0.9999 -0.0053
vn 0.0231 0.9997 0.0046
vn -0.0510 0.9985 0.0174
vn -0.0344 0.9990 -0.0284
vn -0.0310 0.9995 0.0049
vn -0.0691 0.9976 -0.0036
vn -0.0137 0.9957 -0.0912
vn -0.0235 0.9989 0.0416
vn -0.0324 0.9984 -0.0472
vn -0.0015 0.9995 -0.0305
vn -0.0616 0.9974 -0.0362
vn -0.0748 0.9962 -0.0446
vn -0.0727 0.9962 -0.0483
vn -0.0308 0.9989 -0.0343
vn -0.1105 0.9924 0.0543
vn -0.0151 0.9962 0.0860
vn -0.1314 0.9890 0.0680
vn 0.0488 0.9867 0.1552
vn 0.0903 0.9956 -0.0268
vn 0.1467 0.9856 0.0841
vn 0.0858 0.9961 -0.0189
vn 0.1288 0.9911 0.0331
vn -0.0645 0.9954 -0.0704
vn -0.0085 0.9977 -0.0677
vn -0.0632 0.9935 -0.0943
vn -0.0247 0.9992 -0.0307
vn 0.0001 0.9986 -0.0531
vn -0.0091 0.9957 -0.0917
vn -0.0300 0.9964 -0.0792
vn 0.0353 0.9970 -0.0686
vn 0.0915 0.9885 0.1200
vn 0.0730 0.9931 0.0914
vn 0.1073 0.9880 0.1112
vn 0.0164 0.9970 0.0752
vn 0.1479 0.9764 0.1576
vn 0.1466 0.9733 0.1766
vn 0.1424 0.9744 0.1739
vn 0.1378 0.9718 0.1913
vn 0.0828 0.9951 0.0536
vn 0.0449 0.9986 0.0283
vn 0.0684 0.9946 0.0787
vn 0.0675 0.9970 0.0381
vn -0.1228 0.9908 -0.0570
vn -0.1354 0.9906 0.0215
vn -0.1536 0.9875 -0.0367
vn -0.1015 0.9922 -0.0719
vn -0.1492 0.9888 0.0100
vn -0.2061 0.9679 -0.1439
vn -0.1358 0.9906 -0.0167
vn -0.1834 0.9808 -0.0660
vn -0.1266 0.9905 0.0537
vn -0.0920 0.9958 0.0042
vn -0.1273 0.9917 0.0180
vn -0.0582 0.9962 0.0642
vn -0.1072 0.9796 -0.1697
vn -0.0979 0.9952 -0.0083
vn -0.1489 0.9772 -0.1513
vn -0.0405 0.9927 -0.1134
vn 0.1168 0.9928 -0.0272
vn 0.0922 0.9954 0.0274
vn 0.1043 0.9945 -0.0045
vn 0.1557 0.9877 -0.0172
vn 0.0218 0.9994 -0.0257
vn 0.0285 0.9941 -0.1051
vn 0.0381 0.9981 -0.0475
vn -0.0226 0.9989 -0.0398
vn -0.1409 0.9783 0.1521
vn -0.1227 0.9823 0.1412
vn -0.1328 0.9782 0.1598
vn -0.1326 0.9818 0.1360
vn -0.1561 0.9745 0.1614
vn -0.1566 0.9742 0.1626
vn -0.1511 0.9744 0.1665
vn -0.1522 0.9743 0.1659
vn -0.1113 0.9819 0.1535
vn -0.0838 0.9914 0.1007
vn -0.0688 0.9907 0.1177
vn -0.1224 0.9817 0.1459
vn -0.0757 0.9821 0.1728
vn -0.1015 0.9807 0.1669
vn -0.0484 0.9821 0.1819
vn -0.1194 0.9801 0.1587
vn -0.0192 0.9974 -0.0688
vn -0.0000 0.9960 -0.0890
vn 0.0045 0.9953 -0.0964
vn -0.0094 0.9968 -0.0792
vn 0.0473 0.9957 -0.0797
vn 0.0461 0.9932 -0.1069
vn 0.0495 0.9935 -0.1025
vn 0.0388 0.9939 -0.1032
vn 0.0550 0.9973 0.0481
vn 0.0497 0.9986 -0.0202
vn 0.0539 0.9985 0.0109
vn 0.0433 0.9991 0.0048
vn 0.1288 0.9916 -0.0064
vn 0.1270 0.9917 0.0216
vn 0.1091 0.9940 0.0095
vn 0.1535 0.9881 0.0053
vn 0.0859 0.9961 0.0189
vn 0.0747 0.9966 0.0334
vn 0.0716 0.9969 0.0325
vn 0.0869 0.9960 0.0210
vn 0.1196 0.9919 -0.0432
vn 0.1055 0.9943 -0.0122
vn 0.1032 0.9943 -0.0253
vn 0.1193 0.9921 -0.0384
vn -0.0458 0.9942 -0.0972
vn -0.0249 0.9997 0.0026
vn -0.0606 0.9964 -0.0599
vn -0.0088 0.9992 -0.0393
vn -0.2014 0.9733 -0.1098
vn -0.2090 0.9777 -0.0180
vn -0.2392 0.9690 -0.0627
vn -0.1596 0.9848 -0.0693
vn -0.1156 0.9840 -0.1352
vn -0.1663 0.9752 -0.1461
vn -0.1493 0.9824 -0.1119
vn -0.1237 0.9792 -0.1610
vn -0.0634 0.9974 0.0334
vn -0.0627 0.9980 -0.0033
vn -0.0758 0.9971 0.0117
vn -0.0527 0.9985 0.0127
vn -0.1180 0.9930 -0.0042
vn -0.1039 0.9946 0.0035
vn -0.0950 0.9954 -0.0110
vn -0.1062 0.9943 0.0031
vn -0.1667 0.9816 0.0930
vn -0.1438 0.9893 0.0236
vn -0.1352 0.9898 0.0457
vn -0.1562 0.9853 0.0694
vn -0.1961 0.9765 -0.0899
vn -0.2261 0.9575 -0.1791
vn -0.2035 0.9724 -0.1142
vn -0.2120 0.9659 -0.1483
vn -0.1170 0.9927 -0.0289
vn -0.1523 0.9833 -0.0998
vn -0.0951 0.9948 -0.0376
vn -0.1630 0.9838 -0.0745
vn -0.1127 0.9912 0.0694
vn -0.1058 0.9943 0.0151
vn -0.0758 0.9964 0.0389
vn -0.1304 0.9904 0.0459
vn -0.1243 0.9918 -0.0295
vn -0.1638 0.9865 -0.0034
vn -0.1377 0.9904 0.0127
vn -0.1411 0.9896 -0.0262
vn -0.1681 0.9856 -0.0196
vn -0.1319 0.9913 -0.0013
vn -0.1562 0.9875 -0.0223
vn -0.1424 0.9897 0.0147
vn -0.1704 0.9844 -0.0433
vn -0.1802 0.9823 -0.0507
vn -0.1951 0.9797 -0.0465
vn -0.1480 0.9873 -0.0574
vn 0.0611 0.9971 0.0446
vn 0.0364 0.9993 0.0053
vn 0.0520 0.9978 0.0406
vn 0.0456 0.9988 0.0157
vn 0.0536 0.9954 0.0795
vn 0.0565 0.9977 0.0383
vn 0.0489 0.9972 0.0568
vn 0.0566 0.9966 0.0606
vn 0.0524 0.9986 0.0073
vn 0.0528 0.9966 0.0626
vn 0.0198 0.9993 0.0316
vn 0.0773 0.9965 0.0302
vn 0.1508 0.9716 0.1822
vn 0.1293 0.9808 0.1458
vn 0.1539 0.9726 0.1745
vn 0.1260 0.9802 0.1526
vn 0.1293 0.9745 0.1836
vn 0.1302 0.9722 0.1945
vn 0.1209 0.9747 0.1882
vn 0.1468 0.9712 0.1876
vn 0.1033 0.9931 0.0551
vn 0.1188 0.9832 0.1383
vn 0.1086 0.9898 0.0924
vn 0.1230 0.9863 0.1096
vn 0.0154 0.9967 0.0794
vn 0.0045 0.9955 0.0944
vn 0.0398 0.9954 0.0875
vn -0.0043 0.9970 0.0768
vn 0.1163 0.9877 0.1048
vn 0.1145 0.9899 0.0830
vn 0.1203 0.9882 0.0949
vn 0.0974 0.9909 0.0925
vn 0.1341 0.9792 0.1521
vn 0.1279 0.9831 0.1310
vn 0.1402 0.9792 0.1469
vn 0.1178 0.9831 0.1401
vn 0.0337 0.9941 -0.1035
vn 0.0190 0.9933 -0.1143
vn 0.0181 0.9934 -0.1131
vn 0.0330 0.9913 -0.1273
vn -0.0553 0.9935 -0.0990
vn -0.0569 0.9949 -0.0836
vn -0.0599 0.9933 -0.0989
vn -0.0315 0.9942 -0.1031
vn -0.0532 0.9986 0.0059
vn -0.0534 0.9970 -0.0559
vn -0.0450 0.9986 -0.0288
vn -0.0322 0.9991 -0.0281
vn -0.0122 0.9985 -0.0542
vn 0.0328 0.9991 -0.0283
vn -0.0043 0.9976 -0.0697
vn 0.0199 0.9995 -0.0239
vn -0.0728 0.9916 -0.1068
vn -0.0674 0.9935 -0.0920
vn -0.0783 0.9909 -0.1096
vn -0.0505 0.9936 -0.1015
vn -0.0501 0.9985 -0.0243
vn -0.0644 0.9953 -0.0730
vn -0.0537 0.9978 -0.0395
vn -0.0661 0.9964 -0.0525
vn 0.1287 0.9904 0.0494
vn 0.1378 0.9857 0.0973
vn 0.1377 0.9882 0.0671
vn 0.1408 0.9869 0.0783
vn 0.0720 0.9974 -0.0055
vn 0.0957 0.9933 0.0648
vn 0.0462 0.9988 0.0169
vn 0.1165 0.9923 0.0413
vn 0.0310 0.9966 -0.0765
vn 0.0471 0.9973 -0.0561
vn 0.0203 0.9969 -0.0761
vn 0.0567 0.9966 -0.0599
vn 0.0282 0.9898 0.1397
vn 0.0524 0.9924 0.1114
vn 0.0041 0.9938 0.1112
vn 0.0754 0.9880 0.1346
vn -0.1410 0.9890 0.0453
vn -0.0835 0.9960 0.0320
vn -0.1357 0.9907 0.0045
vn -0.0798 0.9949 0.0621
vn -0.1800 0.9837 0.0017
vn -0.1752 0.9842 0.0246
vn -0.1837 0.9830 0.0007
vn -0.1610 0.9869 0.0069
vn -0.0331 0.9977 -0.0588
vn -0.0203 0.9988 -0.0456
vn -0.0482 0.9968 -0.0645
vn -0.0048 0.9987 -0.0510
vn -0.0907 0.9947 -0.0487
vn -0.1132 0.9930 -0.0338
vn -0.1042 0.9938 -0.0380
vn -0.0916 0.9940 -0.0598
vn -0.0201 0.9991 0.0372
vn -0.0570 0.9983 -0.0113
vn -0.0301 0.9990 0.0337
vn -0.0474 0.9989 -0.0023
vn 0.0182 0.9998 -0.0084
vn 0.0283 0.9988 0.0409
vn 0.0081 0.9998 0.0180
vn 0.0204 0.9994 0.0276
vn -0.0523 0.9986 -0.0051
vn -0.0523 0.9979 0.0382
vn -0.0631 0.9978 0.0196
vn -0.0440 0.9988 0.0202
vn 0.0124 0.9929 -0.1185
vn -0.0285 0.9972 -0.0686
vn -0.0163 0.9971 -0.0745
vn -0.0083 0.9934 -0.1148
vn -0.0709 0.9975 0.0019
vn -0.0529 0.9986 -0.0049
vn -0.0562 0.9984 -0.0107
vn -0.0681 0.9976 0.0081
vn -0.0071 0.9999 -0.0151
vn -0.0027 0.9993 -0.0371
vn 0.0087 0.9994 -0.0335
vn -0.0247 0.9994 -0.0261
vn -0.0192 0.9992 0.0353
vn -0.0146 0.9997 0.0188
vn -0.0296 0.9993 0.0249
vn -0.0286 0.9991 0.0304
vn 0.0250 0.9996 0.0107
vn -0.0132 0.9996 0.0253
vn 0.0098 0.9992 0.0383
vn 0.0059 1.0000 -0.0009
vn -0.0351 0.9985 0.0409
vn -0.0562 0.9920 0.1130
vn -0.0496 0.9947 0.0905
vn -0.0249 0.9973 0.0687
vn -0.0068 0.9984 -0.0560
vn -0.0181 0.9993 -0.0334
vn -0.0058 0.9989 -0.0460
vn -0.0095 0.9984 -0.0557
vn -0.0727 0.9939 -0.0827
vn -0.1022 0.9829 -0.1532
vn -0.0818 0.9908 -0.1074
vn -0.0966 0.9860 -0.1360
vn -0.0232 0.9993 -0.0284
vn -0.0600 0.9933 -0.0984
vn -0.0210 0.9988 -0.0448
vn -0.0549 0.9951 -0.0819
vn -0.0346 0.9977 0.0579
vn -0.0173 0.9992 0.0364
vn -0.0156 0.9990 0.0425
vn -0.0338 0.9976 0.0612
vn -0.0560 0.9981 0.0243
vn -0.0950 0.9954 0.0093
vn -0.0430 0.9986 0.0316
vn -0.0932 0.9956 -0.0076
vn 0.0924 0.9933 0.0701
vn 0.0776 0.9940 0.0772
vn 0.1215 0.9895 0.0787
vn 0.0455 0.9969 0.0640
vn 0.0427 0.9982 0.0433
vn 0.0800 0.9950 0.0602
vn 0.0817 0.9962 0.0315
vn 0.0435 0.9966 0.0702
vn -0.0819 0.9904 0.1113
vn -0.0385 0.9943 0.0995
vn -0.0247 0.9961 0.0842
vn -0.0877 0.9880 0.1275
vn 0.0724 0.9972 0.0205
vn 0.1149 0.9933 -0.0096
vn 0.1186 0.9928 -0.0164
vn 0.0569 0.9980 0.0284
vn 0.0525 0.9955 0.0786
vn 0.0483 0.9972 0.0562
vn 0.0886 0.9934 0.0725
vn -0.0018 0.9976 0.0695
vn -0.0958 0.9918 0.0849
vn -0.1080 0.9852 0.1332
vn -0.1348 0.9836 0.1196
vn -0.0762 0.9914 0.1062
vn -0.1688 0.9772 0.1285
vn -0.1759 0.9754 0.1332
vn -0.1504 0.9789 0.1382
vn -0.1757 0.9757 0.1312
vn -0.1269 0.9913 0.0339
vn -0.1487 0.9847 0.0914
vn -0.1307 0.9887 0.0737
vn -0.1265 0.9907 0.0508
vn -0.1110 0.9937 -0.0156
vn -0.0901 0.9943 -0.0574
vn -0.0779 0.9954 -0.0557
vn -0.1234 0.9918 -0.0347
vn -0.0233 0.9988 -0.0442
vn -0.0186 0.9972 -0.0724
vn -0.0087 0.9975 -0.0699
vn -0.0355 0.9972 -0.0654
vn -0.0429 0.9990 0.0142
vn -0.0367 0.9992 -0.0170
vn -0.0281 0.9995 -0.0138
vn -0.0597 0.9982 -0.0081
vn -0.0246 0.9990 0.0362
vn -0.0089 0.9975 0.0696
vn -0.0239 0.9990 0.0381
vn -0.0037 0.9985 0.0541
vn -0.0247 0.9997 0.0082
vn -0.0014 0.9999 0.0145
vn -0.0014 1.0000 -0.0060
vn -0.0249 0.9996 0.0166
vn -0.0227 0.9987 -0.0456
vn -0.0277 0.9996 -0.0048
vn -0.0115 0.9997 -0.0220
vn -0.0373 0.9989 -0.0266
vn -0.0415 0.9990 0.0176
vn -0.0686 0.9975 0.0173
vn -0.0405 0.9988 0.0260
vn -0.0683 0.9977 -0.0006
vn 0.0203 0.9976 0.0661
vn 0.0090 0.9984 0.0558
vn 0.0206 0.9980 0.0595
vn 0.0026 0.9988 0.0486
vn -0.0270 0.9983 0.0518
vn 0.0095 0.9973 0.0734
vn -0.0261 0.9987 0.0434
vn 0.0089 0.9969 0.0785
vn -0.0416 0.9990 -0.0148
vn -0.0527 0.9976 0.0453
vn -0.0531 0.9984 0.0194
vn -0.0275 0.9996 0.0083
vn 0.0001 0.9998 0.0190
vn 0.0171 0.9989 0.0439
vn 0.0189 0.9997 0.0167
vn -0.0111 0.9994 0.0333
vn -0.0065 1.0000 0.0064
vn -0.0080 0.9999 0.0089
vn -0.0283 0.9996 0.0046
vn 0.0139 0.9999 0.0016
vn 0.0236 0.9992 -0.0320
vn 0.0492 0.9979 -0.0416
vn 0.0149 0.9985 -0.0529
vn 0.0648 0.9975 -0.0271
vn 0.0636 0.9955 -0.0700
vn 0.0616 0.9960 -0.0645
vn 0.0879 0.9938 -0.0676
vn 0.0328 0.9970 -0.0699
vn 0.0375 0.9992 0.0170
vn 0.0551 0.9974 -0.0456
vn 0.0735 0.9969 -0.0296
vn 0.0088 0.9999 -0.0111
vn 0.1243 0.9922 -0.0091
vn 0.1180 0.9914 -0.0574
vn 0.1322 0.9907 -0.0317
vn 0.1269 0.9912 -0.0372
vn 0.1357 0.9907 0.0089
vn 0.1317 0.9908 -0.0305
vn 0.1163 0.9931 -0.0131
vn 0.1459 0.9891 -0.0170
vn 0.1115 0.9893 0.0936
vn 0.1272 0.9903 0.0565
vn 0.0824 0.9943 0.0679
vn 0.1470 0.9856 0.0833
vn -0.0673 0.9920 -0.1067
vn -0.0459 0.9900 -0.1331
vn -0.0540 0.9890 -0.1379
vn -0.0657 0.9909 -0.1175
vn -0.0933 0.9834 -0.1559
vn -0.0665 0.9788 -0.1938
vn -0.1092 0.9752 -0.1924
vn -0.0621 0.9840 -0.1671
vn -0.1431 0.9893 -0.0278
vn -0.1203 0.9890 -0.0858
vn -0.1447 0.9875 -0.0618
vn -0.1183 0.9921 -0.0409
vn -0.0026 0.9922 -0.1243
vn -0.0194 0.9989 -0.0438
vn -0.0105 0.9972 -0.0745
vn -0.0088 0.9958 -0.0913
vn -0.0322 0.9945 -0.1000
vn -0.0374 0.9993 -0.0086
vn -0.0595 0.9969 -0.0516
vn -0.0199 0.9982 -0.0558
vn -0.0449 0.9759 -0.2135
vn -0.0334 0.9817 -0.1877
vn -0.0798 0.9725 -0.2187
vn -0.0122 0.9786 -0.2053
vn 0.1150 0.9907 -0.0722
vn 0.1129 0.9929 -0.0384
vn 0.1086 0.9924 -0.0571
vn 0.1146 0.9916 -0.0592
vn 0.0187 0.9935 -0.1119
vn 0.0415 0.9980 -0.0477
vn 0.0079 0.9959 -0.0907
vn 0.0639 0.9955 -0.0696
vn -0.0439 0.9928 -0.1111
vn -0.0118 0.9892 -0.1460
vn -0.0352 0.9873 -0.1548
vn 0.0046 0.9925 -0.1223
vn -0.0648 0.9963 -0.0566
vn -0.1008 0.9936 -0.0501
vn -0.1046 0.9937 -0.0404
vn -0.0670 0.9948 -0.0771
vn -0.1650 0.9862 0.0090
vn -0.1848 0.9827 0.0103
vn -0.1927 0.9811 0.0165
vn -0.1531 0.9882 -0.0035
vn -0.1365 0.9904 -0.0223
vn -0.1481 0.9889 -0.0072
vn -0.1770 0.9841 -0.0117
vn -0.1076 0.9939 -0.0234
vn -0.0981 0.9952 0.0078
vn -0.0799 0.9968 0.0014
vn -0.1127 0.9935 -0.0157
vn -0.0634 0.9980 0.0031
vn -0.1753 0.9838 -0.0371
vn -0.1604 0.9866 -0.0287
vn -0.1678 0.9846 -0.0496
vn -0.1562 0.9871 -0.0355
vn -0.1954 0.9807 0.0075
vn -0.1906 0.9816 -0.0060
vn -0.1907 0.9817 -0.0011
vn -0.1874 0.9823 0.0045
vn -0.0824 0.9962 0.0274
vn -0.0890 0.9960 0.0060
vn -0.0897 0.9958 0.0178
vn -0.0777 0.9969 0.0124
vn -0.0431 0.9981 0.0446
vn -0.0404 0.9992 0.0051
vn -0.0344 0.9993 0.0158
vn -0.0615 0.9979 0.0199
vn -0.0556 0.9984 -0.0140
vn -0.0503 0.9975 0.0491
vn -0.0614 0.9979 0.0184
vn -0.0498 0.9985 0.0209
vn 0.0952 0.9872 0.1277
vn 0.0919 0.9932 0.0714
vn 0.0655 0.9927 0.1017
vn 0.1098 0.9892 0.0974
vn 0.0696 0.9854 0.1557
vn 0.0508 0.9950 0.0864
vn 0.0821 0.9883 0.1288
vn 0.0433 0.9929 0.1105
vn 0.0841 0.9772 0.1950
vn 0.0824 0.9765 0.1990
vn 0.0982 0.9749 0.1996
vn 0.0733 0.9772 0.1993
vn 0.0697 0.9972 0.0272
vn 0.0417 0.9990 -0.0161
vn 0.0311 0.9992 0.0243
vn 0.0818 0.9966 -0.0041
vn 0.0397 0.9984 0.0398
vn 0.0519 0.9986 0.0078
vn 0.0574 0.9981 0.0202
vn 0.0299 0.9990 0.0331
vn 0.0336 0.9979 0.0555
vn 0.0295 0.9984 0.0478
vn 0.0391 0.9978 0.0534
vn 0.0238 0.9985 0.0484
vn 0.0389 0.9991 -0.0179
vn 0.0459 0.9909 -0.1265
vn 0.0783 0.9945 -0.0697
vn 0.0253 0.9977 -0.0626
vn 0.1375 0.9903 -0.0175
vn 0.1144 0.9895 -0.0878
vn 0.1202 0.9921 -0.0358
vn 0.1260 0.9902 -0.0595
vn 0.1284 0.9900 0.0593
vn 0.1406 0.9897 0.0286
vn 0.1387 0.9895 0.0398
vn 0.1220 0.9911 0.0534
vn 0.0769 0.9818 0.1735
vn 0.0757 0.9739 0.2142
vn 0.0548 0.9805 0.1887
vn 0.0970 0.9775 0.1873
vn -0.0400 0.9855 0.1648
vn -0.0389 0.9727 0.2287
vn -0.0763 0.9782 0.1933
vn -0.0037 0.9816 0.1907
vn -0.0751 0.9970 0.0198
vn -0.0538 0.9933 0.1021
vn -0.0995 0.9938 0.0502
vn -0.0277 0.9971 0.0705
vn 0.0065 0.9906 0.1364
vn -0.0190 0.9958 0.0896
vn -0.0040 0.9928 0.1199
vn -0.0109 0.9955 0.0944
vn -0.0310 0.9873 0.1556
vn -0.0279 0.9938 0.1074
vn -0.0627 0.9902 0.1247
vn -0.0106 0.9919 0.1266
vn -0.0388 0.9651 0.2591
vn -0.0358 0.9746 0.2211
vn -0.0738 0.9667 0.2450
vn -0.0089 0.9694 0.2454
vn 0.0578 0.9982 0.0136
vn 0.0605 0.9981 -0.0072
vn 0.0524 0.9986 -0.0003
vn 0.0628 0.9980 0.0038
vn 0.0376 0.9977 0.0567
vn -0.0016 0.9996 0.0275
vn 0.0005 0.9984 0.0563
vn 0.0321 0.9993 0.0175
vn 0.1119 0.9779 0.1768
vn 0.0784 0.9897 0.1194
vn 0.0854 0.9818 0.1696
vn 0.1002 0.9861 0.1328
vn 0.0003 0.9997 0.0252
vn 0.0341 0.9993 -0.0178
vn 0.0038 0.9999 -0.0102
vn 0.0295 0.9993 0.0236
vn -0.0417 0.9991 -0.0028
vn -0.0569 0.9978 -0.0335
vn -0.0694 0.9976 -0.0077
vn -0.0289 0.9993 -0.0224
vn -0.0410 0.9989 0.0228
vn -0.0378 0.9992 0.0103
vn -0.0465 0.9989 0.0111
vn -0.0376 0.9992 0.0160
vn 0.0690 0.9974 -0.0206
vn 0.0659 0.9976 -0.0210
vn 0.0309 0.9990 -0.0315
vn 0.0925 0.9951 -0.0338
vn -0.1032 0.9945 -0.0176
vn -0.0939 0.9949 -0.0357
vn -0.1363 0.9897 -0.0441
vn -0.0571 0.9978 -0.0346
vn -0.0783 0.9957 -0.0484
vn -0.0974 0.9951 -0.0143
vn -0.1258 0.9916 -0.0288
vn -0.0469 0.9978 -0.0477
vn 0.0172 0.9994 0.0286
vn 0.0621 0.9954 0.0733
vn 0.0397 0.9990 0.0224
vn 0.0378 0.9968 0.0699
vn 0.0701 0.9973 -0.0203
vn 0.0850 0.9963 -0.0156
vn 0.0971 0.9947 -0.0344
vn 0.0581 0.9981 -0.0180
vn 0.0599 0.9982 -0.0099
vn 0.0635 0.9979 -0.0134
vn 0.0861 0.9960 -0.0243
vn 0.0380 0.9991 -0.0207
vn -0.1725 0.9803 -0.0958
vn -0.1171 0.9850 -0.1266
vn -0.1448 0.9803 -0.1345
vn -0.1523 0.9852 -0.0791
vn -0.1612 0.9772 -0.1379
vn -0.1595 0.9656 -0.2056
vn -0.1841 0.9681 -0.1699
vn -0.1479 0.9745 -0.1688
vn -0.1376 0.9901 0.0279
vn -0.1525 0.9866 -0.0578
vn -0.1464 0.9892 -0.0035
vn -0.1551 0.9877 -0.0198
vn -0.0538 0.9951 -0.0827
vn -0.1025 0.9921 -0.0724
vn -0.0785 0.9957 -0.0490
vn -0.0829 0.9915 -0.1001
vn -0.1335 0.9902 -0.0411
vn -0.1250 0.9919 -0.0235
vn -0.1391 0.9899 -0.0278
vn -0.1085 0.9939 -0.0202
vn -0.1517 0.9676 -0.2019
vn -0.1428 0.9818 -0.1249
vn -0.1818 0.9676 -0.1751
vn -0.1053 0.9811 -0.1622
vn -0.2230 0.9579 -0.1806
vn -0.2023 0.9628 -0.1790
vn -0.1805 0.9637 -0.1968
vn -0.2286 0.9577 -0.1749
vn -0.0977 0.9809 -0.1681
vn -0.1345 0.9766 -0.1675
vn -0.1040 0.9826 -0.1541
vn -0.1249 0.9736 -0.1913
vn -0.0931 0.9943 -0.0521
vn -0.0792 0.9897 -0.1189
vn -0.0622 0.9936 -0.0939
vn -0.1048 0.9912 -0.0807
vn 0.0437 0.9990 0.0051
vn 0.0162 0.9998 -0.0132
vn 0.0499 0.9986 0.0172
vn -0.0003 1.0000 -0.0089
vn 0.0394 0.9985 0.0371
vn 0.0179 0.9976 0.0672
vn 0.0142 0.9980 0.0612
vn 0.0434 0.9982 0.0411
vn 0.0902 0.9937 0.0670
vn 0.0630 0.9973 0.0386
vn 0.0678 0.9954 0.0674
vn 0.0814 0.9959 0.0392
vn -0.1819 0.9823 -0.0455
vn -0.2082 0.9749 -0.0787
vn -0.1719 0.9841 -0.0444
vn -0.2173 0.9735 -0.0712
vn -0.0579 0.9983 0.0089
vn -0.0474 0.9942 -0.0965
vn -0.0195 0.9988 -0.0442
vn -0.0955 0.9948 -0.0345
vn -0.0149 0.9966 0.0810
vn -0.0453 0.9969 0.0650
vn -0.0237 0.9958 0.0886
vn -0.0406 0.9975 0.0573
vn -0.2161 0.9712 -0.1006
vn -0.1861 0.9801 -0.0694
vn -0.2288 0.9692 -0.0913
vn -0.1729 0.9831 -0.0598
vn -0.2644 0.9570 -0.1193
vn -0.2733 0.9569 -0.0984
vn -0.2557 0.9617 -0.0982
vn -0.2684 0.9574 -0.1061
vn -0.1977 0.9675 -0.1575
vn -0.2382 0.9593 -0.1514
vn -0.1835 0.9733 -0.1381
vn -0.2412 0.9541 -0.1775
vn 0.0246 0.9992 -0.0329
vn 0.0281 0.9995 -0.0139
vn 0.0690 0.9972 -0.0272
vn -0.0184 0.9995 -0.0242
vn 0.1660 0.9859 -0.0208
vn 0.1534 0.9882 -0.0004
vn 0.1713 0.9852 -0.0055
vn 0.1379 0.9903 -0.0192
vn 0.1553 0.9877 -0.0159
vn 0.1713 0.9850 -0.0187
vn 0.1781 0.9838 -0.0216
vn 0.1422 0.9898 -0.0052
vn 0.0339 0.9961 0.0812
vn 0.0387 0.9959 0.0813
vn 0.0676 0.9941 0.0849
vn -0.0024 0.9959 0.0905
vn 0.1303 0.9878 0.0850
vn 0.1145 0.9891 0.0921
vn 0.1280 0.9863 0.1039
vn 0.1121 0.9898 0.0879
vn 0.1420 0.9894 0.0295
vn 0.1357 0.9892 0.0554
vn 0.1476 0.9879 0.0473
vn 0.1208 0.9918 0.0414
vn -0.1258 0.9895 0.0714
vn -0.1345 0.9850 0.1084
vn -0.1418 0.9843 0.1048
vn -0.1178 0.9884 0.0963
vn -0.1327 0.9877 0.0823
vn -0.1260 0.9868 0.1022
vn -0.0971 0.9905 0.0971
vn -0.1468 0.9837 0.1040
vn -0.1072 0.9939 0.0265
vn -0.1225 0.9915 0.0445
vn -0.0872 0.9953 0.0432
vn -0.1233 0.9920 0.0274
vn -0.2230 0.9742 -0.0336
vn -0.2459 0.9689 -0.0282
vn -0.2196 0.9753 -0.0216
vn -0.2518 0.9667 -0.0449
vn -0.1205 0.9921 0.0342
vn -0.1292 0.9914 -0.0223
vn -0.0853 0.9963 0.0082
vn -0.1633 0.9866 -0.0015
vn -0.0798 0.9883 0.1299
vn -0.1031 0.9908 0.0881
vn -0.0735 0.9902 0.1186
vn -0.0996 0.9905 0.0949
vn -0.1547 0.9858 0.0653
vn -0.1666 0.9850 0.0454
vn -0.1487 0.9866 0.0673
vn -0.1625 0.9853 0.0534
vn -0.1176 0.9914 0.0581
vn -0.1233 0.9892 0.0794
vn -0.1102 0.9903 0.0843
vn -0.1291 0.9886 0.0770
vn -0.1295 0.9902 -0.0519
vn -0.1235 0.9920 -0.0257
vn -0.1014 0.9937 -0.0472
vn -0.1525 0.9875 -0.0408
vn -0.0701 0.9960 0.0553
vn -0.0774 0.9966 -0.0287
vn -0.0730 0.9973 0.0126
vn -0.0850 0.9964 0.0067
vn -0.1369 0.9882 0.0692
vn -0.1499 0.9887 -0.0017
vn -0.1562 0.9870 0.0379
vn -0.1154 0.9930 0.0236
vn -0.1867 0.9794 0.0767
vn -0.1521 0.9810 0.1206
vn -0.1948 0.9769 0.0879
vn -0.1290 0.9840 0.1227
vn 0.0573 0.9977 0.0364
vn 0.0706 0.9974 0.0150
vn 0.0626 0.9978 0.0199
vn 0.0635 0.9974 0.0333
vn 0.0469 0.9988 0.0129
vn 0.0482 0.9986 -0.0215
vn 0.0441 0.9990 -0.0006
vn 0.0541 0.9985 0.0011
vn 0.0538 0.9979 -0.0363
vn 0.0486 0.9988 0.0094
vn 0.0635 0.9979 -0.0094
vn 0.0384 0.9992 -0.0143
vn 0.1370 0.9876 0.0770
vn 0.1382 0.9808 0.1376
vn 0.1280 0.9853 0.1128
vn 0.1424 0.9832 0.1143
vn 0.0618 0.9954 0.0738
vn 0.0746 0.9856 0.1514
vn 0.0533 0.9929 0.1064
vn 0.0867 0.9890 0.1198
vn 0.0519 0.9975 -0.0473
vn 0.0560 0.9983 -0.0187
vn 0.0345 0.9984 -0.0438
vn 0.0790 0.9961 -0.0388
vn 0.1063 0.9876 0.1153
vn 0.0877 0.9849 0.1495
vn 0.0956 0.9845 0.1467
vn 0.1116 0.9854 0.1288
vn 0.1160 0.9874 0.1077
vn 0.1293 0.9801 0.1505
vn 0.1328 0.9829 0.1275
vn 0.1127 0.9833 0.1427
vn 0.0811 0.9958 0.0422
vn 0.0994 0.9935 0.0559
vn 0.0941 0.9949 0.0362
vn 0.0885 0.9945 0.0562
vn 0.0279 0.9963 -0.0814
vn 0.0363 0.9931 -0.1111
vn 0.0181 0.9934 -0.1132
vn 0.0413 0.9938 -0.1035
vn 0.0156 0.9948 -0.1010
vn 0.0209 0.9895 -0.1432
vn 0.0264 0.9905 -0.1351
vn 0.0105 0.9915 -0.1298
vn 0.0011 0.9996 0.0295
vn 0.0079 0.9996 -0.0263
vn 0.0145 0.9999 -0.0053
vn -0.0063 1.0000 0.0014
vn 0.0596 0.9982 -0.0037
vn 0.0480 0.9984 -0.0297
vn 0.0722 0.9974 -0.0079
vn 0.0432 0.9989 -0.0189
vn 0.0076 1.0000 -0.0036
vn 0.0007 1.0000 0.0041
vn -0.0307 0.9995 0.0057
vn 0.0452 0.9990 -0.0008
vn 0.0209 0.9936 -0.1106
vn 0.0154 0.9987 -0.0485
vn 0.0019 0.9972 -0.0741
vn 0.0384 0.9961 -0.0788
vn 0.0659 0.9977 -0.0140
vn 0.0770 0.9960 -0.0445
vn 0.0645 0.9973 -0.0347
vn 0.0510 0.9984 -0.0245
vn 0.0330 0.9993 -0.0180
vn 0.0274 0.9980 -0.0569
vn 0.0294 0.9991 -0.0299
vn 0.0353 0.9987 -0.0361
vn 0.0437 0.9961 -0.0771
vn 0.0393 0.9987 -0.0329
vn 0.0439 0.9977 -0.0517
vn 0.0404 0.9976 -0.0554
vn 0.0584 0.9866 0.1523
vn 0.0523 0.9974 0.0490
vn 0.0852 0.9907 0.1062
vn 0.0149 0.9947 0.1018
vn 0.0990 0.9802 0.1716
vn 0.0891 0.9923 0.0859
vn 0.0982 0.9859 0.1352
vn 0.1030 0.9870 0.1232
vn 0.0438 0.9872 0.1535
vn 0.0852 0.9779 0.1910
vn 0.0493 0.9876 0.1489
vn 0.0930 0.9774 0.1898
vn 0.0461 0.9940 -0.0993
vn 0.0208 0.9987 -0.0457
vn 0.0192 0.9980 -0.0599
vn 0.0539 0.9950 -0.0841
vn -0.0020 0.9982 -0.0595
vn -0.0166 0.9998 0.0050
vn -0.0395 0.9990 -0.0226
vn -0.0003 0.9993 -0.0383
vn 0.0623 0.9981 -0.0007
vn 0.0278 0.9979 -0.0590
vn 0.0393 0.9991 -0.0143
vn 0.0510 0.9973 -0.0522
vn -0.0776 0.9954 -0.0567
vn -0.0576 0.9897 -0.1309
vn -0.0390 0.9935 -0.1072
vn -0.0948 0.9913 -0.0911
vn 0.0585 0.9938 -0.0946
vn 0.0508 0.9910 -0.1237
vn 0.0696 0.9922 -0.1032
vn 0.0332 0.9931 -0.1123
vn -0.0305 0.9992 0.0254
vn 0.0250 0.9985 -0.0477
vn 0.0199 0.9990 -0.0402
vn -0.0291 0.9995 0.0149
vn -0.1383 0.9837 0.1147
vn -0.1076 0.9936 0.0350
vn -0.0969 0.9935 0.0600
vn -0.1425 0.9856 0.0914
vn 0.0522 0.9976 -0.0464
vn 0.0525 0.9931 -0.1045
vn 0.0552 0.9954 -0.0780
vn 0.0464 0.9960 -0.0766
vn 0.0781 0.9754 0.2059
vn 0.0711 0.9761 0.2052
vn 0.1002 0.9732 0.2068
vn 0.0399 0.9783 0.2031
vn 0.0245 0.9980 -0.0581
vn 0.0484 0.9986 -0.0188
vn 0.0408 0.9980 -0.0476
vn 0.0229 0.9994 -0.0267
vn 0.0480 0.9958 -0.0786
vn 0.0575 0.9980 -0.0279
vn 0.0570 0.9966 -0.0599
vn 0.0498 0.9975 -0.0496
vn 0.0204 0.9989 0.0423
vn 0.0254 0.9995 -0.0173
vn 0.0050 1.0000 0.0064
vn 0.0387 0.9992 0.0108
vn 0.1226 0.9912 0.0491
vn 0.1165 0.9908 0.0689
vn 0.1022 0.9928 0.0624
vn 0.1382 0.9888 0.0563
vn 0.0959 0.9954 -0.0081
vn 0.1228 0.9924 0.0062
vn 0.1111 0.9936 -0.0214
vn 0.1060 0.9943 0.0071
vn 0.0595 0.9978 -0.0296
vn 0.0570 0.9982 0.0169
vn 0.0429 0.9990 -0.0098
vn 0.0752 0.9971 -0.0133
vn -0.0282 0.9951 0.0943
vn -0.0500 0.9908 0.1259
vn -0.0511 0.9903 0.1289
vn -0.0359 0.9938 0.1054
vn -0.2258 0.9742 -0.0041
vn -0.1812 0.9828 0.0351
vn -0.1913 0.9815 -0.0088
vn -0.2105 0.9768 0.0387
vn -0.0860 0.9961 0.0171
vn -0.1624 0.9866 -0.0164
vn -0.1126 0.9929 0.0378
vn -0.1376 0.9897 -0.0383
vn -0.0826 0.9964 -0.0189
vn -0.1104 0.9939 -0.0028
vn -0.1094 0.9940 -0.0004
vn -0.0879 0.9957 -0.0294
vn 0.0316 0.9992 0.0235
vn 0.0338 0.9979 0.0549
vn 0.0671 0.9969 0.0403
vn -0.0037 0.9991 0.0433
vn 0.0006 0.9984 0.0558
vn 0.0186 0.9998 -0.0094
vn 0.0621 0.9980 0.0132
vn -0.0398 0.9988 0.0302
vn -0.2425 0.9468 -0.2113
vn -0.2392 0.9565 -0.1672
vn -0.2517 0.9479 -0.1953
vn -0.2283 0.9547 -0.1907
vn -0.0459 0.9981 -0.0421
vn -0.1211 0.9917 -0.0431
vn -0.0656 0.9978 -0.0061
vn -0.1069 0.9910 -0.0809
vn 0.0459 0.9978 0.0487
vn 0.0496 0.9987 0.0132
vn 0.0699 0.9971 0.0287
vn 0.0133 0.9994 0.0321
vn -0.2063 0.9767 -0.0584
vn -0.2285 0.9649 -0.1294
vn -0.1832 0.9794 -0.0844
vn -0.2413 0.9644 -0.1079
vn -0.0567 0.9887 -0.1389
vn -0.0316 0.9929 -0.1145
vn -0.0481 0.9887 -0.1420
vn -0.0385 0.9924 -0.1166
vn -0.1890 0.9820 -0.0050
vn -0.1957 0.9788 -0.0606
vn -0.1841 0.9825 -0.0296
vn -0.2022 0.9786 -0.0378
vn 0.0163 0.9994 -0.0320
vn 0.0061 0.9998 -0.0168
vn 0.0132 0.9995 -0.0288
vn 0.0122 0.9992 -0.0390
vn 0.0599 0.9970 -0.0492
vn 0.0710 0.9971 -0.0262
vn 0.0352 0.9981 -0.0515
vn 0.0890 0.9952 -0.0400
vn -0.0342 0.9993 0.0118
vn -0.0281 0.9990 0.0355
vn -0.0378 0.9991 0.0216
vn -0.0256 0.9993 0.0274
vn 0.0929 0.9901 0.1052
vn 0.0655 0.9963 0.0562
vn 0.0881 0.9914 0.0966
vn 0.0643 0.9956 0.0682
vn 0.0591 0.9700 0.2359
vn 0.0331 0.9796 0.1983
vn 0.0319 0.9717 0.2341
vn 0.0598 0.9765 0.2069
vn 0.0668 0.9967 0.0453
vn 0.0713 0.9894 0.1268
vn 0.0406 0.9956 0.0842
vn 0.0905 0.9919 0.0888
vn 0.0092 0.9953 0.0964
vn 0.0235 0.9980 0.0579
vn 0.0564 0.9957 0.0731
vn -0.0066 0.9960 0.0887
vn 0.0932 0.9947 0.0432
vn 0.0874 0.9955 0.0376
vn 0.0599 0.9973 0.0428
vn 0.1158 0.9926 0.0370
vn 0.1282 0.9778 0.1654
vn 0.1109 0.9805 0.1622
vn 0.0963 0.9791 0.1789
vn 0.1347 0.9781 0.1586
vn -0.0135 0.9981 -0.0596
vn -0.0528 0.9986 0.0067
vn -0.0405 0.9992 -0.0049
vn -0.0239 0.9987 -0.0441
vn -0.1226 0.9924 -0.0111
vn -0.1194 0.9926 0.0212
vn -0.1491 0.9888 0.0068
vn -0.0992 0.9950 0.0106
vn -0.0384 0.9991 -0.0154
vn -0.0387 0.9985 -0.0399
vn -0.0525 0.9982 -0.0306
vn -0.0269 0.9992 -0.0311
vn 0.0702 0.9967 -0.0414
vn 0.0997 0.9916 -0.0820
vn 0.0694 0.9938 -0.0863
vn 0.0926 0.9942 -0.0546
vn -0.0147 0.9857 -0.1681
vn 0.0015 0.9835 -0.1808
vn 0.0017 0.9812 -0.1930
vn -0.0138 0.9840 -0.1775
vn -0.0757 0.9971 0.0001
vn -0.0750 0.9960 -0.0493
vn -0.0889 0.9958 -0.0236
vn -0.0647 0.9976 -0.0235
vn 0.1380 0.9849 0.1044
vn 0.1324 0.9897 0.0553
vn 0.1513 0.9848 0.0857
vn 0.1295 0.9883 0.0800
vn -0.0420 0.9978 0.0519
vn -0.0113 0.9999 -0.0008
vn -0.0429 0.9990 0.0084
vn 0.0020 0.9992 0.0392
vn 0.0194 0.9985 -0.0503
vn -0.0146 0.9988 -0.0461
vn 0.0147 0.9994 -0.0322
vn 0.0005 0.9978 -0.0663
vn 0.0449 0.9959 0.0791
vn 0.0069 0.9989 0.0465
vn 0.0249 0.9966 0.0780
vn 0.0318 0.9987 0.0393
vn -0.0672 0.9971 -0.0362
vn -0.0447 0.9990 0.0081
vn -0.0526 0.9983 -0.0231
vn -0.0556 0.9985 0.0001
vn -0.1297 0.9914 0.0181
vn -0.1254 0.9921 0.0077
vn -0.1054 0.9944 -0.0008
vn -0.1500 0.9887 0.0030
vn -0.0319 0.9994 -0.0151
vn -0.0652 0.9976 0.0228
vn -0.0765 0.9969 0.0164
vn -0.0225 0.9996 -0.0184
vn -0.1172 0.9919 0.0493
vn -0.1117 0.9893 0.0937
vn -0.0911 0.9932 0.0721
vn -0.1236 0.9893 0.0770
vn -0.0053 0.9960 0.0897
vn -0.0217 0.9978 0.0630
vn 0.0042 0.9964 0.0844
vn -0.0203 0.9974 0.0690
vn 0.0162 0.9988 0.0463
vn -0.0254 0.9997 -0.0015
vn -0.0137 0.9987 0.0483
vn -0.0084 0.9999 0.0062
vn -0.0198 0.9997 -0.0152
vn 0.0172 0.9998 -0.0088
vn 0.0005 0.9994 -0.0336
vn -0.0029 1.0000 0.0057
vn -0.0248 0.9996 -0.0135
vn -0.0619 0.9981 0.0007
vn -0.0493 0.9987 0.0124
vn -0.0376 0.9990 -0.0256
vn -0.0327 0.9905 -0.1332
vn -0.0045 0.9968 -0.0796
vn -0.0114 0.9925 -0.1217
vn -0.0349 0.9949 -0.0949
vn -0.0698 0.9975 0.0063
vn -0.0544 0.9981 -0.0304
vn -0.0616 0.9980 -0.0155
vn -0.0600 0.9982 -0.0004
vn -0.0694 0.9970 0.0352
vn -0.0170 0.9948 0.1006
vn -0.0872 0.9955 0.0368
vn -0.0034 0.9960 0.0897
vn 0.0931 0.9949 -0.0379
vn 0.1123 0.9937 -0.0011
vn 0.0921 0.9952 -0.0332
vn 0.1035 0.9946 -0.0093
vn -0.0793 0.9967 -0.0145
vn -0.0530 0.9977 -0.0422
vn -0.0730 0.9965 -0.0410
vn -0.0589 0.9981 -0.0157
vn 0.0206 0.9997 0.0142
vn 0.0292 0.9986 -0.0449
vn 0.0156 0.9996 -0.0228
vn 0.0264 0.9996 -0.0141
vn 0.0634 0.9887 0.1357
vn 0.0375 0.9940 0.1024
vn 0.0713 0.9889 0.1301
vn 0.0480 0.9934 0.1043
vn 0.1132 0.9843 0.1352
vn 0.1456 0.9726 0.1811
vn 0.1366 0.9802 0.1436
vn 0.1237 0.9761 0.1784
vn 0.0994 0.9950 -0.0058
vn 0.0833 0.9959 0.0360
vn 0.0934 0.9954 0.0196
vn 0.0853 0.9963 0.0043
vn -0.0832 0.9938 -0.0731
vn -0.0973 0.9924 -0.0746
vn -0.0968 0.9927 -0.0719
vn -0.0839 0.9929 -0.0848
vn -0.1476 0.9866 0.0702
vn -0.1679 0.9858 -0.0082
vn -0.1537 0.9872 0.0419
vn -0.1557 0.9875 0.0223
vn -0.1005 0.9862 0.1315
vn -0.0814 0.9934 0.0805
vn -0.1171 0.9885 0.0962
vn -0.0717 0.9907 0.1155
vn -0.1044 0.9797 -0.1709
vn -0.0803 0.9851 -0.1521
vn -0.0989 0.9805 -0.1699
vn -0.0820 0.9859 -0.1456
vn 0.1184 0.9913 -0.0583
vn 0.1257 0.9917 -0.0282
vn 0.1160 0.9923 -0.0439
vn 0.1490 0.9882 -0.0357
vn -0.0181 0.9995 0.0257
vn -0.0261 0.9992 -0.0298
vn -0.0015 1.0000 -0.0054
vn -0.0255 0.9996 -0.0136
vn -0.1309 0.9793 0.1542
vn -0.1408 0.9799 0.1414
vn -0.1428 0.9783 0.1501
vn -0.1134 0.9835 0.1410
vn -0.1214 0.9837 0.1325
vn -0.1467 0.9781 0.1477
vn -0.1408 0.9777 0.1558
vn -0.0259 0.9992 -0.0294
vn -0.0052 0.9996 -0.0283
vn 0.0048 0.9995 0.0327
vn 0.1536 0.9878 -0.0244
vn 0.1163 0.9928 -0.0299
vn 0.1164 0.9915 -0.0589
vn -0.0621 0.9892 -0.1325
vn -0.0915 0.9820 -0.1654
vn -0.1018 0.9795 -0.1741
vn -0.0649 0.9939 0.0896
vn -0.1041 0.9922 0.0681
vn -0.1278 0.9841 0.1230
vn -0.1691 0.9854 -0.0215
vn -0.1614 0.9869 0.0026
vn -0.1486 0.9860 0.0760
vn -0.0901 0.9924 -0.0839
vn -0.1057 0.9923 -0.0649
vn -0.0893 0.9937 -0.0675
vn 0.0771 0.9967 0.0268
vn 0.0856 0.9953 0.0453
vn 0.0998 0.9950 0.0014
vn 0.1341 0.9725 0.1906
vn 0.1508 0.9739 0.1696
vn 0.1163 0.9870 0.1111
vn 0.0313 0.9956 0.0881
vn 0.0627 0.9916 0.1128
vn 0.0792 0.9862 0.1456
vn 0.0311 0.9987 -0.0400
vn 0.0195 0.9986 -0.0494
vn 0.0121 0.9999 0.0106
vn -0.0437 0.9987 -0.0247
vn -0.0601 0.9965 -0.0583
vn -0.0821 0.9964 -0.0225
vn 0.1175 0.9930 0.0106
vn 0.1038 0.9945 -0.0123
vn 0.0818 0.9955 -0.0478
vn 0.0253 0.9916 0.1265
vn -0.0643 0.9950 0.0759
vn -0.1060 0.9942 0.0152
vn -0.0460 0.9988 -0.0175
vn -0.0595 0.9975 -0.0372
vn -0.0613 0.9981 0.0050
vn -0.0173 0.9978 -0.0643
vn -0.0047 0.9960 -0.0896
vn -0.0187 0.9894 -0.1437
vn -0.0571 0.9983 -0.0137
vn -0.0605 0.9981 0.0111
vn -0.0329 0.9994 0.0077
vn 0.0143 0.9999 0.0055
vn 0.0151 0.9996 -0.0221
vn -0.0166 0.9993 -0.0339
vn -0.0334 0.9991 -0.0274
vn -0.0307 0.9993 0.0204
vn -0.0008 0.9983 0.0590
vn -0.0361 0.9982 0.0476
vn 0.0003 0.9973 0.0730
vn 0.0024 0.9961 0.0887
vn -0.1194 0.9877 0.1013
vn -0.0846 0.9929 0.0836
vn -0.0891 0.9945 0.0546
vn -0.0388 0.9992 0.0053
vn -0.0948 0.9946 0.0415
vn -0.0607 0.9982 -0.0016
vn -0.1485 0.9888 0.0115
vn -0.1007 0.9949 0.0023
vn -0.1075 0.9941 0.0176
vn -0.0388 0.9990 0.0216
vn -0.0467 0.9989 -0.0004
vn -0.0584 0.9973 -0.0450
vn 0.0042 0.9998 0.0192
vn 0.0115 0.9977 0.0671
vn 0.0315 0.9957 0.0871
vn -0.0105 0.9982 -0.0593
vn -0.0055 0.9996 -0.0277
vn 0.0344 0.9989 -0.0319
vn 0.0192 0.9997 0.0173
vn -0.0290 0.9994 -0.0175
vn -0.0537 0.9977 0.0417
vn 0.1263 0.9906 0.0519
vn 0.1490 0.9871 0.0589
vn 0.1515 0.9829 0.1047
vn -0.0689 0.9963 -0.0506
vn -0.0832 0.9951 -0.0531
vn -0.0936 0.9956 -0.0022
vn -0.0064 0.9841 -0.1773
vn 0.0057 0.9832 -0.1825
vn -0.0080 0.9835 -0.1809
vn 0.1044 0.9920 -0.0704
vn 0.0844 0.9918 -0.0956
vn 0.0526 0.9969 -0.0593
vn -0.0291 0.9985 -0.0463
vn -0.0576 0.9978 -0.0323
vn -0.0539 0.9983 -0.0211
vn -0.0939 0.9952 0.0289
vn -0.1449 0.9893 0.0138
vn -0.1469 0.9891 -0.0059
vn -0.0425 0.9990 -0.0120
vn -0.0583 0.9980 0.0249
vn -0.0223 0.9989 -0.0410
vn 0.1271 0.9801 0.1522
vn 0.0858 0.9811 0.1736
vn 0.1067 0.9787 0.1753
vn 0.1131 0.9931 0.0320
vn 0.0555 0.9975 0.0436
vn 0.0625 0.9970 0.0447
vn -0.0003 0.9978 0.0661
vn 0.0650 0.9967 0.0491
vn 0.0479 0.9949 0.0888
vn 0.0917 0.9874 0.1287
vn 0.0454 0.9913 0.1234
vn 0.0364 0.9984 0.0428
vn 0.0425 0.9824 0.1818
vn 0.0226 0.9774 0.2104
vn 0.0405 0.9683 0.2464
vn 0.0564 0.9972 0.0492
vn 0.0734 0.9950 0.0673
vn 0.1058 0.9866 0.1240
vn -0.0192 0.9988 0.0455
vn -0.0319 0.9992 0.0260
vn -0.0373 0.9992 0.0157
vn 0.0945 0.9952 -0.0237
vn 0.0358 0.9990 -0.0267
vn 0.0317 0.9979 -0.0571
vn 0.0092 0.9998 -0.0186
vn 0.0096 0.9998 -0.0148
vn 0.0199 0.9995 -0.0238
vn -0.2023 0.9776 -0.0573
vn -0.1850 0.9807 -0.0631
vn -0.1777 0.9841 0.0041
vn -0.0324 0.9929 -0.1145
vn -0.0415 0.9924 -0.1155
vn -0.0647 0.9848 -0.1615
vn -0.2506 0.9587 -0.1344
vn -0.1878 0.9742 -0.1254
vn -0.1746 0.9837 -0.0437
vn 0.0150 0.9998 0.0136
vn 0.0683 0.9976 0.0144
vn 0.0702 0.9964 0.0467
vn -0.1406 0.9870 -0.0780
vn -0.1015 0.9948 -0.0075
vn -0.0287 0.9996 -0.0048
vn -0.2201 0.9628 -0.1570
vn -0.2527 0.9520 -0.1727
vn -0.2455 0.9474 -0.2055
vn -0.0335 0.9994 -0.0046
vn 0.0682 0.9976 -0.0132
vn 0.0490 0.9980 0.0389
vn -0.0029 0.9985 0.0553
vn 0.0672 0.9963 0.0543
vn 0.0669 0.9975 0.0224
vn -0.0994 0.9950 -0.0140
vn -0.1234 0.9923 0.0098
vn -0.0949 0.9955 -0.0050
vn -0.1753 0.9831 -0.0531
vn -0.1468 0.9890 0.0187
vn -0.0771 0.9955 0.0552
vn -0.1862 0.9808 0.0583
vn -0.1710 0.9852 0.0135
vn -0.2098 0.9775 -0.0223
vn -0.0549 0.9924 0.1102
vn -0.0562 0.9892 0.1353
vn -0.0485 0.9939 0.0991
vn 0.0702 0.9975 0.0129
vn 0.0447 0.9989 0.0170
vn 0.0404 0.9987 -0.0321
vn 0.1196 0.9926 0.0187
vn 0.1211 0.9926 -0.0042
vn 0.0987 0.9949 -0.0224
vn 0.1340 0.9889 0.0646
vn 0.1017 0.9923 0.0713
vn 0.1028 0.9934 0.0511
vn 0.0395 0.9991 -0.0167
vn 0.0070 0.9998 -0.0187
vn 0.0019 0.9993 0.0384
vn 0.0505 0.9984 -0.0262
vn 0.0654 0.9973 -0.0333
vn 0.0471 0.9951 -0.0868
vn 0.0306 0.9995 -0.0095
vn 0.0493 0.9984 -0.0284
vn 0.0314 0.9971 -0.0693
vn 0.0304 0.9795 0.1990
vn 0.1004 0.9730 0.2078
vn 0.0958 0.9747 0.2018
vn 0.0549 0.9934 -0.1009
vn 0.0472 0.9938 -0.1002
vn 0.0631 0.9971 -0.0427
vn -0.1307 0.9901 0.0502
vn -0.0785 0.9968 0.0172
vn -0.1149 0.9884 0.0989
vn -0.0042 0.9997 -0.0236
vn 0.0432 0.9966 -0.0708
vn -0.0059 1.0000 -0.0029
vn 0.0289 0.9903 -0.1356
vn 0.0568 0.9926 -0.1070
vn 0.0708 0.9924 -0.1007
vn -0.0838 0.9892 -0.1203
vn -0.0325 0.9899 -0.1383
vn -0.0480 0.9965 -0.0679
vn 0.0356 0.9965 -0.0753
vn 0.0154 0.9992 -0.0381
vn 0.0613 0.9980 0.0183
vn -0.0087 1.0000 -0.0010
vn -0.0446 0.9990 0.0076
vn -0.0270 0.9986 -0.0456
vn 0.0378 0.9971 -0.0663
vn 0.0046 0.9996 -0.0270
vn 0.0300 0.9953 -0.0917
vn 0.1044 0.9739 0.2014
vn 0.0732 0.9820 0.1741
vn 0.0199 0.9919 0.1252
vn 0.0935 0.9928 0.0746
vn 0.0921 0.9911 0.0963
vn 0.0974 0.9806 0.1700
vn 0.0191 0.9985 0.0519
vn 0.0782 0.9955 0.0532
vn 0.0916 0.9833 0.1573
vn 0.0399 0.9986 -0.0348
vn 0.0411 0.9987 -0.0299
vn 0.0460 0.9961 -0.0752
vn 0.0353 0.9978 -0.0568
vn 0.0250 0.9982 -0.0542
vn 0.0338 0.9993 -0.0141
vn 0.0602 0.9975 -0.0358
vn 0.0679 0.9964 -0.0500
vn 0.0613 0.9979 -0.0193
vn 0.0431 0.9979 -0.0482
vn -0.0083 0.9991 -0.0416
vn 0.0112 0.9943 -0.1057
vn 0.0406 0.9992 -0.0010
vn -0.0332 0.9994 0.0068
vn -0.0258 0.9997 0.0015
vn 0.0355 0.9986 -0.0400
vn 0.0648 0.9977 -0.0188
vn 0.0740 0.9972 -0.0033
vn -0.0035 0.9997 -0.0230
vn 0.0187 0.9994 -0.0304
vn 0.0107 0.9996 0.0262
vn 0.0177 0.9902 -0.1388
vn 0.0239 0.9896 -0.1419
vn 0.0259 0.9943 -0.1037
vn 0.0434 0.9933 -0.1070
vn 0.0266 0.9925 -0.1189
vn 0.0121 0.9963 -0.0853
vn 0.0952 0.9934 0.0646
vn 0.1061 0.9934 0.0447
vn 0.0827 0.9960 0.0330
vn 0.1172 0.9808 0.1559
vn 0.1388 0.9797 0.1446
vn 0.1252 0.9872 0.0989
vn 0.0980 0.9859 0.1359
vn 0.0914 0.9833 0.1574
vn 0.0987 0.9878 0.1202
vn 0.0830 0.9964 -0.0161
vn 0.0345 0.9992 -0.0199
vn 0.0354 0.9982 -0.0479
vn 0.0858 0.9843 0.1540
vn 0.0671 0.9878 0.1408
vn 0.0423 0.9969 0.0670
vn 0.1447 0.9799 0.1370
vn 0.1233 0.9821 0.1421
vn 0.1296 0.9887 0.0749
vn 0.0401 0.9991 0.0099
vn 0.0585 0.9982 0.0126
vn 0.0694 0.9971 -0.0308
vn 0.0606 0.9980 -0.0172
vn 0.0402 0.9990 -0.0205
vn 0.0486 0.9987 0.0154
vn 0.0688 0.9973 0.0241
vn 0.0734 0.9973 0.0036
vn 0.0541 0.9981 0.0312
vn -0.1185 0.9840 0.1327
vn -0.1734 0.9795 0.1028
vn -0.2161 0.9746 0.0585
vn -0.1229 0.9923 -0.0114
vn -0.1659 0.9861 0.0094
vn -0.1523 0.9859 0.0693
vn -0.0845 0.9960 -0.0289
vn -0.0778 0.9967 -0.0251
vn -0.0680 0.9958 0.0609
vn -0.1422 0.9897 -0.0182
vn -0.1044 0.9942 -0.0267
vn -0.0972 0.9940 -0.0503
vn -0.1340 0.9883 0.0734
vn -0.1164 0.9895 0.0859
vn -0.1068 0.9925 0.0589
vn -0.1724 0.9844 0.0336
vn -0.1570 0.9860 0.0564
vn -0.1468 0.9871 0.0632
vn -0.1200 0.9901 0.0732
vn -0.0772 0.9925 0.0945
vn -0.0690 0.9880 0.1380
vn -0.1678 0.9855 -0.0243
vn -0.0887 0.9959 -0.0192
vn -0.0824 0.9958 0.0386
vn -0.2566 0.9661 -0.0275
vn -0.2260 0.9737 -0.0276
vn -0.2032 0.9791 -0.0111
vn -0.1347 0.9903 0.0346
vn -0.0915 0.9945 0.0513
vn -0.0849 0.9959 0.0299
vn -0.1430 0.9838 0.1079
vn -0.0926 0.9911 0.0960
vn -0.0985 0.9917 0.0828
vn -0.1246 0.9869 0.1021
vn -0.1435 0.9833 0.1117
vn -0.1393 0.9874 0.0757
vn 0.1192 0.9914 0.0543
vn 0.1444 0.9879 0.0574
vn 0.1522 0.9877 0.0346
vn 0.1063 0.9908 0.0833
vn 0.1158 0.9877 0.1047
vn 0.1366 0.9865 0.0907
vn 0.0010 0.9963 0.0858
vn 0.0686 0.9946 0.0784
vn 0.0671 0.9945 0.0800
vn 0.1471 0.9890 -0.0175
vn 0.1822 0.9831 -0.0198
vn 0.1680 0.9853 -0.0312
vn 0.1324 0.9912 -0.0068
vn 0.1646 0.9863 0.0068
vn 0.1773 0.9841 -0.0149
vn -0.0139 0.9998 -0.0109
vn 0.0679 0.9976 -0.0141
vn 0.0700 0.9970 -0.0332
vn -0.2546 0.9529 -0.1650
vn -0.2064 0.9695 -0.1323
vn -0.1593 0.9781 -0.1339
vn -0.2658 0.9592 -0.0966
vn -0.2629 0.9600 -0.0959
vn -0.2435 0.9639 -0.1080
vn -0.1572 0.9860 -0.0557
vn -0.2173 0.9727 -0.0815
vn -0.2401 0.9640 -0.1142
vn -0.0632 0.9968 0.0489
vn -0.0287 0.9970 0.0723
vn -0.0154 0.9954 0.0947
vn -0.0908 0.9920 -0.0876
vn -0.0096 0.9943 -0.1066
vn -0.0265 0.9996 0.0064
vn -0.2279 0.9701 -0.0831
vn -0.1759 0.9813 -0.0781
vn -0.1570 0.9873 -0.0235
vn 0.0718 0.9971 0.0266
vn 0.0512 0.9972 0.0538
vn 0.0848 0.9929 0.0829
vn 0.0294 0.9982 0.0514
vn 0.0050 0.9969 0.0791
vn 0.0238 0.9986 0.0477
vn -0.0174 0.9992 -0.0358
vn 0.0325 0.9994 0.0101
vn 0.0594 0.9982 0.0117
vn -0.1035 0.9873 -0.1208
vn -0.0580 0.9914 -0.1170
vn -0.0772 0.9946 -0.0695
vn -0.1364 0.9738 -0.1818
vn -0.1281 0.9808 -0.1473
vn -0.0813 0.9854 -0.1496
vn -0.2134 0.9628 -0.1658
vn -0.1756 0.9665 -0.1871
vn -0.1854 0.9648 -0.1865
vn -0.1010 0.9876 -0.1204
vn -0.1741 0.9757 -0.1328
vn -0.1865 0.9605 -0.2064
vn -0.1140 0.9932 -0.0241
vn -0.1279 0.9913 -0.0305
vn -0.1516 0.9872 -0.0500
vn -0.1099 0.9891 -0.0974
vn -0.0993 0.9938 -0.0504
vn -0.0589 0.9963 -0.0633
vn -0.1589 0.9853 -0.0626
vn -0.1576 0.9863 -0.0487
vn -0.1353 0.9901 0.0373
vn -0.1366 0.9705 -0.1986
vn -0.1877 0.9606 -0.2052
vn -0.1773 0.9753 -0.1320
vn -0.1199 0.9884 -0.0927
vn -0.1177 0.9805 -0.1573
vn -0.1658 0.9795 -0.1142
vn 0.0370 0.9992 -0.0125
vn 0.0910 0.9957 -0.0161
vn 0.0791 0.9968 -0.0149
vn 0.0742 0.9972 -0.0020
vn 0.0995 0.9948 -0.0215
vn 0.0952 0.9952 -0.0237
vn 0.0613 0.9931 0.1000
vn 0.0649 0.9969 0.0454
vn 0.0206 0.9997 0.0133
vn -0.0530 0.9984 -0.0206
vn -0.1355 0.9908 -0.0070
vn -0.1128 0.9930 -0.0358
vn -0.0526 0.9982 -0.0287
vn -0.1294 0.9906 -0.0438
vn -0.1404 0.9899 -0.0194
vn 0.0910 0.9956 -0.0218
vn 0.0312 0.9993 -0.0214
vn 0.0321 0.9993 -0.0186
vn -0.0343 0.9993 0.0129
vn -0.0460 0.9989 0.0104
vn -0.0494 0.9986 0.0209
vn -0.0309 0.9987 -0.0399
vn -0.0832 0.9963 -0.0212
vn -0.0578 0.9983 0.0048
vn 0.0482 0.9988 -0.0003
vn 0.0155 0.9994 -0.0315
vn -0.0090 0.9999 0.0099
vn 0.0825 0.9916 0.0999
vn 0.0660 0.9879 0.1405
vn 0.1014 0.9762 0.1918
vn 0.0178 0.9998 0.0114
vn -0.0191 0.9988 0.0458
vn 0.0222 0.9966 0.0789
vn 0.0674 0.9977 -0.0054
vn 0.0493 0.9988 -0.0057
vn 0.0561 0.9983 0.0158
vn -0.0097 0.9752 0.2211
vn -0.0713 0.9731 0.2192
vn -0.0756 0.9629 0.2590
vn -0.0117 0.9942 0.1065
vn -0.0611 0.9924 0.1072
vn -0.0654 0.9860 0.1534
vn -0.0256 0.9966 0.0779
vn -0.0115 0.9951 0.0981
vn 0.0043 0.9890 0.1475
vn -0.0184 0.9937 0.1108
vn -0.0897 0.9916 0.0933
vn -0.1101 0.9939 0.0091
vn -0.0046 0.9741 0.2263
vn -0.0767 0.9700 0.2307
vn -0.0773 0.9836 0.1629
vn 0.0946 0.9734 0.2089
vn 0.0529 0.9743 0.2190
vn 0.0535 0.9837 0.1717
vn 0.1291 0.9911 0.0333
vn 0.1408 0.9897 0.0269
vn 0.1335 0.9897 0.0516
vn 0.1150 0.9880 -0.1029
vn 0.1041 0.9921 -0.0705
vn 0.1320 0.9912 -0.0091
vn 0.0322 0.9918 -0.1238
vn 0.0750 0.9895 -0.1232
vn 0.0771 0.9968 -0.0227
vn 0.0233 0.9985 0.0492
vn 0.0376 0.9982 0.0461
vn 0.0458 0.9970 0.0632
vn 0.0309 0.9995 0.0093
vn 0.0642 0.9979 0.0036
vn 0.0486 0.9983 0.0315
vn 0.0649 0.9973 -0.0333
vn 0.0201 0.9998 -0.0023
vn 0.0410 0.9984 0.0383
vn 0.0661 0.9788 0.1939
vn 0.1006 0.9746 0.2002
vn 0.0912 0.9778 0.1887
vn 0.0369 0.9963 0.0782
vn 0.0697 0.9927 0.0981
vn 0.0919 0.9822 0.1636
vn 0.1106 0.9912 0.0726
vn 0.0644 0.9954 0.0717
vn 0.0691 0.9885 0.1343
vn -0.0547 0.9973 0.0485
vn -0.0553 0.9975 0.0439
vn -0.0651 0.9977 -0.0161
vn -0.0619 0.9981 0.0038
vn -0.0329 0.9994 0.0066
vn -0.0401 0.9984 0.0390
vn -0.0788 0.9969 0.0072
vn -0.0901 0.9959 0.0046
vn -0.0846 0.9958 0.0361
vn -0.1836 0.9830 0.0002
vn -0.1854 0.9826 -0.0121
vn -0.1942 0.9809 0.0070
vn -0.1475 0.9888 -0.0207
vn -0.1633 0.9860 -0.0347
vn -0.1729 0.9839 -0.0441
vn -0.0579 0.9983 0.0053
vn -0.1043 0.9945 -0.0046
vn -0.1239 0.9923 -0.0046
vn -0.1145 0.9933 -0.0151
vn -0.1822 0.9833 -0.0012
vn -0.1712 0.9851 -0.0174
vn -0.1677 0.9858 -0.0010
vn -0.1950 0.9807 0.0155
vn -0.1896 0.9817 0.0157
vn -0.0818 0.9945 -0.0648
vn -0.1232 0.9918 -0.0333
vn -0.0853 0.9956 -0.0382
vn 0.0217 0.9915 -0.1286
vn -0.0217 0.9868 -0.1606
vn -0.0498 0.9908 -0.1259
vn 0.0723 0.9966 -0.0395
vn 0.0134 0.9984 -0.0546
vn 0.0001 0.9923 -0.1236
vn 0.1096 0.9930 -0.0446
vn 0.1085 0.9935 -0.0348
vn 0.1046 0.9915 -0.0771
vn -0.0087 0.9827 -0.1848
vn -0.0738 0.9784 -0.1931
vn -0.0865 0.9713 -0.2218
vn -0.0273 0.9995 -0.0140
vn -0.0559 0.9984 -0.0088
vn -0.0636 0.9927 -0.1020
vn -0.0148 0.9985 -0.0519
vn -0.0211 0.9992 -0.0335
vn -0.0015 0.9931 -0.1173
vn -0.1060 0.9917 -0.0731
vn -0.1365 0.9860 -0.0961
vn -0.1520 0.9877 -0.0362
vn -0.0467 0.9826 -0.1799
vn -0.1010 0.9737 -0.2041
vn -0.1182 0.9788 -0.1670
vn -0.0558 0.9913 -0.1196
vn -0.0391 0.9882 -0.1482
vn -0.0662 0.9911 -0.1153
vn 0.1506 0.9867 0.0609
vn 0.0942 0.9944 0.0475
vn 0.0714 0.9938 0.0855
vn 0.1394 0.9895 -0.0368
vn 0.1167 0.9928 -0.0274
vn 0.1122 0.9937 0.0053
vn 0.1308 0.9898 -0.0556
vn 0.1253 0.9907 -0.0529
vn 0.1390 0.9903 -0.0035
vn 0.0164 0.9991 -0.0387
vn 0.0824 0.9952 -0.0527
vn 0.0620 0.9981 0.0052
vn 0.0355 0.9972 -0.0655
vn 0.0831 0.9948 -0.0593
vn 0.0898 0.9935 -0.0703
vn 0.0734 0.9967 -0.0333
vn 0.0264 0.9983 -0.0518
vn 0.0012 0.9989 -0.0478
vn 0.0045 1.0000 0.0052
vn -0.0206 0.9998 0.0034
vn -0.0326 0.9994 0.0065
vn -0.0101 0.9987 0.0506
vn 0.0344 0.9989 0.0309
vn 0.0037 1.0000 0.0082
vn -0.0266 0.9986 0.0461
vn -0.0596 0.9971 0.0475
vn -0.0409 0.9992 -0.0023
vn 0.0154 0.9966 0.0808
vn -0.0054 0.9983 0.0584
vn -0.0513 0.9983 0.0260
vn -0.0076 0.9990 0.0447
vn 0.0159 0.9977 0.0653
vn 0.0185 0.9978 0.0636
vn -0.0766 0.9970 0.0124
vn -0.0512 0.9984 0.0245
vn -0.0250 0.9990 0.0374
vn -0.0383 0.9993 -0.0057
vn -0.0127 0.9999 -0.0038
vn -0.0096 0.9990 -0.0429
vn -0.0105 0.9994 0.0329
vn 0.0133 0.9999 -0.0045
vn -0.0091 1.0000 0.0032
vn -0.0001 0.9973 0.0730
vn -0.0138 0.9980 0.0615
vn -0.0327 0.9991 0.0275
vn -0.0545 0.9985 -0.0106
vn -0.0247 0.9994 -0.0226
vn -0.0286 0.9995 0.0144
vn -0.0338 0.9968 -0.0725
vn -0.0074 0.9974 -0.0721
vn -0.0126 0.9987 -0.0496
vn -0.1083 0.9932 -0.0436
vn -0.0708 0.9953 -0.0662
vn -0.0857 0.9960 -0.0243
vn -0.1419 0.9869 0.0772
vn -0.1371 0.9854 0.1010
vn -0.1253 0.9913 0.0407
vn -0.1780 0.9749 0.1337
vn -0.1506 0.9797 0.1321
vn -0.1478 0.9799 0.1343
vn -0.0805 0.9881 0.1314
vn -0.1378 0.9814 0.1340
vn -0.1260 0.9873 0.0969
vn 0.0020 0.9980 0.0636
vn 0.0881 0.9948 0.0518
vn 0.0947 0.9917 0.0872
vn 0.0833 0.9964 0.0164
vn 0.1357 0.9903 -0.0310
vn 0.1040 0.9946 0.0043
vn -0.0738 0.9902 0.1184
vn 0.0023 0.9973 0.0738
vn -0.0498 0.9947 0.0895
vn 0.0543 0.9960 0.0714
vn 0.1010 0.9939 0.0442
vn 0.0585 0.9981 0.0188
vn 0.0312 0.9975 0.0631
vn 0.1152 0.9895 0.0876
vn 0.1215 0.9903 0.0682
vn -0.1088 0.9940 -0.0061
vn -0.0623 0.9977 0.0275
vn -0.0246 0.9988 0.0430
vn -0.0328 0.9987 0.0384
vn -0.0037 0.9996 0.0295
vn -0.0312 0.9985 0.0440
vn -0.0704 0.9903 -0.1198
vn -0.0466 0.9964 -0.0705
vn -0.0049 0.9998 -0.0174
vn -0.1047 0.9816 -0.1596
vn -0.0930 0.9852 -0.1441
vn -0.0668 0.9957 -0.0637
vn -0.0076 0.9993 -0.0366
vn -0.0172 0.9996 -0.0238
vn 0.0040 0.9988 -0.0494
vn -0.0396 0.9943 0.0987
vn -0.0575 0.9908 0.1223
vn -0.0400 0.9979 0.0512
vn -0.0208 0.9998 -0.0063
vn -0.0121 0.9985 0.0541
vn 0.0217 0.9996 0.0177
vn -0.0311 0.9993 0.0200
vn -0.0192 0.9997 0.0115
vn -0.0382 0.9988 0.0313
vn -0.0205 0.9992 -0.0350
vn 0.0121 0.9992 -0.0378
vn 0.0013 0.9998 -0.0215
vn -0.0575 0.9983 0.0085
vn -0.0452 0.9988 -0.0177
vn -0.0636 0.9980 -0.0023
vn -0.0215 0.9963 -0.0834
vn -0.0383 0.9980 -0.0502
vn 0.0093 0.9955 -0.0940
vn -0.0443 0.9982 0.0415
vn -0.0572 0.9979 0.0310
vn -0.0624 0.9981 -0.0000
vn 0.0247 0.9988 0.0424
vn 0.0088 0.9991 0.0406
vn 0.0055 0.9999 -0.0146
vn -0.0607 0.9978 -0.0271
vn -0.0505 0.9987 0.0085
vn -0.0111 0.9984 0.0550
vn -0.0983 0.9943 -0.0403
vn -0.1148 0.9930 -0.0261
vn -0.0891 0.9955 -0.0327
vn 0.0015 0.9991 -0.0430
vn -0.0472 0.9978 -0.0463
vn -0.0516 0.9965 -0.0661
vn -0.1495 0.9881 0.0369
vn -0.1820 0.9832 0.0174
vn -0.1798 0.9837 0.0076
vn -0.0511 0.9968 0.0614
vn -0.1085 0.9941 0.0019
vn -0.1583 0.9871 0.0230
vn 0.0771 0.9907 0.1117
vn 0.0206 0.9945 0.1030
vn -0.0170 0.9926 0.1203
vn 0.0704 0.9966 -0.0426
vn 0.0237 0.9976 -0.0643
vn 0.0197 0.9967 -0.0789
vn 0.1283 0.9889 0.0745
vn 0.0547 0.9969 0.0563
vn 0.0374 0.9992 -0.0169
vn 0.1410 0.9852 0.0977
vn 0.1453 0.9851 0.0924
vn 0.1275 0.9910 0.0399
vn -0.0657 0.9950 -0.0757
vn -0.0635 0.9959 -0.0649
vn -0.0442 0.9989 -0.0161
vn -0.0402 0.9958 -0.0822
vn -0.0739 0.9923 -0.0996
vn -0.0772 0.9915 -0.1043
vn 0.0417 0.9991 -0.0068
vn 0.0159 0.9987 -0.0491
vn -0.0248 0.9968 -0.0759
vn -0.0311 0.9980 -0.0554
vn -0.0458 0.9975 -0.0543
vn -0.0471 0.9989 0.0040
vn -0.0347 0.9957 -0.0854
vn -0.0640 0.9946 -0.0820
vn -0.0545 0.9939 -0.0955
vn 0.0243 0.9917 -0.1262
vn 0.0083 0.9947 -0.1021
vn 0.0229 0.9945 -0.1019
vn 0.1133 0.9856 0.1257
vn 0.1353 0.9813 0.1369
vn 0.1428 0.9779 0.1526
vn 0.0983 0.9913 0.0875
vn 0.1218 0.9894 0.0787
vn 0.1232 0.9862 0.1101
vn -0.0094 0.9957 0.0921
vn 0.0381 0.9948 0.0940
vn 0.0458 0.9951 0.0873
vn 0.1345 0.9800 0.1467
vn 0.1117 0.9848 0.1330
vn 0.1054 0.9932 0.0486
vn 0.1416 0.9720 0.1876
vn 0.1198 0.9727 0.1990
vn 0.1184 0.9765 0.1802
vn 0.1115 0.9854 0.1289
vn 0.1417 0.9765 0.1622
vn 0.1595 0.9697 0.1853
vn 0.0735 0.9955 0.0598
vn 0.0228 0.9979 0.0608
vn 0.0186 0.9998 0.0059
vn 0.0507 0.9981 0.0362
vn 0.0598 0.9977 0.0319
vn 0.0383 0.9965 0.0741
vn 0.0349 0.9994 -0.0059
vn 0.0400 0.9990 0.0173
vn 0.0642 0.9963 0.0571
vn -0.1526 0.9869 -0.0523
vn -0.1964 0.9792 -0.0516
vn -0.1882 0.9816 -0.0339
vn -0.1315 0.9912 0.0158
vn -0.1290 0.9913 -0.0271
vn -0.1775 0.9835 -0.0349
vn -0.1685 0.9852 -0.0298
vn -0.1501 0.9886 0.0147
vn -0.1264 0.9919 -0.0157
vn -0.1308 0.9913 0.0140
vn -0.0736 0.9972 0.0148
vn -0.0806 0.9947 0.0631
vn -0.1833 0.9754 -0.1224
vn -0.1135 0.9905 -0.0777
vn -0.0822 0.9965 -0.0179
vn -0.2229 0.9559 -0.1915
vn -0.2205 0.9617 -0.1631
vn -0.1865 0.9797 -0.0731
vn -0.1420 0.9891 0.0383
vn -0.1253 0.9921 0.0112
vn -0.1429 0.9861 0.0849
vn -0.1031 0.9947 0.0051
vn -0.0887 0.9961 -0.0003
vn -0.1038 0.9945 -0.0147
vn -0.0562 0.9984 -0.0088
vn -0.0766 0.9971 0.0013
vn -0.0811 0.9964 0.0264
vn -0.1377 0.9769 -0.1632
vn -0.1802 0.9762 -0.1205
vn -0.1151 0.9880 -0.1031
vn -0.1576 0.9874 -0.0133
vn -0.2408 0.9703 -0.0222
vn -0.2275 0.9690 -0.0960
vn -0.0039 1.0000 0.0052
vn -0.0533 0.9986 -0.0027
vn -0.0704 0.9913 -0.1109
vn 0.1129 0.9934 -0.0208
vn 0.0953 0.9954 -0.0029
vn 0.1093 0.9933 -0.0371
vn 0.0818 0.9962 0.0310
vn 0.0705 0.9970 0.0334
vn 0.0772 0.9966 0.0276
vn 0.1504 0.9884 0.0187
vn 0.1063 0.9940 0.0240
vn 0.1123 0.9937 -0.0048
vn 0.0398 0.9989 -0.0228
vn 0.0524 0.9985 -0.0182
vn 0.0547 0.9973 0.0495
vn 0.0395 0.9935 -0.1071
vn 0.0487 0.9932 -0.1060
vn 0.0502 0.9956 -0.0792
vn -0.0015 0.9969 -0.0792
vn 0.0125 0.9950 -0.0990
vn -0.0018 0.9972 -0.0748
vn -0.1274 0.9792 0.1577
vn -0.0622 0.9820 0.1783
vn -0.0340 0.9821 0.1854
vn -0.1050 0.9869 0.1226
vn -0.0531 0.9954 0.0794
vn -0.0756 0.9858 0.1498
vn -0.1564 0.9739 0.1643
vn -0.1432 0.9775 0.1547
vn -0.1538 0.9743 0.1644
vn -0.1438 0.9777 0.1532
vn -0.1319 0.9785 0.1583
vn -0.1110 0.9804 0.1626
vn -0.0167 0.9980 -0.0617
vn 0.0381 0.9961 -0.0796
vn 0.0477 0.9979 0.0447
vn 0.1554 0.9878 -0.0070
vn 0.0949 0.9954 0.0093
vn 0.1250 0.9909 -0.0497
vn -0.0217 0.9965 -0.0806
vn -0.1565 0.9806 -0.1177
vn -0.1069 0.9816 -0.1583
vn -0.0536 0.9978 0.0378
vn -0.1147 0.9934 0.0069
vn -0.1676 0.9805 0.1027
vn -0.1981 0.9744 -0.1062
vn -0.1464 0.9883 -0.0419
vn -0.1333 0.9882 0.0748
vn -0.1184 0.9918 -0.0477
vn -0.1503 0.9886 -0.0102
vn -0.1407 0.9887 -0.0521
vn 0.0567 0.9979 0.0324
vn 0.0626 0.9951 0.0768
vn 0.0789 0.9969 0.0083
vn 0.1350 0.9748 0.1774
vn 0.1466 0.9716 0.1860
vn 0.1084 0.9918 0.0683
vn 0.0043 0.9976 0.0697
vn 0.1013 0.9899 0.0995
vn 0.1201 0.9811 0.1518
vn 0.0366 0.9938 -0.1046
vn -0.0299 0.9946 -0.0997
vn -0.0329 0.9994 0.0064
vn -0.0029 0.9995 -0.0311
vn -0.0581 0.9929 -0.1042
vn -0.0650 0.9975 -0.0288
vn 0.1367 0.9890 0.0562
vn 0.1018 0.9948 0.0096
vn 0.0459 0.9966 -0.0690
vn 0.0657 0.9858 0.1544
vn -0.1077 0.9916 0.0710
vn -0.1653 0.9863 -0.0007
vn -0.0163 0.9988 -0.0468
vn -0.0831 0.9947 -0.0608
vn -0.0335 0.9992 0.0213
vn 0.0114 0.9999 0.0018
vn -0.0400 0.9991 -0.0110
vn 0.0057 0.9906 -0.1368
vn -0.0726 0.9974 0.0039
vn -0.0286 0.9995 -0.0116
vn -0.0236 0.9992 0.0326
vn 0.0207 0.9998 0.0026
vn -0.0146 0.9994 0.0319
vn -0.0130 0.9983 -0.0562
vn -0.0808 0.9914 -0.1032
vn -0.0430 0.9983 -0.0389
vn -0.0374 0.9971 0.0658
vn -0.0743 0.9972 0.0042
vn 0.0551 0.9962 0.0668
vn 0.0274 0.9975 0.0645
vn -0.1007 0.9868 0.1272
vn 0.0329 0.9986 0.0413
vn 0.0031 0.9975 0.0699
vn -0.0674 0.9950 0.0732
vn -0.1684 0.9784 0.1195
vn -0.1133 0.9933 0.0239
vn -0.1356 0.9907 -0.0057
vn -0.0401 0.9985 -0.0384
vn -0.0621 0.9980 0.0150
vn -0.0120 0.9989 0.0460
vn -0.0334 0.9993 0.0137
vn -0.0356 0.9982 -0.0481
vn -0.0505 0.9987 -0.0046
vn 0.0106 0.9980 0.0625
vn -0.0048 0.9974 0.0726
vn -0.0250 0.9994 -0.0220
vn -0.0087 0.9998 0.0203
vn 0.0238 0.9997 -0.0002
vn 0.0523 0.9985 -0.0164
vn 0.0288 0.9973 -0.0674
vn 0.0011 0.9997 0.0262
vn 0.1249 0.9921 -0.0106
vn 0.1503 0.9886 0.0078
vn 0.1420 0.9849 0.0993
vn -0.0706 0.9922 -0.1023
vn -0.0775 0.9869 -0.1417
vn -0.1291 0.9915 -0.0176
vn -0.0046 0.9916 -0.1289
vn -0.0134 0.9946 -0.1032
vn -0.0201 0.9788 -0.2037
vn 0.1157 0.9908 -0.0701
vn 0.0522 0.9939 -0.0976
vn -0.0122 0.9954 -0.0949
vn -0.0513 0.9960 -0.0733
vn -0.1378 0.9905 -0.0035
vn -0.1043 0.9942 -0.0248
vn -0.0733 0.9971 0.0197
vn -0.1658 0.9858 -0.0277
vn -0.1860 0.9825 0.0046
vn -0.0714 0.9973 0.0180
vn -0.0609 0.9971 0.0459
vn -0.0444 0.9989 -0.0158
vn 0.1128 0.9862 0.1214
vn 0.0503 0.9877 0.1481
vn 0.0792 0.9778 0.1941
vn 0.0960 0.9953 0.0144
vn 0.0273 0.9986 0.0452
vn 0.0265 0.9984 0.0505
vn 0.0167 0.9998 -0.0100
vn 0.1319 0.9910 -0.0226
vn 0.1130 0.9912 0.0688
vn 0.0957 0.9799 0.1753
vn -0.0054 0.9859 0.1672
vn -0.0371 0.9989 0.0298
vn 0.0060 0.9927 0.1207
vn -0.0103 0.9877 0.1563
vn -0.0077 0.9662 0.2577
vn 0.0573 0.9982 0.0164
vn 0.0478 0.9982 0.0375
vn 0.1169 0.9800 0.1610
vn 0.0106 0.9990 0.0432
vn -0.0289 0.9996 -0.0048
vn -0.0380 0.9990 0.0220
vn 0.0945 0.9953 -0.0227
vn -0.0587 0.9981 -0.0169
vn -0.0406 0.9976 -0.0569
vn 0.0198 0.9989 0.0434
vn 0.0458 0.9989 -0.0126
vn 0.0409 0.9991 -0.0109
vn -0.1779 0.9812 -0.0751
vn -0.1557 0.9783 -0.1368
vn -0.1487 0.9887 0.0203
vn -0.0572 0.9928 -0.1048
vn -0.1034 0.9938 -0.0408
vn -0.1133 0.9744 -0.1942
vn -0.2424 0.9551 -0.1707
vn -0.1144 0.9768 -0.1810
vn -0.1107 0.9930 -0.0408
vn 0.0095 1.0000 -0.0015
vn 0.0532 0.9982 0.0274
vn 0.0906 0.9944 0.0553
vn -0.1980 0.9778 -0.0691
vn -0.0920 0.9957 0.0049
vn -0.0155 0.9981 0.0592
vn -0.1906 0.9781 -0.0835
vn -0.2681 0.9554 -0.1242
vn -0.2241 0.9582 -0.1782
vn -0.0232 0.9993 -0.0297
vn 0.1430 0.9894 -0.0264
vn 0.1294 0.9916 0.0015
vn -0.0039 0.9966 0.0824
vn 0.1161 0.9899 0.0815
vn 0.1235 0.9920 0.0255
vn -0.1126 0.9914 0.0666
vn -0.1477 0.9857 0.0811
vn -0.1127 0.9934 0.0189
vn -0.2354 0.9703 -0.0564
vn -0.1532 0.9879 0.0246
vn -0.0784 0.9905 0.1134
vn -0.1595 0.9849 0.0671
vn -0.1284 0.9900 0.0591
vn -0.1614 0.9858 -0.0472
vn -0.0815 0.9955 0.0493
vn -0.1112 0.9915 0.0679
vn -0.1406 0.9859 0.0904
vn 0.0625 0.9973 0.0373
vn 0.0482 0.9987 0.0156
vn 0.0377 0.9986 -0.0383
vn 0.1375 0.9871 0.0824
vn 0.0865 0.9933 0.0765
vn 0.0735 0.9964 -0.0428
vn 0.1222 0.9867 0.1070
vn 0.1073 0.9875 0.1152
vn 0.0831 0.9954 0.0482
vn 0.0400 0.9960 -0.0795
vn 0.0043 0.9953 -0.0965
vn -0.0089 0.9994 0.0324
vn 0.0477 0.9988 -0.0061
vn 0.0468 0.9989 -0.0055
vn 0.0323 0.9936 -0.1078
vn 0.0443 0.9990 -0.0076
vn 0.0370 0.9991 -0.0208
vn 0.0405 0.9961 -0.0780
vn 0.0155 0.9887 0.1491
vn 0.1085 0.9797 0.1688
vn 0.0757 0.9816 0.1755
vn 0.0608 0.9928 -0.1035
vn 0.0094 0.9975 -0.0707
vn 0.0665 0.9976 -0.0170
vn -0.1053 0.9934 -0.0453
vn 0.0291 0.9958 -0.0867
vn -0.0559 0.9970 0.0542
vn -0.1512 0.9805 0.1253
vn 0.0364 0.9985 -0.0409
vn 0.0477 0.9778 0.2040
vn 0.0149 0.9988 -0.0476
vn 0.0481 0.9960 -0.0746
vn 0.0362 0.9983 0.0461
vn 0.1425 0.9888 0.0452
vn 0.0914 0.9958 0.0069
vn 0.0781 0.9965 -0.0298
vn -0.0189 0.9964 0.0828
vn -0.2335 0.9722 0.0164
vn -0.0974 0.9950 -0.0239
vn -0.0752 0.9967 -0.0322
vn -0.0062 0.9996 0.0261
vn -0.0485 0.9964 0.0691
vn -0.2314 0.9494 -0.2125
vn -0.0732 0.9943 -0.0775
vn 0.0098 0.9986 0.0528
vn -0.2229 0.9716 -0.0796
vn -0.0573 0.9917 -0.1148
vn -0.1956 0.9806 -0.0145
vn 0.0176 0.9991 -0.0395
vn 0.0791 0.9962 -0.0378
vn -0.0255 0.9996 0.0083
vn 0.0774 0.9931 0.0883
vn 0.0750 0.9720 0.2226
vn 0.0899 0.9949 0.0461
vn -0.0104 0.9949 0.1007
vn 0.1155 0.9924 0.0435
vn 0.1407 0.9773 0.1586
vn -0.0054 0.9969 -0.0782
vn -0.0990 0.9950 -0.0151
vn -0.0311 0.9995 -0.0082
vn 0.0779 0.9967 -0.0243
vn -0.0260 0.9877 -0.1545
vn -0.0603 0.9982 -0.0020
vn 0.1337 0.9859 0.1010
vn -0.0124 0.9979 0.0637
vn 0.0127 0.9978 -0.0654
vn 0.0546 0.9966 0.0625
vn -0.0734 0.9971 -0.0213
vn -0.1490 0.9887 0.0170
vn -0.0083 0.9996 -0.0280
vn -0.1237 0.9912 0.0460
vn -0.0086 0.9965 0.0836
vn 0.0115 0.9995 0.0307
vn -0.0235 0.9997 0.0055
vn -0.0127 0.9992 -0.0388
vn -0.0529 0.9917 -0.1176
vn -0.0708 0.9974 0.0130
vn -0.0336 0.9975 0.0622
vn 0.0882 0.9958 -0.0249
vn -0.0697 0.9976 -0.0058
vn 0.0221 0.9996 0.0183
vn 0.0653 0.9906 0.1201
vn 0.1071 0.9817 0.1574
vn 0.0933 0.9955 -0.0142
vn -0.0819 0.9938 -0.0754
vn -0.1436 0.9878 0.0607
vn -0.0772 0.9875 0.1375
vn -0.0968 0.9820 -0.1621
vn 0.1427 0.9883 -0.0530
vn -0.0220 0.9996 0.0199
vn -0.1089 0.9824 0.1516
vt 0.984375 0.984375
vt 1.000000 0.984375
vt 1.000000 1.000000
vt 0.984375 1.000000
vt 0.484375 0.984375
vt 0.500000 0.984375
vt 0.500000 1.000000
vt 0.484375 1.000000
vt 0.484375 0.484375
vt 0.500000 0.484375
vt 0.500000 0.500000
vt 0.484375 0.500000
vt 0.984375 0.484375
vt 1.000000 0.484375
vt 1.000000 0.500000
vt 0.984375 0.500000
vt 0.734375 0.484375
vt 0.750000 0.484375
vt 0.750000 0.500000
vt 0.734375 0.500000
vt 0.734375 0.234375
vt 0.750000 0.234375
vt 0.750000 0.250000
vt 0.734375 0.250000
vt 0.984375 0.234375
vt 1.000000 0.234375
vt 1.000000 0.250000
vt 0.984375 0.250000
vt 0.234375 0.484375
vt 0.250000 0.484375
vt 0.250000 0.500000
vt 0.234375 0.500000
vt 0.234375 0.234375
vt 0.250000 0.234375
vt 0.250000 0.250000
vt 0.234375 0.250000
vt 0.484375 0.234375
vt 0.500000 0.234375
vt 0.500000 0.250000
vt 0.484375 0.250000
vt 0.234375 0.984375
vt 0.250000 0.984375
vt 0.250000 1.000000
vt 0.234375 1.000000
vt 0.234375 0.734375
vt 0.250000 0.734375
vt 0.250000 0.750000
vt 0.234375 0.750000
vt 0.484375 0.734375
vt 0.500000 0.734375
vt 0.500000 0.750000
vt 0.484375 0.750000
vt 0.734375 0.984375
vt 0.750000 0.984375
vt 0.750000 1.000000
vt 0.734375 1.000000
vt 0.734375 0.734375
vt 0.750000 0.734375
vt 0.750000 0.750000
vt 0.734375 0.750000
vt 0.984375 0.734375
vt 1.000000 0.734375
vt 1.000000 0.750000
vt 0.984375 0.750000
vt 0.859375 0.734375
vt 0.875000 0.734375
vt 0.875000 0.750000
vt 0.859375 0.750000
vt 0.859375 0.609375
vt 0.875000 0.609375
vt 0.875000 0.625000
vt 0.859375 0.625000
vt 0.984375 0.609375
vt 1.000000 0.609375
vt 1.000000 0.625000
vt 0.984375 0.625000
vt 0.609375 0.734375
vt 0.625000 0.734375
vt 0.625000 0.750000
vt 0.609375 0.750000
vt 0.609375 0.609375
vt 0.625000 0.609375
vt 0.625000 0.625000
vt 0.609375 0.625000
vt 0.734375 0.609375
vt 0.750000 0.609375
vt 0.750000 0.625000
vt 0.734375 0.625000
vt 0.609375 0.984375
vt 0.625000 0.984375
vt 0.625000 1.000000
vt 0.609375 1.000000
vt 0.609375 0.859375
vt 0.625000 0.859375
vt 0.625000 0.875000
vt 0.609375 0.875000
vt 0.734375 0.859375
vt 0.750000 0.859375
vt 0.750000 0.875000
vt 0.734375 0.875000
vt 0.359375 0.734375
vt 0.375000 0.734375
vt 0.375000 0.750000
vt 0.359375 0.750000
vt 0.359375 0.609375
vt 0.375000 0.609375
vt 0.375000 0.625000
vt 0.359375 0.625000
vt 0.484375 0.609375
vt 0.500000 0.609375
vt 0.500000 0.625000
vt 0.484375 0.625000
vt 0.109375 0.734375
vt 0.125000 0.734375
vt 0.125000 0.750000
vt 0.109375 0.750000
vt 0.109375 0.609375
vt 0.125000 0.609375
vt 0.125000 0.625000
vt 0.109375 0.625000
vt 0.234375 0.609375
vt 0.250000 0.609375
vt 0.250000 0.625000
vt 0.234375 0.625000
vt 0.109375 0.984375
vt 0.125000 0.984375
vt 0.125000 1.000000
vt 0.109375 1.000000
vt 0.109375 0.859375
vt 0.125000 0.859375
vt 0.125000 0.875000
vt 0.109375 0.875000
vt 0.234375 0.859375
vt 0.250000 0.859375
vt 0.250000 0.875000
vt 0.234375 0.875000
vt 0.359375 0.234375
vt 0.375000 0.234375
vt 0.375000 0.250000
vt 0.359375 0.250000
vt 0.359375 0.109375
vt 0.375000 0.109375
vt 0.375000 0.125000
vt 0.359375 0.125000
vt 0.484375 0.109375
vt 0.500000 0.109375
vt 0.500000 0.125000
vt 0.484375 0.125000
vt 0.109375 0.234375
vt 0.125000 0.234375
vt 0.125000 0.250000
vt 0.109375 0.250000
vt 0.109375 0.109375
vt 0.125000 0.109375
vt 0.125000 0.125000
vt 0.109375 0.125000
vt 0.234375 0.109375
vt 0.250000 0.109375
vt 0.250000 0.125000
vt 0.234375 0.125000
vt 0.109375 0.484375
vt 0.125000 0.484375
vt 0.125000 0.500000
vt 0.109375 0.500000
vt 0.109375 0.359375
vt 0.125000 0.359375
vt 0.125000 0.375000
vt 0.109375 0.375000
vt 0.234375 0.359375
vt 0.250000 0.359375
vt 0.250000 0.375000
vt 0.234375 0.375000
vt 0.859375 0.234375
vt 0.875000 0.234375
vt 0.875000 0.250000
vt 0.859375 0.250000
vt 0.859375 0.109375
vt 0.875000 0.109375
vt 0.875000 0.125000
vt 0.859375 0.125000
vt 0.984375 0.109375
vt 1.000000 0.109375
vt 1.000000 0.125000
vt 0.984375 0.125000
vt 0.609375 0.234375
vt 0.625000 0.234375
vt 0.625000 0.250000
vt 0.609375 0.250000
vt 0.609375 0.109375
vt 0.625000 0.109375
vt 0.625000 0.125000
vt 0.609375 0.125000
vt 0.734375 0.109375
vt 0.750000 0.109375
vt 0.750000 0.125000
vt 0.734375 0.125000
vt 0.609375 0.484375
vt 0.625000 0.484375
vt 0.625000 0.500000
vt 0.609375 0.500000
vt 0.609375 0.359375
vt 0.625000 0.359375
vt 0.625000 0.375000
vt 0.609375 0.375000
vt 0.734375 0.359375
vt 0.750000 0.359375
vt 0.750000 0.375000
vt 0.734375 0.375000
vt 0.859375 0.484375
vt 0.875000 0.484375
vt 0.875000 0.500000
vt 0.859375 0.500000
vt 0.859375 0.359375
vt 0.875000 0.359375
vt 0.875000 0.375000
vt 0.859375 0.375000
vt 0.984375 0.359375
vt 1.000000 0.359375
vt 1.000000 0.375000
vt 0.984375 0.375000
vt 0.359375 0.484375
vt 0.375000 0.484375
vt 0.375000 0.500000
vt 0.359375 0.500000
vt 0.359375 0.359375
vt 0.375000 0.359375
vt 0.375000 0.375000
vt 0.359375 0.375000
vt 0.484375 0.359375
vt 0.500000 0.359375
vt 0.500000 0.375000
vt 0.484375 0.375000
vt 0.359375 0.984375
vt 0.375000 0.984375
vt 0.375000 1.000000
vt 0.359375 1.000000
vt 0.359375 0.859375
vt 0.375000 0.859375
vt 0.375000 0.875000
vt 0.359375 0.875000
vt 0.484375 0.859375
vt 0.500000 0.859375
vt 0.500000 0.875000
vt 0.484375 0.875000
vt 0.859375 0.984375
vt 0.875000 0.984375
vt 0.875000 1.000000
vt 0.859375 1.000000
vt 0.859375 0.859375
vt 0.875000 0.859375
vt 0.875000 0.875000
vt 0.859375 0.875000
vt 0.984375 0.859375
vt 1.000000 0.859375
vt 1.000000 0.875000
vt 0.984375 0.875000
vt 0.921875 0.859375
vt 0.937500 0.859375
vt 0.937500 0.875000
vt 0.921875 0.875000
vt 0.921875 0.796875
vt 0.937500 0.796875
vt 0.937500 0.812500
vt 0.921875 0.812500
vt 0.984375 0.796875
vt 1.000000 0.796875
vt 1.000000 0.812500
vt 0.984375 0.812500
vt 0.796875 0.859375
vt 0.812500 0.859375
vt 0.812500 0.875000
vt 0.796875 0.875000
vt 0.796875 0.796875
vt 0.812500 0.796875
vt 0.812500 0.812500
vt 0.796875 0.812500
vt 0.859375 0.796875
vt 0.875000 0.796875
vt 0.875000 0.812500
vt 0.859375 0.812500
vt 0.796875 0.984375
vt 0.812500 0.984375
vt 0.812500 1.000000
vt 0.796875 1.000000
vt 0.796875 0.921875
vt 0.812500 0.921875
vt 0.812500 0.937500
vt 0.796875 0.937500
vt 0.859375 0.921875
vt 0.875000 0.921875
vt 0.875000 0.937500
vt 0.859375 0.937500
vt 0.421875 0.859375
vt 0.437500 0.859375
vt 0.437500 0.875000
vt 0.421875 0.875000
vt 0.421875 0.796875
vt 0.437500 0.796875
vt 0.437500 0.812500
vt 0.421875 0.812500
vt 0.484375 0.796875
vt 0.500000 0.796875
vt 0.500000 0.812500
vt 0.484375 0.812500
vt 0.296875 0.859375
vt 0.312500 0.859375
vt 0.312500 0.875000
vt 0.296875 0.875000
vt 0.296875 0.796875
vt 0.312500 0.796875
vt 0.312500 0.812500
vt 0.296875 0.812500
vt 0.359375 0.796875
vt 0.375000 0.796875
vt 0.375000 0.812500
vt 0.359375 0.812500
vt 0.296875 0.984375
vt 0.312500 0.984375
vt 0.312500 1.000000
vt 0.296875 1.000000
vt 0.296875 0.921875
vt 0.312500 0.921875
vt 0.312500 0.937500
vt 0.296875 0.937500
vt 0.359375 0.921875
vt 0.375000 0.921875
vt 0.375000 0.937500
vt 0.359375 0.937500
vt 0.421875 0.359375
vt 0.437500 0.359375
vt 0.437500 0.375000
vt 0.421875 0.375000
vt 0.421875 0.296875
vt 0.437500 0.296875
vt 0.437500 0.312500
vt 0.421875 0.312500
vt 0.484375 0.296875
vt 0.500000 0.296875
vt 0.500000 0.312500
vt 0.484375 0.312500
vt 0.296875 0.359375
vt 0.312500 0.359375
vt 0.312500 0.375000
vt 0.296875 0.375000
vt 0.296875 0.296875
vt 0.312500 0.296875
vt 0.312500 0.312500
vt 0.296875 0.312500
vt 0.359375 0.296875
vt 0.375000 0.296875
vt 0.375000 0.312500
vt 0.359375 0.312500
vt 0.296875 0.484375
vt 0.312500 0.484375
vt 0.312500 0.500000
vt 0.296875 0.500000
vt 0.296875 0.421875
vt 0.312500 0.421875
vt 0.312500 0.437500
vt 0.296875 0.437500
vt 0.359375 0.421875
vt 0.375000 0.421875
vt 0.375000 0.437500
vt 0.359375 0.437500
vt 0.921875 0.359375
vt 0.937500 0.359375
vt 0.937500 0.375000
vt 0.921875 0.375000
vt 0.921875 0.296875
vt 0.937500 0.296875
vt 0.937500 0.312500
vt 0.921875 0.312500
vt 0.984375 0.296875
vt 1.000000 0.296875
vt 1.000000 0.312500
vt 0.984375 0.312500
vt 0.796875 0.359375
vt 0.812500 0.359375
vt 0.812500 0.375000
vt 0.796875 0.375000
vt 0.796875 0.296875
vt 0.812500 0.296875
vt 0.812500 0.312500
vt 0.796875 0.312500
vt 0.859375 0.296875
vt 0.875000 0.296875
vt 0.875000 0.312500
vt 0.859375 0.312500
vt 0.796875 0.484375
vt 0.812500 0.484375
vt 0.812500 0.500000
vt 0.796875 0.500000
vt 0.796875 0.421875
vt 0.812500 0.421875
vt 0.812500 0.437500
vt 0.796875 0.437500
vt 0.859375 0.421875
vt 0.875000 0.421875
vt 0.875000 0.437500
vt 0.859375 0.437500
vt 0.671875 0.359375
vt 0.687500 0.359375
vt 0.687500 0.375000
vt 0.671875 0.375000
vt 0.671875 0.296875
vt 0.687500 0.296875
vt 0.687500 0.312500
vt 0.671875 0.312500
vt 0.734375 0.296875
vt 0.750000 0.296875
vt 0.750000 0.312500
vt 0.734375 0.312500
vt 0.546875 0.359375
vt 0.562500 0.359375
vt 0.562500 0.375000
vt 0.546875 0.375000
vt 0.546875 0.296875
vt 0.562500 0.296875
vt 0.562500 0.312500
vt 0.546875 0.312500
vt 0.609375 0.296875
vt 0.625000 0.296875
vt 0.625000 0.312500
vt 0.609375 0.312500
vt 0.546875 0.484375
vt 0.562500 0.484375
vt 0.562500 0.500000
vt 0.546875 0.500000
vt 0.546875 0.421875
vt 0.562500 0.421875
vt 0.562500 0.437500
vt 0.546875 0.437500
vt 0.609375 0.421875
vt 0.625000 0.421875
vt 0.625000 0.437500
vt 0.609375 0.437500
vt 0.671875 0.109375
vt 0.687500 0.109375
vt 0.687500 0.125000
vt 0.671875 0.125000
vt 0.671875 0.046875
vt 0.687500 0.046875
vt 0.687500 0.062500
vt 0.671875 0.062500
vt 0.734375 0.046875
vt 0.750000 0.046875
vt 0.750000 0.062500
vt 0.734375 0.062500
vt 0.546875 0.109375
vt 0.562500 0.109375
vt 0.562500 0.125000
vt 0.546875 0.125000
vt 0.546875 0.046875
vt 0.562500 0.046875
vt 0.562500 0.062500
vt 0.546875 0.062500
vt 0.609375 0.046875
vt 0.625000 0.046875
vt 0.625000 0.062500
vt 0.609375 0.062500
vt 0.546875 0.234375
vt 0.562500 0.234375
vt 0.562500 0.250000
vt 0.546875 0.250000
vt 0.546875 0.171875
vt 0.562500 0.171875
vt 0.562500 0.187500
vt 0.546875 0.187500
vt 0.609375 0.171875
vt 0.625000 0.171875
vt 0.625000 0.187500
vt 0.609375 0.187500
vt 0.921875 0.109375
vt 0.937500 0.109375
vt 0.937500 0.125000
vt 0.921875 0.125000
vt 0.921875 0.046875
vt 0.937500 0.046875
vt 0.937500 0.062500
vt 0.921875 0.062500
vt 0.984375 0.046875
vt 1.000000 0.046875
vt 1.000000 0.062500
vt 0.984375 0.062500
vt 0.796875 0.109375
vt 0.812500 0.109375
vt 0.812500 0.125000
vt 0.796875 0.125000
vt 0.796875 0.046875
vt 0.812500 0.046875
vt 0.812500 0.062500
vt 0.796875 0.062500
vt 0.859375 0.046875
vt 0.875000 0.046875
vt 0.875000 0.062500
vt 0.859375 0.062500
vt 0.796875 0.234375
vt 0.812500 0.234375
vt 0.812500 0.250000
vt 0.796875 0.250000
vt 0.796875 0.171875
vt 0.812500 0.171875
vt 0.812500 0.187500
vt 0.796875 0.187500
vt 0.859375 0.171875
vt 0.875000 0.171875
vt 0.875000 0.187500
vt 0.859375 0.187500
vt 0.171875 0.359375
vt 0.187500 0.359375
vt 0.187500 0.375000
vt 0.171875 0.375000
vt 0.171875 0.296875
vt 0.187500 0.296875
vt 0.187500 0.312500
vt 0.171875 0.312500
vt 0.234375 0.296875
vt 0.250000 0.296875
vt 0.250000 0.312500
vt 0.234375 0.312500
vt 0.046875 0.359375
vt 0.062500 0.359375
vt 0.062500 0.375000
vt 0.046875 0.375000
vt 0.046875 0.296875
vt 0.062500 0.296875
vt 0.062500 0.312500
vt 0.046875 0.312500
vt 0.109375 0.296875
vt 0.125000 0.296875
vt 0.125000 0.312500
vt 0.109375 0.312500
vt 0.046875 0.484375
vt 0.062500 0.484375
vt 0.062500 0.500000
vt 0.046875 0.500000
vt 0.046875 0.421875
vt 0.062500 0.421875
vt 0.062500 0.437500
vt 0.046875 0.437500
vt 0.109375 0.421875
vt 0.125000 0.421875
vt 0.125000 0.437500
vt 0.109375 0.437500
vt 0.171875 0.109375
vt 0.187500 0.109375
vt 0.187500 0.125000
vt 0.171875 0.125000
vt 0.171875 0.046875
vt 0.187500 0.046875
vt 0.187500 0.062500
vt 0.171875 0.062500
vt 0.234375 0.046875
vt 0.250000 0.046875
vt 0.250000 0.062500
vt 0.234375 0.062500
vt 0.046875 0.109375
vt 0.062500 0.109375
vt 0.062500 0.125000
vt 0.046875 0.125000
vt 0.046875 0.046875
vt 0.062500 0.046875
vt 0.062500 0.062500
vt 0.046875 0.062500
vt 0.109375 0.046875
vt 0.125000 0.046875
vt 0.125000 0.062500
vt 0.109375 0.062500
vt 0.046875 0.234375
vt 0.062500 0.234375
vt 0.062500 0.250000
vt 0.046875 0.250000
vt 0.046875 0.171875
vt 0.062500 0.171875
vt 0.062500 0.187500
vt 0.046875 0.187500
vt 0.109375 0.171875
vt 0.125000 0.171875
vt 0.125000 0.187500
vt 0.109375 0.187500
vt 0.421875 0.109375
vt 0.437500 0.109375
vt 0.437500 0.125000
vt 0.421875 0.125000
vt 0.421875 0.046875
vt 0.437500 0.046875
vt 0.437500 0.062500
vt 0.421875 0.062500
vt 0.484375 0.046875
vt 0.500000 0.046875
vt 0.500000 0.062500
vt 0.484375 0.062500
vt 0.296875 0.109375
vt 0.312500 0.109375
vt 0.312500 0.125000
vt 0.296875 0.125000
vt 0.296875 0.046875
vt 0.312500 0.046875
vt 0.312500 0.062500
vt 0.296875 0.062500
vt 0.359375 0.046875
vt 0.375000 0.046875
vt 0.375000 0.062500
vt 0.359375 0.062500
vt 0.296875 0.234375
vt 0.312500 0.234375
vt 0.312500 0.250000
vt 0.296875 0.250000
vt 0.296875 0.171875
vt 0.312500 0.171875
vt 0.312500 0.187500
vt 0.296875 0.187500
vt 0.359375 0.171875
vt 0.375000 0.171875
vt 0.375000 0.187500
vt 0.359375 0.187500
vt 0.171875 0.859375
vt 0.187500 0.859375
vt 0.187500 0.875000
vt 0.171875 0.875000
vt 0.171875 0.796875
vt 0.187500 0.796875
vt 0.187500 0.812500
vt 0.171875 0.812500
vt 0.234375 0.796875
vt 0.250000 0.796875
vt 0.250000 0.812500
vt 0.234375 0.812500
vt 0.046875 0.859375
vt 0.062500 0.859375
vt 0.062500 0.875000
vt 0.046875 0.875000
vt 0.046875 0.796875
vt 0.062500 0.796875
vt 0.062500 0.812500
vt 0.046875 0.812500
vt 0.109375 0.796875
vt 0.125000 0.796875
vt 0.125000 0.812500
vt 0.109375 0.812500
vt 0.046875 0.984375
vt 0.062500 0.984375
vt 0.062500 1.000000
vt 0.046875 1.000000
vt 0.046875 0.921875
vt 0.062500 0.921875
vt 0.062500 0.937500
vt 0.046875 0.937500
vt 0.109375 0.921875
vt 0.125000 0.921875
vt 0.125000 0.937500
vt 0.109375 0.937500
vt 0.171875 0.609375
vt 0.187500 0.609375
vt 0.187500 0.625000
vt 0.171875 0.625000
vt 0.171875 0.546875
vt 0.187500 0.546875
vt 0.187500 0.562500
vt 0.171875 0.562500
vt 0.234375 0.546875
vt 0.250000 0.546875
vt 0.250000 0.562500
vt 0.234375 0.562500
vt 0.046875 0.609375
vt 0.062500 0.609375
vt 0.062500 0.625000
vt 0.046875 0.625000
vt 0.046875 0.546875
vt 0.062500 0.546875
vt 0.062500 0.562500
vt 0.046875 0.562500
vt 0.109375 0.546875
vt 0.125000 0.546875
vt 0.125000 0.562500
vt 0.109375 0.562500
vt 0.046875 0.734375
vt 0.062500 0.734375
vt 0.062500 0.750000
vt 0.046875 0.750000
vt 0.046875 0.671875
vt 0.062500 0.671875
vt 0.062500 0.687500
vt 0.046875 0.687500
vt 0.109375 0.671875
vt 0.125000 0.671875
vt 0.125000 0.687500
vt 0.109375 0.687500
vt 0.421875 0.609375
vt 0.437500 0.609375
vt 0.437500 0.625000
vt 0.421875 0.625000
vt 0.421875 0.546875
vt 0.437500 0.546875
vt 0.437500 0.562500
vt 0.421875 0.562500
vt 0.484375 0.546875
vt 0.500000 0.546875
vt 0.500000 0.562500
vt 0.484375 0.562500
vt 0.296875 0.609375
vt 0.312500 0.609375
vt 0.312500 0.625000
vt 0.296875 0.625000
vt 0.296875 0.546875
vt 0.312500 0.546875
vt 0.312500 0.562500
vt 0.296875 0.562500
vt 0.359375 0.546875
vt 0.375000 0.546875
vt 0.375000 0.562500
vt 0.359375 0.562500
vt 0.296875 0.734375
vt 0.312500 0.734375
vt 0.312500 0.750000
vt 0.296875 0.750000
vt 0.296875 0.671875
vt 0.312500 0.671875
vt 0.312500 0.687500
vt 0.296875 0.687500
vt 0.359375 0.671875
vt 0.375000 0.671875
vt 0.375000 0.687500
vt 0.359375 0.687500
vt 0.671875 0.859375
vt 0.687500 0.859375
vt 0.687500 0.875000
vt 0.671875 0.875000
vt 0.671875 0.796875
vt 0.687500 0.796875
vt 0.687500 0.812500
vt 0.671875 0.812500
vt 0.734375 0.796875
vt 0.750000 0.796875
vt 0.750000 0.812500
vt 0.734375 0.812500
vt 0.546875 0.859375
vt 0.562500 0.859375
vt 0.562500 0.875000
vt 0.546875 0.875000
vt 0.546875 0.796875
vt 0.562500 0.796875
vt 0.562500 0.812500
vt 0.546875 0.812500
vt 0.609375 0.796875
vt 0.625000 0.796875
vt 0.625000 0.812500
vt 0.609375 0.812500
vt 0.546875 0.984375
vt 0.562500 0.984375
vt 0.562500 1.000000
vt 0.546875 1.000000
vt 0.546875 0.921875
vt 0.562500 0.921875
vt 0.562500 0.937500
vt 0.546875 0.937500
vt 0.609375 0.921875
vt 0.625000 0.921875
vt 0.625000 0.937500
vt 0.609375 0.937500
vt 0.671875 0.609375
vt 0.687500 0.609375
vt 0.687500 0.625000
vt 0.671875 0.625000
vt 0.671875 0.546875
vt 0.687500 0.546875
vt 0.687500 0.562500
vt 0.671875 0.562500
vt 0.734375 0.546875
vt 0.750000 0.546875
vt 0.750000 0.562500
vt 0.734375 0.562500
vt 0.546875 0.609375
vt 0.562500 0.609375
vt 0.562500 0.625000
vt 0.546875 0.625000
vt 0.546875 0.546875
vt 0.562500 0.546875
vt 0.562500 0.562500
vt 0.546875 0.562500
vt 0.609375 0.546875
vt 0.625000 0.546875
vt 0.625000 0.562500
vt 0.609375 0.562500
vt 0.546875 0.734375
vt 0.562500 0.734375
vt 0.562500 0.750000
vt 0.546875 0.750000
vt 0.546875 0.671875
vt 0.562500 0.671875
vt 0.562500 0.687500
vt 0.546875 0.687500
vt 0.609375 0.671875
vt 0.625000 0.671875
vt 0.625000 0.687500
vt 0.609375 0.687500
vt 0.921875 0.609375
vt 0.937500 0.609375
vt 0.937500 0.625000
vt 0.921875 0.625000
vt 0.921875 0.546875
vt 0.937500 0.546875
vt 0.937500 0.562500
vt 0.921875 0.562500
vt 0.984375 0.546875
vt 1.000000 0.546875
vt 1.000000 0.562500
vt 0.984375 0.562500
vt 0.796875 0.609375
vt 0.812500 0.609375
vt 0.812500 0.625000
vt 0.796875 0.625000
vt 0.796875 0.546875
vt 0.812500 0.546875
vt 0.812500 0.562500
vt 0.796875 0.562500
vt 0.859375 0.546875
vt 0.875000 0.546875
vt 0.875000 0.562500
vt 0.859375 0.562500
vt 0.796875 0.734375
vt 0.812500 0.734375
vt 0.812500 0.750000
vt 0.796875 0.750000
vt 0.796875 0.671875
vt 0.812500 0.671875
vt 0.812500 0.687500
vt 0.796875 0.687500
vt 0.859375 0.671875
vt 0.875000 0.671875
vt 0.875000 0.687500
vt 0.859375 0.687500
vt 0.921875 0.734375
vt 0.937500 0.734375
vt 0.937500 0.750000
vt 0.921875 0.750000
vt 0.921875 0.671875
vt 0.937500 0.671875
vt 0.937500 0.687500
vt 0.921875 0.687500
vt 0.984375 0.671875
vt 1.000000 0.671875
vt 1.000000 0.687500
vt 0.984375 0.687500
vt 0.671875 0.734375
vt 0.687500 0.734375
vt 0.687500 0.750000
vt 0.671875 0.750000
vt 0.671875 0.671875
vt 0.687500 0.671875
vt 0.687500 0.687500
vt 0.671875 0.687500
vt 0.734375 0.671875
vt 0.750000 0.671875
vt 0.750000 0.687500
vt 0.734375 0.687500
vt 0.671875 0.984375
vt 0.687500 0.984375
vt 0.687500 1.000000
vt 0.671875 1.000000
vt 0.671875 0.921875
vt 0.687500 0.921875
vt 0.687500 0.937500
vt 0.671875 0.937500
vt 0.734375 0.921875
vt 0.750000 0.921875
vt 0.750000 0.937500
vt 0.734375 0.937500
vt 0.421875 0.734375
vt 0.437500 0.734375
vt 0.437500 0.750000
vt 0.421875 0.750000
vt 0.421875 0.671875
vt 0.437500 0.671875
vt 0.437500 0.687500
vt 0.421875 0.687500
vt 0.484375 0.671875
vt 0.500000 0.671875
vt 0.500000 0.687500
vt 0.484375 0.687500
vt 0.171875 0.734375
vt 0.187500 0.734375
vt 0.187500 0.750000
vt 0.171875 0.750000
vt 0.171875 0.671875
vt 0.187500 0.671875
vt 0.187500 0.687500
vt 0.171875 0.687500
vt 0.234375 0.671875
vt 0.250000 0.671875
vt 0.250000 0.687500
vt 0.234375 0.687500
vt 0.171875 0.984375
vt 0.187500 0.984375
vt 0.187500 1.000000
vt 0.171875 1.000000
vt 0.171875 0.921875
vt 0.187500 0.921875
vt 0.187500 0.937500
vt 0.171875 0.937500
vt 0.234375 0.921875
vt 0.250000 0.921875
vt 0.250000 0.937500
vt 0.234375 0.937500
vt 0.421875 0.234375
vt 0.437500 0.234375
vt 0.437500 0.250000
vt 0.421875 0.250000
vt 0.421875 0.171875
vt 0.437500 0.171875
vt 0.437500 0.187500
vt 0.421875 0.187500
vt 0.484375 0.171875
vt 0.500000 0.171875
vt 0.500000 0.187500
vt 0.484375 0.187500
vt 0.171875 0.234375
vt 0.187500 0.234375
vt 0.187500 0.250000
vt 0.171875 0.250000
vt 0.171875 0.171875
vt 0.187500 0.171875
vt 0.187500 0.187500
vt 0.171875 0.187500
vt 0.234375 0.171875
vt 0.250000 0.171875
vt 0.250000 0.187500
vt 0.234375 0.187500
vt 0.171875 0.484375
vt 0.187500 0.484375
vt 0.187500 0.500000
vt 0.171875 0.500000
vt 0.171875 0.421875
vt 0.187500 0.421875
vt 0.187500 0.437500
vt 0.171875 0.437500
vt 0.234375 0.421875
vt 0.250000 0.421875
vt 0.250000 0.437500
vt 0.234375 0.437500
vt 0.921875 0.234375
vt 0.937500 0.234375
vt 0.937500 0.250000
vt 0.921875 0.250000
vt 0.921875 0.171875
vt 0.937500 0.171875
vt 0.937500 0.187500
vt 0.921875 0.187500
vt 0.984375 0.171875
vt 1.000000 0.171875
vt 1.000000 0.187500
vt 0.984375 0.187500
vt 0.671875 0.234375
vt 0.687500 0.234375
vt 0.687500 0.250000
vt 0.671875 0.250000
vt 0.671875 0.171875
vt 0.687500 0.171875
vt 0.687500 0.187500
vt 0.671875 0.187500
vt 0.734375 0.171875
vt 0.750000 0.171875
vt 0.750000 0.187500
vt 0.734375 0.187500
vt 0.671875 0.484375
vt 0.687500 0.484375
vt 0.687500 0.500000
vt 0.671875 0.500000
vt 0.671875 0.421875
vt 0.687500 0.421875
vt 0.687500 0.437500
vt 0.671875 0.437500
vt 0.734375 0.421875
vt 0.750000 0.421875
vt 0.750000 0.437500
vt 0.734375 0.437500
vt 0.921875 0.484375
vt 0.937500 0.484375
vt 0.937500 0.500000
vt 0.921875 0.500000
vt 0.921875 0.421875
vt 0.937500 0.421875
vt 0.937500 0.437500
vt 0.921875 0.437500
vt 0.984375 0.421875
vt 1.000000 0.421875
vt 1.000000 0.437500
vt 0.984375 0.437500
vt 0.421875 0.484375
vt 0.437500 0.484375
vt 0.437500 0.500000
vt 0.421875 0.500000
vt 0.421875 0.421875
vt 0.437500 0.421875
vt 0.437500 0.437500
vt 0.421875 0.437500
vt 0.484375 0.421875
vt 0.500000 0.421875
vt 0.500000 0.437500
vt 0.484375 0.437500
vt 0.421875 0.984375
vt 0.437500 0.984375
vt 0.437500 1.000000
vt 0.421875 1.000000
vt 0.421875 0.921875
vt 0.437500 0.921875
vt 0.437500 0.937500
vt 0.421875 0.937500
vt 0.484375 0.921875
vt 0.500000 0.921875
vt 0.500000 0.937500
vt 0.484375 0.937500
vt 0.921875 0.984375
vt 0.937500 0.984375
vt 0.937500 1.000000
vt 0.921875 1.000000
vt 0.921875 0.921875
vt 0.937500 0.921875
vt 0.937500 0.937500
vt 0.921875 0.937500
vt 0.984375 0.921875
vt 1.000000 0.921875
vt 1.000000 0.937500
vt 0.984375 0.937500
vt 0.953125 0.921875
vt 0.968750 0.921875
vt 0.968750 0.937500
vt 0.953125 0.937500
vt 0.953125 0.890625
vt 0.968750 0.890625
vt 0.968750 0.906250
vt 0.953125 0.906250
vt 0.984375 0.890625
vt 1.000000 0.890625
vt 1.000000 0.906250
vt 0.984375 0.906250
vt 0.890625 0.921875
vt 0.906250 0.921875
vt 0.906250 0.937500
vt 0.890625 0.937500
vt 0.890625 0.890625
vt 0.906250 0.890625
vt 0.906250 0.906250
vt 0.890625 0.906250
vt 0.921875 0.890625
vt 0.937500 0.890625
vt 0.937500 0.906250
vt 0.921875 0.906250
vt 0.890625 0.984375
vt 0.906250 0.984375
vt 0.906250 1.000000
vt 0.890625 1.000000
vt 0.890625 0.953125
vt 0.906250 0.953125
vt 0.906250 0.968750
vt 0.890625 0.968750
vt 0.921875 0.953125
vt 0.937500 0.953125
vt 0.937500 0.968750
vt 0.921875 0.968750
vt 0.453125 0.921875
vt 0.468750 0.921875
vt 0.468750 0.937500
vt 0.453125 0.937500
vt 0.453125 0.890625
vt 0.468750 0.890625
vt 0.468750 0.906250
vt 0.453125 0.906250
vt 0.484375 0.890625
vt 0.500000 0.890625
vt 0.500000 0.906250
vt 0.484375 0.906250
vt 0.390625 0.921875
vt 0.406250 0.921875
vt 0.406250 0.937500
vt 0.390625 0.937500
vt 0.390625 0.890625
vt 0.406250 0.890625
vt 0.406250 0.906250
vt 0.390625 0.906250
vt 0.421875 0.890625
vt 0.437500 0.890625
vt 0.437500 0.906250
vt 0.421875 0.906250
vt 0.390625 0.984375
vt 0.406250 0.984375
vt 0.406250 1.000000
vt 0.390625 1.000000
vt 0.390625 0.953125
vt 0.406250 0.953125
vt 0.406250 0.968750
vt 0.390625 0.968750
vt 0.421875 0.953125
vt 0.437500 0.953125
vt 0.437500 0.968750
vt 0.421875 0.968750
vt 0.453125 0.421875
vt 0.468750 0.421875
vt 0.468750 0.437500
vt 0.453125 0.437500
vt 0.453125 0.390625
vt 0.468750 0.390625
vt 0.468750 0.406250
vt 0.453125 0.406250
vt 0.484375 0.390625
vt 0.500000 0.390625
vt 0.500000 0.406250
vt 0.484375 0.406250
vt 0.390625 0.421875
vt 0.406250 0.421875
vt 0.406250 0.437500
vt 0.390625 0.437500
vt 0.390625 0.390625
vt 0.406250 0.390625
vt 0.406250 0.406250
vt 0.390625 0.406250
vt 0.421875 0.390625
vt 0.437500 0.390625
vt 0.437500 0.406250
vt 0.421875 0.406250
vt 0.390625 0.484375
vt 0.406250 0.484375
vt 0.406250 0.500000
vt 0.390625 0.500000
vt 0.390625 0.453125
vt 0.406250 0.453125
vt 0.406250 0.468750
vt 0.390625 0.468750
vt 0.421875 0.453125
vt 0.437500 0.453125
vt 0.437500 0.468750
vt 0.421875 0.468750
vt 0.953125 0.421875
vt 0.968750 0.421875
vt 0.968750 0.437500
vt 0.953125 0.437500
vt 0.953125 0.390625
vt 0.968750 0.390625
vt 0.968750 0.406250
vt 0.953125 0.406250
vt 0.984375 0.390625
vt 1.000000 0.390625
vt 1.000000 0.406250
vt 0.984375 0.406250
vt 0.890625 0.421875
vt 0.906250 0.421875
vt 0.906250 0.437500
vt 0.890625 0.437500
vt 0.890625 0.390625
vt 0.906250 0.390625
vt 0.906250 0.406250
vt 0.890625 0.406250
vt 0.921875 0.390625
vt 0.937500 0.390625
vt 0.937500 0.406250
vt 0.921875 0.406250
vt 0.890625 0.484375
vt 0.906250 0.484375
vt 0.906250 0.500000
vt 0.890625 0.500000
vt 0.890625 0.453125
vt 0.906250 0.453125
vt 0.906250 0.468750
vt 0.890625 0.468750
vt 0.921875 0.453125
vt 0.937500 0.453125
vt 0.937500 0.468750
vt 0.921875 0.468750
vt 0.703125 0.421875
vt 0.718750 0.421875
vt 0.718750 0.437500
vt 0.703125 0.437500
vt 0.703125 0.390625
vt 0.718750 0.390625
vt 0.718750 0.406250
vt 0.703125 0.406250
vt 0.734375 0.390625
vt 0.750000 0.390625
vt 0.750000 0.406250
vt 0.734375 0.406250
vt 0.640625 0.421875
vt 0.656250 0.421875
vt 0.656250 0.437500
vt 0.640625 0.437500
vt 0.640625 0.390625
vt 0.656250 0.390625
vt 0.656250 0.406250
vt 0.640625 0.406250
vt 0.671875 0.390625
vt 0.687500 0.390625
vt 0.687500 0.406250
vt 0.671875 0.406250
vt 0.640625 0.484375
vt 0.656250 0.484375
vt 0.656250 0.500000
vt 0.640625 0.500000
vt 0.640625 0.453125
vt 0.656250 0.453125
vt 0.656250 0.468750
vt 0.640625 0.468750
vt 0.671875 0.453125
vt 0.687500 0.453125
vt 0.687500 0.468750
vt 0.671875 0.468750
vt 0.703125 0.171875
vt 0.718750 0.171875
vt 0.718750 0.187500
vt 0.703125 0.187500
vt 0.703125 0.140625
vt 0.718750 0.140625
vt 0.718750 0.156250
vt 0.703125 0.156250
vt 0.734375 0.140625
vt 0.750000 0.140625
vt 0.750000 0.156250
vt 0.734375 0.156250
vt 0.640625 0.171875
vt 0.656250 0.171875
vt 0.656250 0.187500
vt 0.640625 0.187500
vt 0.640625 0.140625
vt 0.656250 0.140625
vt 0.656250 0.156250
vt 0.640625 0.156250
vt 0.671875 0.140625
vt 0.687500 0.140625
vt 0.687500 0.156250
vt 0.671875 0.156250
vt 0.640625 0.234375
vt 0.656250 0.234375
vt 0.656250 0.250000
vt 0.640625 0.250000
vt 0.640625 0.203125
vt 0.656250 0.203125
vt 0.656250 0.218750
vt 0.640625 0.218750
vt 0.671875 0.203125
vt 0.687500 0.203125
vt 0.687500 0.218750
vt 0.671875 0.218750
vt 0.953125 0.171875
vt 0.968750 0.171875
vt 0.968750 0.187500
vt 0.953125 0.187500
vt 0.953125 0.140625
vt 0.968750 0.140625
vt 0.968750 0.156250
vt 0.953125 0.156250
vt 0.984375 0.140625
vt 1.000000 0.140625
vt 1.000000 0.156250
vt 0.984375 0.156250
vt 0.890625 0.171875
vt 0.906250 0.171875
vt 0.906250 0.187500
vt 0.890625 0.187500
vt 0.890625 0.140625
vt 0.906250 0.140625
vt 0.906250 0.156250
vt 0.890625 0.156250
vt 0.921875 0.140625
vt 0.937500 0.140625
vt 0.937500 0.156250
vt 0.921875 0.156250
vt 0.890625 0.234375
vt 0.906250 0.234375
vt 0.906250 0.250000
vt 0.890625 0.250000
vt 0.890625 0.203125
vt 0.906250 0.203125
vt 0.906250 0.218750
vt 0.890625 0.218750
vt 0.921875 0.203125
vt 0.937500 0.203125
vt 0.937500 0.218750
vt 0.921875 0.218750
vt 0.203125 0.421875
vt 0.218750 0.421875
vt 0.218750 0.437500
vt 0.203125 0.437500
vt 0.203125 0.390625
vt 0.218750 0.390625
vt 0.218750 0.406250
vt 0.203125 0.406250
vt 0.234375 0.390625
vt 0.250000 0.390625
vt 0.250000 0.406250
vt 0.234375 0.406250
vt 0.140625 0.421875
vt 0.156250 0.421875
vt 0.156250 0.437500
vt 0.140625 0.437500
vt 0.140625 0.390625
vt 0.156250 0.390625
vt 0.156250 0.406250
vt 0.140625 0.406250
vt 0.171875 0.390625
vt 0.187500 0.390625
vt 0.187500 0.406250
vt 0.171875 0.406250
vt 0.140625 0.484375
vt 0.156250 0.484375
vt 0.156250 0.500000
vt 0.140625 0.500000
vt 0.140625 0.453125
vt 0.156250 0.453125
vt 0.156250 0.468750
vt 0.140625 0.468750
vt 0.171875 0.453125
vt 0.187500 0.453125
vt 0.187500 0.468750
vt 0.171875 0.468750
vt 0.203125 0.171875
vt 0.218750 0.171875
vt 0.218750 0.187500
vt 0.203125 0.187500
vt 0.203125 0.140625
vt 0.218750 0.140625
vt 0.218750 0.156250
vt 0.203125 0.156250
vt 0.234375 0.140625
vt 0.250000 0.140625
vt 0.250000 0.156250
vt 0.234375 0.156250
vt 0.140625 0.171875
vt 0.156250 0.171875
vt 0.156250 0.187500
vt 0.140625 0.187500
vt 0.140625 0.140625
vt 0.156250 0.140625
vt 0.156250 0.156250
vt 0.140625 0.156250
vt 0.171875 0.140625
vt 0.187500 0.140625
vt 0.187500 0.156250
vt 0.171875 0.156250
vt 0.140625 0.234375
vt 0.156250 0.234375
vt 0.156250 0.250000
vt 0.140625 0.250000
vt 0.140625 0.203125
vt 0.156250 0.203125
vt 0.156250 0.218750
vt 0.140625 0.218750
vt 0.171875 0.203125
vt 0.187500 0.203125
vt 0.187500 0.218750
vt 0.171875 0.218750
vt 0.453125 0.171875
vt 0.468750 0.171875
vt 0.468750 0.187500
vt 0.453125 0.187500
vt 0.453125 0.140625
vt 0.468750 0.140625
vt 0.468750 0.156250
vt 0.453125 0.156250
vt 0.484375 0.140625
vt 0.500000 0.140625
vt 0.500000 0.156250
vt 0.484375 0.156250
vt 0.390625 0.171875
vt 0.406250 0.171875
vt 0.406250 0.187500
vt 0.390625 0.187500
vt 0.390625 0.140625
vt 0.406250 0.140625
vt 0.406250 0.156250
vt 0.390625 0.156250
vt 0.421875 0.140625
vt 0.437500 0.140625
vt 0.437500 0.156250
vt 0.421875 0.156250
vt 0.390625 0.234375
vt 0.406250 0.234375
vt 0.406250 0.250000
vt 0.390625 0.250000
vt 0.390625 0.203125
vt 0.406250 0.203125
vt 0.406250 0.218750
vt 0.390625 0.218750
vt 0.421875 0.203125
vt 0.437500 0.203125
vt 0.437500 0.218750
vt 0.421875 0.218750
vt 0.203125 0.921875
vt 0.218750 0.921875
vt 0.218750 0.937500
vt 0.203125 0.937500
vt 0.203125 0.890625
vt 0.218750 0.890625
vt 0.218750 0.906250
vt 0.203125 0.906250
vt 0.234375 0.890625
vt 0.250000 0.890625
vt 0.250000 0.906250
vt 0.234375 0.906250
vt 0.140625 0.921875
vt 0.156250 0.921875
vt 0.156250 0.937500
vt 0.140625 0.937500
vt 0.140625 0.890625
vt 0.156250 0.890625
vt 0.156250 0.906250
vt 0.140625 0.906250
vt 0.171875 0.890625
vt 0.187500 0.890625
vt 0.187500 0.906250
vt 0.171875 0.906250
vt 0.140625 0.984375
vt 0.156250 0.984375
vt 0.156250 1.000000
vt 0.140625 1.000000
vt 0.140625 0.953125
vt 0.156250 0.953125
vt 0.156250 0.968750
vt 0.140625 0.968750
vt 0.171875 0.953125
vt 0.187500 0.953125
vt 0.187500 0.968750
vt 0.171875 0.968750
vt 0.203125 0.671875
vt 0.218750 0.671875
vt 0.218750 0.687500
vt 0.203125 0.687500
vt 0.203125 0.640625
vt 0.218750 0.640625
vt 0.218750 0.656250
vt 0.203125 0.656250
vt 0.234375 0.640625
vt 0.250000 0.640625
vt 0.250000 0.656250
vt 0.234375 0.656250
vt 0.140625 0.671875
vt 0.156250 0.671875
vt 0.156250 0.687500
vt 0.140625 0.687500
vt 0.140625 0.640625
vt 0.156250 0.640625
vt 0.156250 0.656250
vt 0.140625 0.656250
vt 0.171875 0.640625
vt 0.187500 0.640625
vt 0.187500 0.656250
vt 0.171875 0.656250
vt 0.140625 0.734375
vt 0.156250 0.734375
vt 0.156250 0.750000
vt 0.140625 0.750000
vt 0.140625 0.703125
vt 0.156250 0.703125
vt 0.156250 0.718750
vt 0.140625 0.718750
vt 0.171875 0.703125
vt 0.187500 0.703125
vt 0.187500 0.718750
vt 0.171875 0.718750
vt 0.453125 0.671875
vt 0.468750 0.671875
vt 0.468750 0.687500
vt 0.453125 0.687500
vt 0.453125 0.640625
vt 0.468750 0.640625
vt 0.468750 0.656250
vt 0.453125 0.656250
vt 0.484375 0.640625
vt 0.500000 0.640625
vt 0.500000 0.656250
vt 0.484375 0.656250
vt 0.390625 0.671875
vt 0.406250 0.671875
vt 0.406250 0.687500
vt 0.390625 0.687500
vt 0.390625 0.640625
vt 0.406250 0.640625
vt 0.406250 0.656250
vt 0.390625 0.656250
vt 0.421875 0.640625
vt 0.437500 0.640625
vt 0.437500 0.656250
vt 0.421875 0.656250
vt 0.390625 0.734375
vt 0.406250 0.734375
vt 0.406250 0.750000
vt 0.390625 0.750000
vt 0.390625 0.703125
vt 0.406250 0.703125
vt 0.406250 0.718750
vt 0.390625 0.718750
vt 0.421875 0.703125
vt 0.437500 0.703125
vt 0.437500 0.718750
vt 0.421875 0.718750
vt 0.703125 0.921875
vt 0.718750 0.921875
vt 0.718750 0.937500
vt 0.703125 0.937500
vt 0.703125 0.890625
vt 0.718750 0.890625
vt 0.718750 0.906250
vt 0.703125 0.906250
vt 0.734375 0.890625
vt 0.750000 0.890625
vt 0.750000 0.906250
vt 0.734375 0.906250
vt 0.640625 0.921875
vt 0.656250 0.921875
vt 0.656250 0.937500
vt 0.640625 0.937500
vt 0.640625 0.890625
vt 0.656250 0.890625
vt 0.656250 0.906250
vt 0.640625 0.906250
vt 0.671875 0.890625
vt 0.687500 0.890625
vt 0.687500 0.906250
vt 0.671875 0.906250
vt 0.640625 0.984375
vt 0.656250 0.984375
vt 0.656250 1.000000
vt 0.640625 1.000000
vt 0.640625 0.953125
vt 0.656250 0.953125
vt 0.656250 0.968750
vt 0.640625 0.968750
vt 0.671875 0.953125
vt 0.687500 0.953125
vt 0.687500 0.968750
vt 0.671875 0.968750
vt 0.703125 0.671875
vt 0.718750 0.671875
vt 0.718750 0.687500
vt 0.703125 0.687500
vt 0.703125 0.640625
vt 0.718750 0.640625
vt 0.718750 0.656250
vt 0.703125 0.656250
vt 0.734375 0.640625
vt 0.750000 0.640625
vt 0.750000 0.656250
vt 0.734375 0.656250
vt 0.640625 0.671875
vt 0.656250 0.671875
vt 0.656250 0.687500
vt 0.640625 0.687500
vt 0.640625 0.640625
vt 0.656250 0.640625
vt 0.656250 0.656250
vt 0.640625 0.656250
vt 0.671875 0.640625
vt 0.687500 0.640625
vt 0.687500 0.656250
vt 0.671875 0.656250
vt 0.640625 0.734375
vt 0.656250 0.734375
vt 0.656250 0.750000
vt 0.640625 0.750000
vt 0.640625 0.703125
vt 0.656250 0.703125
vt 0.656250 0.718750
vt 0.640625 0.718750
vt 0.671875 0.703125
vt 0.687500 0.703125
vt 0.687500 0.718750
vt 0.671875 0.718750
vt 0.953125 0.671875
vt 0.968750 0.671875
vt 0.968750 0.687500
vt 0.953125 0.687500
vt 0.953125 0.640625
vt 0.968750 0.640625
vt 0.968750 0.656250
vt 0.953125 0.656250
vt 0.984375 0.640625
vt 1.000000 0.640625
vt 1.000000 0.656250
vt 0.984375 0.656250
vt 0.890625 0.671875
vt 0.906250 0.671875
vt 0.906250 0.687500
vt 0.890625 0.687500
vt 0.890625 0.640625
vt 0.906250 0.640625
vt 0.906250 0.656250
vt 0.890625 0.656250
vt 0.921875 0.640625
vt 0.937500 0.640625
vt 0.937500 0.656250
vt 0.921875 0.656250
vt 0.890625 0.734375
vt 0.906250 0.734375
vt 0.906250 0.750000
vt 0.890625 0.750000
vt 0.890625 0.703125
vt 0.906250 0.703125
vt 0.906250 0.718750
vt 0.890625 0.718750
vt 0.921875 0.703125
vt 0.937500 0.703125
vt 0.937500 0.718750
vt 0.921875 0.718750
vt 0.828125 0.671875
vt 0.843750 0.671875
vt 0.843750 0.687500
vt 0.828125 0.687500
vt 0.828125 0.640625
vt 0.843750 0.640625
vt 0.843750 0.656250
vt 0.828125 0.656250
vt 0.859375 0.640625
vt 0.875000 0.640625
vt 0.875000 0.656250
vt 0.859375 0.656250
vt 0.765625 0.671875
vt 0.781250 0.671875
vt 0.781250 0.687500
vt 0.765625 0.687500
vt 0.765625 0.640625
vt 0.781250 0.640625
vt 0.781250 0.656250
vt 0.765625 0.656250
vt 0.796875 0.640625
vt 0.812500 0.640625
vt 0.812500 0.656250
vt 0.796875 0.656250
vt 0.765625 0.734375
vt 0.781250 0.734375
vt 0.781250 0.750000
vt 0.765625 0.750000
vt 0.765625 0.703125
vt 0.781250 0.703125
vt 0.781250 0.718750
vt 0.765625 0.718750
vt 0.796875 0.703125
vt 0.812500 0.703125
vt 0.812500 0.718750
vt 0.796875 0.718750
vt 0.828125 0.546875
vt 0.843750 0.546875
vt 0.843750 0.562500
vt 0.828125 0.562500
vt 0.828125 0.515625
vt 0.843750 0.515625
vt 0.843750 0.531250
vt 0.828125 0.531250
vt 0.859375 0.515625
vt 0.875000 0.515625
vt 0.875000 0.531250
vt 0.859375 0.531250
vt 0.765625 0.546875
vt 0.781250 0.546875
vt 0.781250 0.562500
vt 0.765625 0.562500
vt 0.765625 0.515625
vt 0.781250 0.515625
vt 0.781250 0.531250
vt 0.765625 0.531250
vt 0.796875 0.515625
vt 0.812500 0.515625
vt 0.812500 0.531250
vt 0.796875 0.531250
vt 0.765625 0.609375
vt 0.781250 0.609375
vt 0.781250 0.625000
vt 0.765625 0.625000
vt 0.765625 0.578125
vt 0.781250 0.578125
vt 0.781250 0.593750
vt 0.765625 0.593750
vt 0.796875 0.578125
vt 0.812500 0.578125
vt 0.812500 0.593750
vt 0.796875 0.593750
vt 0.953125 0.546875
vt 0.968750 0.546875
vt 0.968750 0.562500
vt 0.953125 0.562500
vt 0.953125 0.515625
vt 0.968750 0.515625
vt 0.968750 0.531250
vt 0.953125 0.531250
vt 0.984375 0.515625
vt 1.000000 0.515625
vt 1.000000 0.531250
vt 0.984375 0.531250
vt 0.890625 0.546875
vt 0.906250 0.546875
vt 0.906250 0.562500
vt 0.890625 0.562500
vt 0.890625 0.515625
vt 0.906250 0.515625
vt 0.906250 0.531250
vt 0.890625 0.531250
vt 0.921875 0.515625
vt 0.937500 0.515625
vt 0.937500 0.531250
vt 0.921875 0.531250
vt 0.890625 0.609375
vt 0.906250 0.609375
vt 0.906250 0.625000
vt 0.890625 0.625000
vt 0.890625 0.578125
vt 0.906250 0.578125
vt 0.906250 0.593750
vt 0.890625 0.593750
vt 0.921875 0.578125
vt 0.937500 0.578125
vt 0.937500 0.593750
vt 0.921875 0.593750
vt 0.578125 0.671875
vt 0.593750 0.671875
vt 0.593750 0.687500
vt 0.578125 0.687500
vt 0.578125 0.640625
vt 0.593750 0.640625
vt 0.593750 0.656250
vt 0.578125 0.656250
vt 0.609375 0.640625
vt 0.625000 0.640625
vt 0.625000 0.656250
vt 0.609375 0.656250
vt 0.515625 0.671875
vt 0.531250 0.671875
vt 0.531250 0.687500
vt 0.515625 0.687500
vt 0.515625 0.640625
vt 0.531250 0.640625
vt 0.531250 0.656250
vt 0.515625 0.656250
vt 0.546875 0.640625
vt 0.562500 0.640625
vt 0.562500 0.656250
vt 0.546875 0.656250
vt 0.515625 0.734375
vt 0.531250 0.734375
vt 0.531250 0.750000
vt 0.515625 0.750000
vt 0.515625 0.703125
vt 0.531250 0.703125
vt 0.531250 0.718750
vt 0.515625 0.718750
vt 0.546875 0.703125
vt 0.562500 0.703125
vt 0.562500 0.718750
vt 0.546875 0.718750
vt 0.578125 0.546875
vt 0.593750 0.546875
vt 0.593750 0.562500
vt 0.578125 0.562500
vt 0.578125 0.515625
vt 0.593750 0.515625
vt 0.593750 0.531250
vt 0.578125 0.531250
vt 0.609375 0.515625
vt 0.625000 0.515625
vt 0.625000 0.531250
vt 0.609375 0.531250
vt 0.515625 0.546875
vt 0.531250 0.546875
vt 0.531250 0.562500
vt 0.515625 0.562500
vt 0.515625 0.515625
vt 0.531250 0.515625
vt 0.531250 0.531250
vt 0.515625 0.531250
vt 0.546875 0.515625
vt 0.562500 0.515625
vt 0.562500 0.531250
vt 0.546875 0.531250
vt 0.515625 0.609375
vt 0.531250 0.609375
vt 0.531250 0.625000
vt 0.515625 0.625000
vt 0.515625 0.578125
vt 0.531250 0.578125
vt 0.531250 0.593750
vt 0.515625 0.593750
vt 0.546875 0.578125
vt 0.562500 0.578125
vt 0.562500 0.593750
vt 0.546875 0.593750
vt 0.703125 0.546875
vt 0.718750 0.546875
vt 0.718750 0.562500
vt 0.703125 0.562500
vt 0.703125 0.515625
vt 0.718750 0.515625
vt 0.718750 0.531250
vt 0.703125 0.531250
vt 0.734375 0.515625
vt 0.750000 0.515625
vt 0.750000 0.531250
vt 0.734375 0.531250
vt 0.640625 0.546875
vt 0.656250 0.546875
vt 0.656250 0.562500
vt 0.640625 0.562500
vt 0.640625 0.515625
vt 0.656250 0.515625
vt 0.656250 0.531250
vt 0.640625 0.531250
vt 0.671875 0.515625
vt 0.687500 0.515625
vt 0.687500 0.531250
vt 0.671875 0.531250
vt 0.640625 0.609375
vt 0.656250 0.609375
vt 0.656250 0.625000
vt 0.640625 0.625000
vt 0.640625 0.578125
vt 0.656250 0.578125
vt 0.656250 0.593750
vt 0.640625 0.593750
vt 0.671875 0.578125
vt 0.687500 0.578125
vt 0.687500 0.593750
vt 0.671875 0.593750
vt 0.578125 0.921875
vt 0.593750 0.921875
vt 0.593750 0.937500
vt 0.578125 0.937500
vt 0.578125 0.890625
vt 0.593750 0.890625
vt 0.593750 0.906250
vt 0.578125 0.906250
vt 0.609375 0.890625
vt 0.625000 0.890625
vt 0.625000 0.906250
vt 0.609375 0.906250
vt 0.515625 0.921875
vt 0.531250 0.921875
vt 0.531250 0.937500
vt 0.515625 0.937500
vt 0.515625 0.890625
vt 0.531250 0.890625
vt 0.531250 0.906250
vt 0.515625 0.906250
vt 0.546875 0.890625
vt 0.562500 0.890625
vt 0.562500 0.906250
vt 0.546875 0.906250
vt 0.515625 0.984375
vt 0.531250 0.984375
vt 0.531250 1.000000
vt 0.515625 1.000000
vt 0.515625 0.953125
vt 0.531250 0.953125
vt 0.531250 0.968750
vt 0.515625 0.968750
vt 0.546875 0.953125
vt 0.562500 0.953125
vt 0.562500 0.968750
vt 0.546875 0.968750
vt 0.578125 0.796875
vt 0.593750 0.796875
vt 0.593750 0.812500
vt 0.578125 0.812500
vt 0.578125 0.765625
vt 0.593750 0.765625
vt 0.593750 0.781250
vt 0.578125 0.781250
vt 0.609375 0.765625
vt 0.625000 0.765625
vt 0.625000 0.781250
vt 0.609375 0.781250
vt 0.515625 0.796875
vt 0.531250 0.796875
vt 0.531250 0.812500
vt 0.515625 0.812500
vt 0.515625 0.765625
vt 0.531250 0.765625
vt 0.531250 0.781250
vt 0.515625 0.781250
vt 0.546875 0.765625
vt 0.562500 0.765625
vt 0.562500 0.781250
vt 0.546875 0.781250
vt 0.515625 0.859375
vt 0.531250 0.859375
vt 0.531250 0.875000
vt 0.515625 0.875000
vt 0.515625 0.828125
vt 0.531250 0.828125
vt 0.531250 0.843750
vt 0.515625 0.843750
vt 0.546875 0.828125
vt 0.562500 0.828125
vt 0.562500 0.843750
vt 0.546875 0.843750
vt 0.703125 0.796875
vt 0.718750 0.796875
vt 0.718750 0.812500
vt 0.703125 0.812500
vt 0.703125 0.765625
vt 0.718750 0.765625
vt 0.718750 0.781250
vt 0.703125 0.781250
vt 0.734375 0.765625
vt 0.750000 0.765625
vt 0.750000 0.781250
vt 0.734375 0.781250
vt 0.640625 0.796875
vt 0.656250 0.796875
vt 0.656250 0.812500
vt 0.640625 0.812500
vt 0.640625 0.765625
vt 0.656250 0.765625
vt 0.656250 0.781250
vt 0.640625 0.781250
vt 0.671875 0.765625
vt 0.687500 0.765625
vt 0.687500 0.781250
vt 0.671875 0.781250
vt 0.640625 0.859375
vt 0.656250 0.859375
vt 0.656250 0.875000
vt 0.640625 0.875000
vt 0.640625 0.828125
vt 0.656250 0.828125
vt 0.656250 0.843750
vt 0.640625 0.843750
vt 0.671875 0.828125
vt 0.687500 0.828125
vt 0.687500 0.843750
vt 0.671875 0.843750
vt 0.328125 0.671875
vt 0.343750 0.671875
vt 0.343750 0.687500
vt 0.328125 0.687500
vt 0.328125 0.640625
vt 0.343750 0.640625
vt 0.343750 0.656250
vt 0.328125 0.656250
vt 0.359375 0.640625
vt 0.375000 0.640625
vt 0.375000 0.656250
vt 0.359375 0.656250
vt 0.265625 0.671875
vt 0.281250 0.671875
vt 0.281250 0.687500
vt 0.265625 0.687500
vt 0.265625 0.640625
vt 0.281250 0.640625
vt 0.281250 0.656250
vt 0.265625 0.656250
vt 0.296875 0.640625
vt 0.312500 0.640625
vt 0.312500 0.656250
vt 0.296875 0.656250
vt 0.265625 0.734375
vt 0.281250 0.734375
vt 0.281250 0.750000
vt 0.265625 0.750000
vt 0.265625 0.703125
vt 0.281250 0.703125
vt 0.281250 0.718750
vt 0.265625 0.718750
vt 0.296875 0.703125
vt 0.312500 0.703125
vt 0.312500 0.718750
vt 0.296875 0.718750
vt 0.328125 0.546875
vt 0.343750 0.546875
vt 0.343750 0.562500
vt 0.328125 0.562500
vt 0.328125 0.515625
vt 0.343750 0.515625
vt 0.343750 0.531250
vt 0.328125 0.531250
vt 0.359375 0.515625
vt 0.375000 0.515625
vt 0.375000 0.531250
vt 0.359375 0.531250
vt 0.265625 0.546875
vt 0.281250 0.546875
vt 0.281250 0.562500
vt 0.265625 0.562500
vt 0.265625 0.515625
vt 0.281250 0.515625
vt 0.281250 0.531250
vt 0.265625 0.531250
vt 0.296875 0.515625
vt 0.312500 0.515625
vt 0.312500 0.531250
vt 0.296875 0.531250
vt 0.265625 0.609375
vt 0.281250 0.609375
vt 0.281250 0.625000
vt 0.265625 0.625000
vt 0.265625 0.578125
vt 0.281250 0.578125
vt 0.281250 0.593750
vt 0.265625 0.593750
vt 0.296875 0.578125
vt 0.312500 0.578125
vt 0.312500 0.593750
vt 0.296875 0.593750
vt 0.453125 0.546875
vt 0.468750 0.546875
vt 0.468750 0.562500
vt 0.453125 0.562500
vt 0.453125 0.515625
vt 0.468750 0.515625
vt 0.468750 0.531250
vt 0.453125 0.531250
vt 0.484375 0.515625
vt 0.500000 0.515625
vt 0.500000 0.531250
vt 0.484375 0.531250
vt 0.390625 0.546875
vt 0.406250 0.546875
vt 0.406250 0.562500
vt 0.390625 0.562500
vt 0.390625 0.515625
vt 0.406250 0.515625
vt 0.406250 0.531250
vt 0.390625 0.531250
vt 0.421875 0.515625
vt 0.437500 0.515625
vt 0.437500 0.531250
vt 0.421875 0.531250
vt 0.390625 0.609375
vt 0.406250 0.609375
vt 0.406250 0.625000
vt 0.390625 0.625000
vt 0.390625 0.578125
vt 0.406250 0.578125
vt 0.406250 0.593750
vt 0.390625 0.593750
vt 0.421875 0.578125
vt 0.437500 0.578125
vt 0.437500 0.593750
vt 0.421875 0.593750
vt 0.078125 0.671875
vt 0.093750 0.671875
vt 0.093750 0.687500
vt 0.078125 0.687500
vt 0.078125 0.640625
vt 0.093750 0.640625
vt 0.093750 0.656250
vt 0.078125 0.656250
vt 0.109375 0.640625
vt 0.125000 0.640625
vt 0.125000 0.656250
vt 0.109375 0.656250
vt 0.015625 0.671875
vt 0.031250 0.671875
vt 0.031250 0.687500
vt 0.015625 0.687500
vt 0.015625 0.640625
vt 0.031250 0.640625
vt 0.031250 0.656250
vt 0.015625 0.656250
vt 0.046875 0.640625
vt 0.062500 0.640625
vt 0.062500 0.656250
vt 0.046875 0.656250
vt 0.015625 0.734375
vt 0.031250 0.734375
vt 0.031250 0.750000
vt 0.015625 0.750000
vt 0.015625 0.703125
vt 0.031250 0.703125
vt 0.031250 0.718750
vt 0.015625 0.718750
vt 0.046875 0.703125
vt 0.062500 0.703125
vt 0.062500 0.718750
vt 0.046875 0.718750
vt 0.078125 0.546875
vt 0.093750 0.546875
vt 0.093750 0.562500
vt 0.078125 0.562500
vt 0.078125 0.515625
vt 0.093750 0.515625
vt 0.093750 0.531250
vt 0.078125 0.531250
vt 0.109375 0.515625
vt 0.125000 0.515625
vt 0.125000 0.531250
vt 0.109375 0.531250
vt 0.015625 0.546875
vt 0.031250 0.546875
vt 0.031250 0.562500
vt 0.015625 0.562500
vt 0.015625 0.515625
vt 0.031250 0.515625
vt 0.031250 0.531250
vt 0.015625 0.531250
vt 0.046875 0.515625
vt 0.062500 0.515625
vt 0.062500 0.531250
vt 0.046875 0.531250
vt 0.015625 0.609375
vt 0.031250 0.609375
vt 0.031250 0.625000
vt 0.015625 0.625000
vt 0.015625 0.578125
vt 0.031250 0.578125
vt 0.031250 0.593750
vt 0.015625 0.593750
vt 0.046875 0.578125
vt 0.062500 0.578125
vt 0.062500 0.593750
vt 0.046875 0.593750
vt 0.203125 0.546875
vt 0.218750 0.546875
vt 0.218750 0.562500
vt 0.203125 0.562500
vt 0.203125 0.515625
vt 0.218750 0.515625
vt 0.218750 0.531250
vt 0.203125 0.531250
vt 0.234375 0.515625
vt 0.250000 0.515625
vt 0.250000 0.531250
vt 0.234375 0.531250
vt 0.140625 0.546875
vt 0.156250 0.546875
vt 0.156250 0.562500
vt 0.140625 0.562500
vt 0.140625 0.515625
vt 0.156250 0.515625
vt 0.156250 0.531250
vt 0.140625 0.531250
vt 0.171875 0.515625
vt 0.187500 0.515625
vt 0.187500 0.531250
vt 0.171875 0.531250
vt 0.140625 0.609375
vt 0.156250 0.609375
vt 0.156250 0.625000
vt 0.140625 0.625000
vt 0.140625 0.578125
vt 0.156250 0.578125
vt 0.156250 0.593750
vt 0.140625 0.593750
vt 0.171875 0.578125
vt 0.187500 0.578125
vt 0.187500 0.593750
vt 0.171875 0.593750
vt 0.078125 0.921875
vt 0.093750 0.921875
vt 0.093750 0.937500
vt 0.078125 0.937500
vt 0.078125 0.890625
vt 0.093750 0.890625
vt 0.093750 0.906250
vt 0.078125 0.906250
vt 0.109375 0.890625
vt 0.125000 0.890625
vt 0.125000 0.906250
vt 0.109375 0.906250
vt 0.015625 0.921875
vt 0.031250 0.921875
vt 0.031250 0.937500
vt 0.015625 0.937500
vt 0.015625 0.890625
vt 0.031250 0.890625
vt 0.031250 0.906250
vt 0.015625 0.906250
vt 0.046875 0.890625
vt 0.062500 0.890625
vt 0.062500 0.906250
vt 0.046875 0.906250
vt 0.015625 0.984375
vt 0.031250 0.984375
vt 0.031250 1.000000
vt 0.015625 1.000000
vt 0.015625 0.953125
vt 0.031250 0.953125
vt 0.031250 0.968750
vt 0.015625 0.968750
vt 0.046875 0.953125
vt 0.062500 0.953125
vt 0.062500 0.968750
vt 0.046875 0.968750
vt 0.078125 0.796875
vt 0.093750 0.796875
vt 0.093750 0.812500
vt 0.078125 0.812500
vt 0.078125 0.765625
vt 0.093750 0.765625
vt 0.093750 0.781250
vt 0.078125 0.781250
vt 0.109375 0.765625
vt 0.125000 0.765625
vt 0.125000 0.781250
vt 0.109375 0.781250
vt 0.015625 0.796875
vt 0.031250 0.796875
vt 0.031250 0.812500
vt 0.015625 0.812500
vt 0.015625 0.765625
vt 0.031250 0.765625
vt 0.031250 0.781250
vt 0.015625 0.781250
vt 0.046875 0.765625
vt 0.062500 0.765625
vt 0.062500 0.781250
vt 0.046875 0.781250
vt 0.015625 0.859375
vt 0.031250 0.859375
vt 0.031250 0.875000
vt 0.015625 0.875000
vt 0.015625 0.828125
vt 0.031250 0.828125
vt 0.031250 0.843750
vt 0.015625 0.843750
vt 0.046875 0.828125
vt 0.062500 0.828125
vt 0.062500 0.843750
vt 0.046875 0.843750
vt 0.203125 0.796875
vt 0.218750 0.796875
vt 0.218750 0.812500
vt 0.203125 0.812500
vt 0.203125 0.765625
vt 0.218750 0.765625
vt 0.218750 0.781250
vt 0.203125 0.781250
vt 0.234375 0.765625
vt 0.250000 0.765625
vt 0.250000 0.781250
vt 0.234375 0.781250
vt 0.140625 0.796875
vt 0.156250 0.796875
vt 0.156250 0.812500
vt 0.140625 0.812500
vt 0.140625 0.765625
vt 0.156250 0.765625
vt 0.156250 0.781250
vt 0.140625 0.781250
vt 0.171875 0.765625
vt 0.187500 0.765625
vt 0.187500 0.781250
vt 0.171875 0.781250
vt 0.140625 0.859375
vt 0.156250 0.859375
vt 0.156250 0.875000
vt 0.140625 0.875000
vt 0.140625 0.828125
vt 0.156250 0.828125
vt 0.156250 0.843750
vt 0.140625 0.843750
vt 0.171875 0.828125
vt 0.187500 0.828125
vt 0.187500 0.843750
vt 0.171875 0.843750
vt 0.328125 0.171875
vt 0.343750 0.171875
vt 0.343750 0.187500
vt 0.328125 0.187500
vt 0.328125 0.140625
vt 0.343750 0.140625
vt 0.343750 0.156250
vt 0.328125 0.156250
vt 0.359375 0.140625
vt 0.375000 0.140625
vt 0.375000 0.156250
vt 0.359375 0.156250
vt 0.265625 0.171875
vt 0.281250 0.171875
vt 0.281250 0.187500
vt 0.265625 0.187500
vt 0.265625 0.140625
vt 0.281250 0.140625
vt 0.281250 0.156250
vt 0.265625 0.156250
vt 0.296875 0.140625
vt 0.312500 0.140625
vt 0.312500 0.156250
vt 0.296875 0.156250
vt 0.265625 0.234375
vt 0.281250 0.234375
vt 0.281250 0.250000
vt 0.265625 0.250000
vt 0.265625 0.203125
vt 0.281250 0.203125
vt 0.281250 0.218750
vt 0.265625 0.218750
vt 0.296875 0.203125
vt 0.312500 0.203125
vt 0.312500 0.218750
vt 0.296875 0.218750
vt 0.328125 0.046875
vt 0.343750 0.046875
vt 0.343750 0.062500
vt 0.328125 0.062500
vt 0.328125 0.015625
vt 0.343750 0.015625
vt 0.343750 0.031250
vt 0.328125 0.031250
vt 0.359375 0.015625
vt 0.375000 0.015625
vt 0.375000 0.031250
vt 0.359375 0.031250
vt 0.265625 0.046875
vt 0.281250 0.046875
vt 0.281250 0.062500
vt 0.265625 0.062500
vt 0.265625 0.015625
vt 0.281250 0.015625
vt 0.281250 0.031250
vt 0.265625 0.031250
vt 0.296875 0.015625
vt 0.312500 0.015625
vt 0.312500 0.031250
vt 0.296875 0.031250
vt 0.265625 0.109375
vt 0.281250 0.109375
vt 0.281250 0.125000
vt 0.265625 0.125000
vt 0.265625 0.078125
vt 0.281250 0.078125
vt 0.281250 0.093750
vt 0.265625 0.093750
vt 0.296875 0.078125
vt 0.312500 0.078125
vt 0.312500 0.093750
vt 0.296875 0.093750
vt 0.453125 0.046875
vt 0.468750 0.046875
vt 0.468750 0.062500
vt 0.453125 0.062500
vt 0.453125 0.015625
vt 0.468750 0.015625
vt 0.468750 0.031250
vt 0.453125 0.031250
vt 0.484375 0.015625
vt 0.500000 0.015625
vt 0.500000 0.031250
vt 0.484375 0.031250
vt 0.390625 0.046875
vt 0.406250 0.046875
vt 0.406250 0.062500
vt 0.390625 0.062500
vt 0.390625 0.015625
vt 0.406250 0.015625
vt 0.406250 0.031250
vt 0.390625 0.031250
vt 0.421875 0.015625
vt 0.437500 0.015625
vt 0.437500 0.031250
vt 0.421875 0.031250
vt 0.390625 0.109375
vt 0.406250 0.109375
vt 0.406250 0.125000
vt 0.390625 0.125000
vt 0.390625 0.078125
vt 0.406250 0.078125
vt 0.406250 0.093750
vt 0.390625 0.093750
vt 0.421875 0.078125
vt 0.437500 0.078125
vt 0.437500 0.093750
vt 0.421875 0.093750
vt 0.078125 0.171875
vt 0.093750 0.171875
vt 0.093750 0.187500
vt 0.078125 0.187500
vt 0.078125 0.140625
vt 0.093750 0.140625
vt 0.093750 0.156250
vt 0.078125 0.156250
vt 0.109375 0.140625
vt 0.125000 0.140625
vt 0.125000 0.156250
vt 0.109375 0.156250
vt 0.015625 0.171875
vt 0.031250 0.171875
vt 0.031250 0.187500
vt 0.015625 0.187500
vt 0.015625 0.140625
vt 0.031250 0.140625
vt 0.031250 0.156250
vt 0.015625 0.156250
vt 0.046875 0.140625
vt 0.062500 0.140625
vt 0.062500 0.156250
vt 0.046875 0.156250
vt 0.015625 0.234375
vt 0.031250 0.234375
vt 0.031250 0.250000
vt 0.015625 0.250000
vt 0.015625 0.203125
vt 0.031250 0.203125
vt 0.031250 0.218750
vt 0.015625 0.218750
vt 0.046875 0.203125
vt 0.062500 0.203125
vt 0.062500 0.218750
vt 0.046875 0.218750
vt 0.078125 0.046875
vt 0.093750 0.046875
vt 0.093750 0.062500
vt 0.078125 0.062500
vt 0.078125 0.015625
vt 0.093750 0.015625
vt 0.093750 0.031250
vt 0.078125 0.031250
vt 0.109375 0.015625
vt 0.125000 0.015625
vt 0.125000 0.031250
vt 0.109375 0.031250
vt 0.015625 0.046875
vt 0.031250 0.046875
vt 0.031250 0.062500
vt 0.015625 0.062500
vt 0.015625 0.015625
vt 0.031250 0.015625
vt 0.031250 0.031250
vt 0.015625 0.031250
vt 0.046875 0.015625
vt 0.062500 0.015625
vt 0.062500 0.031250
vt 0.046875 0.031250
vt 0.015625 0.109375
vt 0.031250 0.109375
vt 0.031250 0.125000
vt 0.015625 0.125000
vt 0.015625 0.078125
vt 0.031250 0.078125
vt 0.031250 0.093750
vt 0.015625 0.093750
vt 0.046875 0.078125
vt 0.062500 0.078125
vt 0.062500 0.093750
vt 0.046875 0.093750
vt 0.203125 0.046875
vt 0.218750 0.046875
vt 0.218750 0.062500
vt 0.203125 0.062500
vt 0.203125 0.015625
vt 0.218750 0.015625
vt 0.218750 0.031250
vt 0.203125 0.031250
vt 0.234375 0.015625
vt 0.250000 0.015625
vt 0.250000 0.031250
vt 0.234375 0.031250
vt 0.140625 0.046875
vt 0.156250 0.046875
vt 0.156250 0.062500
vt 0.140625 0.062500
vt 0.140625 0.015625
vt 0.156250 0.015625
vt 0.156250 0.031250
vt 0.140625 0.031250
vt 0.171875 0.015625
vt 0.187500 0.015625
vt 0.187500 0.031250
vt 0.171875 0.031250
vt 0.140625 0.109375
vt 0.156250 0.109375
vt 0.156250 0.125000
vt 0.140625 0.125000
vt 0.140625 0.078125
vt 0.156250 0.078125
vt 0.156250 0.093750
vt 0.140625 0.093750
vt 0.171875 0.078125
vt 0.187500 0.078125
vt 0.187500 0.093750
vt 0.171875 0.093750
vt 0.078125 0.421875
vt 0.093750 0.421875
vt 0.093750 0.437500
vt 0.078125 0.437500
vt 0.078125 0.390625
vt 0.093750 0.390625
vt 0.093750 0.406250
vt 0.078125 0.406250
vt 0.109375 0.390625
vt 0.125000 0.390625
vt 0.125000 0.406250
vt 0.109375 0.406250
vt 0.015625 0.421875
vt 0.031250 0.421875
vt 0.031250 0.437500
vt 0.015625 0.437500
vt 0.015625 0.390625
vt 0.031250 0.390625
vt 0.031250 0.406250
vt 0.015625 0.406250
vt 0.046875 0.390625
vt 0.062500 0.390625
vt 0.062500 0.406250
vt 0.046875 0.406250
vt 0.015625 0.484375
vt 0.031250 0.484375
vt 0.031250 0.500000
vt 0.015625 0.500000
vt 0.015625 0.453125
vt 0.031250 0.453125
vt 0.031250 0.468750
vt 0.015625 0.468750
vt 0.046875 0.453125
vt 0.062500 0.453125
vt 0.062500 0.468750
vt 0.046875 0.468750
vt 0.078125 0.296875
vt 0.093750 0.296875
vt 0.093750 0.312500
vt 0.078125 0.312500
vt 0.078125 0.265625
vt 0.093750 0.265625
vt 0.093750 0.281250
vt 0.078125 0.281250
vt 0.109375 0.265625
vt 0.125000 0.265625
vt 0.125000 0.281250
vt 0.109375 0.281250
vt 0.015625 0.296875
vt 0.031250 0.296875
vt 0.031250 0.312500
vt 0.015625 0.312500
vt 0.015625 0.265625
vt 0.031250 0.265625
vt 0.031250 0.281250
vt 0.015625 0.281250
vt 0.046875 0.265625
vt 0.062500 0.265625
vt 0.062500 0.281250
vt 0.046875 0.281250
vt 0.015625 0.359375
vt 0.031250 0.359375
vt 0.031250 0.375000
vt 0.015625 0.375000
vt 0.015625 0.328125
vt 0.031250 0.328125
vt 0.031250 0.343750
vt 0.015625 0.343750
vt 0.046875 0.328125
vt 0.062500 0.328125
vt 0.062500 0.343750
vt 0.046875 0.343750
vt 0.203125 0.296875
vt 0.218750 0.296875
vt 0.218750 0.312500
vt 0.203125 0.312500
vt 0.203125 0.265625
vt 0.218750 0.265625
vt 0.218750 0.281250
vt 0.203125 0.281250
vt 0.234375 0.265625
vt 0.250000 0.265625
vt 0.250000 0.281250
vt 0.234375 0.281250
vt 0.140625 0.296875
vt 0.156250 0.296875
vt 0.156250 0.312500
vt 0.140625 0.312500
vt 0.140625 0.265625
vt 0.156250 0.265625
vt 0.156250 0.281250
vt 0.140625 0.281250
vt 0.171875 0.265625
vt 0.187500 0.265625
vt 0.187500 0.281250
vt 0.171875 0.281250
vt 0.140625 0.359375
vt 0.156250 0.359375
vt 0.156250 0.375000
vt 0.140625 0.375000
vt 0.140625 0.328125
vt 0.156250 0.328125
vt 0.156250 0.343750
vt 0.140625 0.343750
vt 0.171875 0.328125
vt 0.187500 0.328125
vt 0.187500 0.343750
vt 0.171875 0.343750
vt 0.828125 0.171875
vt 0.843750 0.171875
vt 0.843750 0.187500
vt 0.828125 0.187500
vt 0.828125 0.140625
vt 0.843750 0.140625
vt 0.843750 0.156250
vt 0.828125 0.156250
vt 0.859375 0.140625
vt 0.875000 0.140625
vt 0.875000 0.156250
vt 0.859375 0.156250
vt 0.765625 0.171875
vt 0.781250 0.171875
vt 0.781250 0.187500
vt 0.765625 0.187500
vt 0.765625 0.140625
vt 0.781250 0.140625
vt 0.781250 0.156250
vt 0.765625 0.156250
vt 0.796875 0.140625
vt 0.812500 0.140625
vt 0.812500 0.156250
vt 0.796875 0.156250
vt 0.765625 0.234375
vt 0.781250 0.234375
vt 0.781250 0.250000
vt 0.765625 0.250000
vt 0.765625 0.203125
vt 0.781250 0.203125
vt 0.781250 0.218750
vt 0.765625 0.218750
vt 0.796875 0.203125
vt 0.812500 0.203125
vt 0.812500 0.218750
vt 0.796875 0.218750
vt 0.828125 0.046875
vt 0.843750 0.046875
vt 0.843750 0.062500
vt 0.828125 0.062500
vt 0.828125 0.015625
vt 0.843750 0.015625
vt 0.843750 0.031250
vt 0.828125 0.031250
vt 0.859375 0.015625
vt 0.875000 0.015625
vt 0.875000 0.031250
vt 0.859375 0.031250
vt 0.765625 0.046875
vt 0.781250 0.046875
vt 0.781250 0.062500
vt 0.765625 0.062500
vt 0.765625 0.015625
vt 0.781250 0.015625
vt 0.781250 0.031250
vt 0.765625 0.031250
vt 0.796875 0.015625
vt 0.812500 0.015625
vt 0.812500 0.031250
vt 0.796875 0.031250
vt 0.765625 0.109375
vt 0.781250 0.109375
vt 0.781250 0.125000
vt 0.765625 0.125000
vt 0.765625 0.078125
vt 0.781250 0.078125
vt 0.781250 0.093750
vt 0.765625 0.093750
vt 0.796875 0.078125
vt 0.812500 0.078125
vt 0.812500 0.093750
vt 0.796875 0.093750
vt 0.953125 0.046875
vt 0.968750 0.046875
vt 0.968750 0.062500
vt 0.953125 0.062500
vt 0.953125 0.015625
vt 0.968750 0.015625
vt 0.968750 0.031250
vt 0.953125 0.031250
vt 0.984375 0.015625
vt 1.000000 0.015625
vt 1.000000 0.031250
vt 0.984375 0.031250
vt 0.890625 0.046875
vt 0.906250 0.046875
vt 0.906250 0.062500
vt 0.890625 0.062500
vt 0.890625 0.015625
vt 0.906250 0.015625
vt 0.906250 0.031250
vt 0.890625 0.031250
vt 0.921875 0.015625
vt 0.937500 0.015625
vt 0.937500 0.031250
vt 0.921875 0.031250
vt 0.890625 0.109375
vt 0.906250 0.109375
vt 0.906250 0.125000
vt 0.890625 0.125000
vt 0.890625 0.078125
vt 0.906250 0.078125
vt 0.906250 0.093750
vt 0.890625 0.093750
vt 0.921875 0.078125
vt 0.937500 0.078125
vt 0.937500 0.093750
vt 0.921875 0.093750
vt 0.578125 0.171875
vt 0.593750 0.171875
vt 0.593750 0.187500
vt 0.578125 0.187500
vt 0.578125 0.140625
vt 0.593750 0.140625
vt 0.593750 0.156250
vt 0.578125 0.156250
vt 0.609375 0.140625
vt 0.625000 0.140625
vt 0.625000 0.156250
vt 0.609375 0.156250
vt 0.515625 0.171875
vt 0.531250 0.171875
vt 0.531250 0.187500
vt 0.515625 0.187500
vt 0.515625 0.140625
vt 0.531250 0.140625
vt 0.531250 0.156250
vt 0.515625 0.156250
vt 0.546875 0.140625
vt 0.562500 0.140625
vt 0.562500 0.156250
vt 0.546875 0.156250
vt 0.515625 0.234375
vt 0.531250 0.234375
vt 0.531250 0.250000
vt 0.515625 0.250000
vt 0.515625 0.203125
vt 0.531250 0.203125
vt 0.531250 0.218750
vt 0.515625 0.218750
vt 0.546875 0.203125
vt 0.562500 0.203125
vt 0.562500 0.218750
vt 0.546875 0.218750
vt 0.578125 0.046875
vt 0.593750 0.046875
vt 0.593750 0.062500
vt 0.578125 0.062500
vt 0.578125 0.015625
vt 0.593750 0.015625
vt 0.593750 0.031250
vt 0.578125 0.031250
vt 0.609375 0.015625
vt 0.625000 0.015625
vt 0.625000 0.031250
vt 0.609375 0.031250
vt 0.515625 0.046875
vt 0.531250 0.046875
vt 0.531250 0.062500
vt 0.515625 0.062500
vt 0.515625 0.015625
vt 0.531250 0.015625
vt 0.531250 0.031250
vt 0.515625 0.031250
vt 0.546875 0.015625
vt 0.562500 0.015625
vt 0.562500 0.031250
vt 0.546875 0.031250
vt 0.515625 0.109375
vt 0.531250 0.109375
vt 0.531250 0.125000
vt 0.515625 0.125000
vt 0.515625 0.078125
vt 0.531250 0.078125
vt 0.531250 0.093750
vt 0.515625 0.093750
vt 0.546875 0.078125
vt 0.562500 0.078125
vt 0.562500 0.093750
vt 0.546875 0.093750
vt 0.703125 0.046875
vt 0.718750 0.046875
vt 0.718750 0.062500
vt 0.703125 0.062500
vt 0.703125 0.015625
vt 0.718750 0.015625
vt 0.718750 0.031250
vt 0.703125 0.031250
vt 0.734375 0.015625
vt 0.750000 0.015625
vt 0.750000 0.031250
vt 0.734375 0.031250
vt 0.640625 0.046875
vt 0.656250 0.046875
vt 0.656250 0.062500
vt 0.640625 0.062500
vt 0.640625 0.015625
vt 0.656250 0.015625
vt 0.656250 0.031250
vt 0.640625 0.031250
vt 0.671875 0.015625
vt 0.687500 0.015625
vt 0.687500 0.031250
vt 0.671875 0.031250
vt 0.640625 0.109375
vt 0.656250 0.109375
vt 0.656250 0.125000
vt 0.640625 0.125000
vt 0.640625 0.078125
vt 0.656250 0.078125
vt 0.656250 0.093750
vt 0.640625 0.093750
vt 0.671875 0.078125
vt 0.687500 0.078125
vt 0.687500 0.093750
vt 0.671875 0.093750
vt 0.578125 0.421875
vt 0.593750 0.421875
vt 0.593750 0.437500
vt 0.578125 0.437500
vt 0.578125 0.390625
vt 0.593750 0.390625
vt 0.593750 0.406250
vt 0.578125 0.406250
vt 0.609375 0.390625
vt 0.625000 0.390625
vt 0.625000 0.406250
vt 0.609375 0.406250
vt 0.515625 0.421875
vt 0.531250 0.421875
vt 0.531250 0.437500
vt 0.515625 0.437500
vt 0.515625 0.390625
vt 0.531250 0.390625
vt 0.531250 0.406250
vt 0.515625 0.406250
vt 0.546875 0.390625
vt 0.562500 0.390625
vt 0.562500 0.406250
vt 0.546875 0.406250
vt 0.515625 0.484375
vt 0.531250 0.484375
vt 0.531250 0.500000
vt 0.515625 0.500000
vt 0.515625 0.453125
vt 0.531250 0.453125
vt 0.531250 0.468750
vt 0.515625 0.468750
vt 0.546875 0.453125
vt 0.562500 0.453125
vt 0.562500 0.468750
vt 0.546875 0.468750
vt 0.578125 0.296875
vt 0.593750 0.296875
vt 0.593750 0.312500
vt 0.578125 0.312500
vt 0.578125 0.265625
vt 0.593750 0.265625
vt 0.593750 0.281250
vt 0.578125 0.281250
vt 0.609375 0.265625
vt 0.625000 0.265625
vt 0.625000 0.281250
vt 0.609375 0.281250
vt 0.515625 0.296875
vt 0.531250 0.296875
vt 0.531250 0.312500
vt 0.515625 0.312500
vt 0.515625 0.265625
vt 0.531250 0.265625
vt 0.531250 0.281250
vt 0.515625 0.281250
vt 0.546875 0.265625
vt 0.562500 0.265625
vt 0.562500 0.281250
vt 0.546875 0.281250
vt 0.515625 0.359375
vt 0.531250 0.359375
vt 0.531250 0.375000
vt 0.515625 0.375000
vt 0.515625 0.328125
vt 0.531250 0.328125
vt 0.531250 0.343750
vt 0.515625 0.343750
vt 0.546875 0.328125
vt 0.562500 0.328125
vt 0.562500 0.343750
vt 0.546875 0.343750
vt 0.703125 0.296875
vt 0.718750 0.296875
vt 0.718750 0.312500
vt 0.703125 0.312500
vt 0.703125 0.265625
vt 0.718750 0.265625
vt 0.718750 0.281250
vt 0.703125 0.281250
vt 0.734375 0.265625
vt 0.750000 0.265625
vt 0.750000 0.281250
vt 0.734375 0.281250
vt 0.640625 0.296875
vt 0.656250 0.296875
vt 0.656250 0.312500
vt 0.640625 0.312500
vt 0.640625 0.265625
vt 0.656250 0.265625
vt 0.656250 0.281250
vt 0.640625 0.281250
vt 0.671875 0.265625
vt 0.687500 0.265625
vt 0.687500 0.281250
vt 0.671875 0.281250
vt 0.640625 0.359375
vt 0.656250 0.359375
vt 0.656250 0.375000
vt 0.640625 0.375000
vt 0.640625 0.328125
vt 0.656250 0.328125
vt 0.656250 0.343750
vt 0.640625 0.343750
vt 0.671875 0.328125
vt 0.687500 0.328125
vt 0.687500 0.343750
vt 0.671875 0.343750
vt 0.828125 0.421875
vt 0.843750 0.421875
vt 0.843750 0.437500
vt 0.828125 0.437500
vt 0.828125 0.390625
vt 0.843750 0.390625
vt 0.843750 0.406250
vt 0.828125 0.406250
vt 0.859375 0.390625
vt 0.875000 0.390625
vt 0.875000 0.406250
vt 0.859375 0.406250
vt 0.765625 0.421875
vt 0.781250 0.421875
vt 0.781250 0.437500
vt 0.765625 0.437500
vt 0.765625 0.390625
vt 0.781250 0.390625
vt 0.781250 0.406250
vt 0.765625 0.406250
vt 0.796875 0.390625
vt 0.812500 0.390625
vt 0.812500 0.406250
vt 0.796875 0.406250
vt 0.765625 0.484375
vt 0.781250 0.484375
vt 0.781250 0.500000
vt 0.765625 0.500000
vt 0.765625 0.453125
vt 0.781250 0.453125
vt 0.781250 0.468750
vt 0.765625 0.468750
vt 0.796875 0.453125
vt 0.812500 0.453125
vt 0.812500 0.468750
vt 0.796875 0.468750
vt 0.828125 0.296875
vt 0.843750 0.296875
vt 0.843750 0.312500
vt 0.828125 0.312500
vt 0.828125 0.265625
vt 0.843750 0.265625
vt 0.843750 0.281250
vt 0.828125 0.281250
vt 0.859375 0.265625
vt 0.875000 0.265625
vt 0.875000 0.281250
vt 0.859375 0.281250
vt 0.765625 0.296875
vt 0.781250 0.296875
vt 0.781250 0.312500
vt 0.765625 0.312500
vt 0.765625 0.265625
vt 0.781250 0.265625
vt 0.781250 0.281250
vt 0.765625 0.281250
vt 0.796875 0.265625
vt 0.812500 0.265625
vt 0.812500 0.281250
vt 0.796875 0.281250
vt 0.765625 0.359375
vt 0.781250 0.359375
vt 0.781250 0.375000
vt 0.765625 0.375000
vt 0.765625 0.328125
vt 0.781250 0.328125
vt 0.781250 0.343750
vt 0.765625 0.343750
vt 0.796875 0.328125
vt 0.812500 0.328125
vt 0.812500 0.343750
vt 0.796875 0.343750
vt 0.953125 0.296875
vt 0.968750 0.296875
vt 0.968750 0.312500
vt 0.953125 0.312500
vt 0.953125 0.265625
vt 0.968750 0.265625
vt 0.968750 0.281250
vt 0.953125 0.281250
vt 0.984375 0.265625
vt 1.000000 0.265625
vt 1.000000 0.281250
vt 0.984375 0.281250
vt 0.890625 0.296875
vt 0.906250 0.296875
vt 0.906250 0.312500
vt 0.890625 0.312500
vt 0.890625 0.265625
vt 0.906250 0.265625
vt 0.906250 0.281250
vt 0.890625 0.281250
vt 0.921875 0.265625
vt 0.937500 0.265625
vt 0.937500 0.281250
vt 0.921875 0.281250
vt 0.890625 0.359375
vt 0.906250 0.359375
vt 0.906250 0.375000
vt 0.890625 0.375000
vt 0.890625 0.328125
vt 0.906250 0.328125
vt 0.906250 0.343750
vt 0.890625 0.343750
vt 0.921875 0.328125
vt 0.937500 0.328125
vt 0.937500 0.343750
vt 0.921875 0.343750
vt 0.328125 0.421875
vt 0.343750 0.421875
vt 0.343750 0.437500
vt 0.328125 0.437500
vt 0.328125 0.390625
vt 0.343750 0.390625
vt 0.343750 0.406250
vt 0.328125 0.406250
vt 0.359375 0.390625
vt 0.375000 0.390625
vt 0.375000 0.406250
vt 0.359375 0.406250
vt 0.265625 0.421875
vt 0.281250 0.421875
vt 0.281250 0.437500
vt 0.265625 0.437500
vt 0.265625 0.390625
vt 0.281250 0.390625
vt 0.281250 0.406250
vt 0.265625 0.406250
vt 0.296875 0.390625
vt 0.312500 0.390625
vt 0.312500 0.406250
vt 0.296875 0.406250
vt 0.265625 0.484375
vt 0.281250 0.484375
vt 0.281250 0.500000
vt 0.265625 0.500000
vt 0.265625 0.453125
vt 0.281250 0.453125
vt 0.281250 0.468750
vt 0.265625 0.468750
vt 0.296875 0.453125
vt 0.312500 0.453125
vt 0.312500 0.468750
vt 0.296875 0.468750
vt 0.328125 0.296875
vt 0.343750 0.296875
vt 0.343750 0.312500
vt 0.328125 0.312500
vt 0.328125 0.265625
vt 0.343750 0.265625
vt 0.343750 0.281250
vt 0.328125 0.281250
vt 0.359375 0.265625
vt 0.375000 0.265625
vt 0.375000 0.281250
vt 0.359375 0.281250
vt 0.265625 0.296875
vt 0.281250 0.296875
vt 0.281250 0.312500
vt 0.265625 0.312500
vt 0.265625 0.265625
vt 0.281250 0.265625
vt 0.281250 0.281250
vt 0.265625 0.281250
vt 0.296875 0.265625
vt 0.312500 0.265625
vt 0.312500 0.281250
vt 0.296875 0.281250
vt 0.265625 0.359375
vt 0.281250 0.359375
vt 0.281250 0.375000
vt 0.265625 0.375000
vt 0.265625 0.328125
vt 0.281250 0.328125
vt 0.281250 0.343750
vt 0.265625 0.343750
vt 0.296875 0.328125
vt 0.312500 0.328125
vt 0.312500 0.343750
vt 0.296875 0.343750
vt 0.453125 0.296875
vt 0.468750 0.296875
vt 0.468750 0.312500
vt 0.453125 0.312500
vt 0.453125 0.265625
vt 0.468750 0.265625
vt 0.468750 0.281250
vt 0.453125 0.281250
vt 0.484375 0.265625
vt 0.500000 0.265625
vt 0.500000 0.281250
vt 0.484375 0.281250
vt 0.390625 0.296875
vt 0.406250 0.296875
vt 0.406250 0.312500
vt 0.390625 0.312500
vt 0.390625 0.265625
vt 0.406250 0.265625
vt 0.406250 0.281250
vt 0.390625 0.281250
vt 0.421875 0.265625
vt 0.437500 0.265625
vt 0.437500 0.281250
vt 0.421875 0.281250
vt 0.390625 0.359375
vt 0.406250 0.359375
vt 0.406250 0.375000
vt 0.390625 0.375000
vt 0.390625 0.328125
vt 0.406250 0.328125
vt 0.406250 0.343750
vt 0.390625 0.343750
vt 0.421875 0.328125
vt 0.437500 0.328125
vt 0.437500 0.343750
vt 0.421875 0.343750
vt 0.328125 0.921875
vt 0.343750 0.921875
vt 0.343750 0.937500
vt 0.328125 0.937500
vt 0.328125 0.890625
vt 0.343750 0.890625
vt 0.343750 0.906250
vt 0.328125 0.906250
vt 0.359375 0.890625
vt 0.375000 0.890625
vt 0.375000 0.906250
vt 0.359375 0.906250
vt 0.265625 0.921875
vt 0.281250 0.921875
vt 0.281250 0.937500
vt 0.265625 0.937500
vt 0.265625 0.890625
vt 0.281250 0.890625
vt 0.281250 0.906250
vt 0.265625 0.906250
vt 0.296875 0.890625
vt 0.312500 0.890625
vt 0.312500 0.906250
vt 0.296875 0.906250
vt 0.265625 0.984375
vt 0.281250 0.984375
vt 0.281250 1.000000
vt 0.265625 1.000000
vt 0.265625 0.953125
vt 0.281250 0.953125
vt 0.281250 0.968750
vt 0.265625 0.968750
vt 0.296875 0.953125
vt 0.312500 0.953125
vt 0.312500 0.968750
vt 0.296875 0.968750
vt 0.328125 0.796875
vt 0.343750 0.796875
vt 0.343750 0.812500
vt 0.328125 0.812500
vt 0.328125 0.765625
vt 0.343750 0.765625
vt 0.343750 0.781250
vt 0.328125 0.781250
vt 0.359375 0.765625
vt 0.375000 0.765625
vt 0.375000 0.781250
vt 0.359375 0.781250
vt 0.265625 0.796875
vt 0.281250 0.796875
vt 0.281250 0.812500
vt 0.265625 0.812500
vt 0.265625 0.765625
vt 0.281250 0.765625
vt 0.281250 0.781250
vt 0.265625 0.781250
vt 0.296875 0.765625
vt 0.312500 0.765625
vt 0.312500 0.781250
vt 0.296875 0.781250
vt 0.265625 0.859375
vt 0.281250 0.859375
vt 0.281250 0.875000
vt 0.265625 0.875000
vt 0.265625 0.828125
vt 0.281250 0.828125
vt 0.281250 0.843750
vt 0.265625 0.843750
vt 0.296875 0.828125
vt 0.312500 0.828125
vt 0.312500 0.843750
vt 0.296875 0.843750
vt 0.453125 0.796875
vt 0.468750 0.796875
vt 0.468750 0.812500
vt 0.453125 0.812500
vt 0.453125 0.765625
vt 0.468750 0.765625
vt 0.468750 0.781250
vt 0.453125 0.781250
vt 0.484375 0.765625
vt 0.500000 0.765625
vt 0.500000 0.781250
vt 0.484375 0.781250
vt 0.390625 0.796875
vt 0.406250 0.796875
vt 0.406250 0.812500
vt 0.390625 0.812500
vt 0.390625 0.765625
vt 0.406250 0.765625
vt 0.406250 0.781250
vt 0.390625 0.781250
vt 0.421875 0.765625
vt 0.437500 0.765625
vt 0.437500 0.781250
vt 0.421875 0.781250
vt 0.390625 0.859375
vt 0.406250 0.859375
vt 0.406250 0.875000
vt 0.390625 0.875000
vt 0.390625 0.828125
vt 0.406250 0.828125
vt 0.406250 0.843750
vt 0.390625 0.843750
vt 0.421875 0.828125
vt 0.437500 0.828125
vt 0.437500 0.843750
vt 0.421875 0.843750
vt 0.828125 0.921875
vt 0.843750 0.921875
vt 0.843750 0.937500
vt 0.828125 0.937500
vt 0.828125 0.890625
vt 0.843750 0.890625
vt 0.843750 0.906250
vt 0.828125 0.906250
vt 0.859375 0.890625
vt 0.875000 0.890625
vt 0.875000 0.906250
vt 0.859375 0.906250
vt 0.765625 0.921875
vt 0.781250 0.921875
vt 0.781250 0.937500
vt 0.765625 0.937500
vt 0.765625 0.890625
vt 0.781250 0.890625
vt 0.781250 0.906250
vt 0.765625 0.906250
vt 0.796875 0.890625
vt 0.812500 0.890625
vt 0.812500 0.906250
vt 0.796875 0.906250
vt 0.765625 0.984375
vt 0.781250 0.984375
vt 0.781250 1.000000
vt 0.765625 1.000000
vt 0.765625 0.953125
vt 0.781250 0.953125
vt 0.781250 0.968750
vt 0.765625 0.968750
vt 0.796875 0.953125
vt 0.812500 0.953125
vt 0.812500 0.968750
vt 0.796875 0.968750
vt 0.828125 0.796875
vt 0.843750 0.796875
vt 0.843750 0.812500
vt 0.828125 0.812500
vt 0.828125 0.765625
vt 0.843750 0.765625
vt 0.843750 0.781250
vt 0.828125 0.781250
vt 0.859375 0.765625
vt 0.875000 0.765625
vt 0.875000 0.781250
vt 0.859375 0.781250
vt 0.765625 0.796875
vt 0.781250 0.796875
vt 0.781250 0.812500
vt 0.765625 0.812500
vt 0.765625 0.765625
vt 0.781250 0.765625
vt 0.781250 0.781250
vt 0.765625 0.781250
vt 0.796875 0.765625
vt 0.812500 0.765625
vt 0.812500 0.781250
vt 0.796875 0.781250
vt 0.765625 0.859375
vt 0.781250 0.859375
vt 0.781250 0.875000
vt 0.765625 0.875000
vt 0.765625 0.828125
vt 0.781250 0.828125
vt 0.781250 0.843750
vt 0.765625 0.843750
vt 0.796875 0.828125
vt 0.812500 0.828125
vt 0.812500 0.843750
vt 0.796875 0.843750
vt 0.953125 0.796875
vt 0.968750 0.796875
vt 0.968750 0.812500
vt 0.953125 0.812500
vt 0.953125 0.765625
vt 0.968750 0.765625
vt 0.968750 0.781250
vt 0.953125 0.781250
vt 0.984375 0.765625
vt 1.000000 0.765625
vt 1.000000 0.781250
vt 0.984375 0.781250
vt 0.890625 0.796875
vt 0.906250 0.796875
vt 0.906250 0.812500
vt 0.890625 0.812500
vt 0.890625 0.765625
vt 0.906250 0.765625
vt 0.906250 0.781250
vt 0.890625 0.781250
vt 0.921875 0.765625
vt 0.937500 0.765625
vt 0.937500 0.781250
vt 0.921875 0.781250
vt 0.890625 0.859375
vt 0.906250 0.859375
vt 0.906250 0.875000
vt 0.890625 0.875000
vt 0.890625 0.828125
vt 0.906250 0.828125
vt 0.906250 0.843750
vt 0.890625 0.843750
vt 0.921875 0.828125
vt 0.937500 0.828125
vt 0.937500 0.843750
vt 0.921875 0.843750
vt 0.953125 0.859375
vt 0.968750 0.859375
vt 0.968750 0.875000
vt 0.953125 0.875000
vt 0.953125 0.828125
vt 0.968750 0.828125
vt 0.968750 0.843750
vt 0.953125 0.843750
vt 0.984375 0.828125
vt 1.000000 0.828125
vt 1.000000 0.843750
vt 0.984375 0.843750
vt 0.828125 0.859375
vt 0.843750 0.859375
vt 0.843750 0.875000
vt 0.828125 0.875000
vt 0.828125 0.828125
vt 0.843750 0.828125
vt 0.843750 0.843750
vt 0.828125 0.843750
vt 0.859375 0.828125
vt 0.875000 0.828125
vt 0.875000 0.843750
vt 0.859375 0.843750
vt 0.828125 0.984375
vt 0.843750 0.984375
vt 0.843750 1.000000
vt 0.828125 1.000000
vt 0.828125 0.953125
vt 0.843750 0.953125
vt 0.843750 0.968750
vt 0.828125 0.968750
vt 0.859375 0.953125
vt 0.875000 0.953125
vt 0.875000 0.968750
vt 0.859375 0.968750
vt 0.453125 0.859375
vt 0.468750 0.859375
vt 0.468750 0.875000
vt 0.453125 0.875000
vt 0.453125 0.828125
vt 0.468750 0.828125
vt 0.468750 0.843750
vt 0.453125 0.843750
vt 0.484375 0.828125
vt 0.500000 0.828125
vt 0.500000 0.843750
vt 0.484375 0.843750
vt 0.328125 0.859375
vt 0.343750 0.859375
vt 0.343750 0.875000
vt 0.328125 0.875000
vt 0.328125 0.828125
vt 0.343750 0.828125
vt 0.343750 0.843750
vt 0.328125 0.843750
vt 0.359375 0.828125
vt 0.375000 0.828125
vt 0.375000 0.843750
vt 0.359375 0.843750
vt 0.328125 0.984375
vt 0.343750 0.984375
vt 0.343750 1.000000
vt 0.328125 1.000000
vt 0.328125 0.953125
vt 0.343750 0.953125
vt 0.343750 0.968750
vt 0.328125 0.968750
vt 0.359375 0.953125
vt 0.375000 0.953125
vt 0.375000 0.968750
vt 0.359375 0.968750
vt 0.453125 0.359375
vt 0.468750 0.359375
vt 0.468750 0.375000
vt 0.453125 0.375000
vt 0.453125 0.328125
vt 0.468750 0.328125
vt 0.468750 0.343750
vt 0.453125 0.343750
vt 0.484375 0.328125
vt 0.500000 0.328125
vt 0.500000 0.343750
vt 0.484375 0.343750
vt 0.328125 0.359375
vt 0.343750 0.359375
vt 0.343750 0.375000
vt 0.328125 0.375000
vt 0.328125 0.328125
vt 0.343750 0.328125
vt 0.343750 0.343750
vt 0.328125 0.343750
vt 0.359375 0.328125
vt 0.375000 0.328125
vt 0.375000 0.343750
vt 0.359375 0.343750
vt 0.328125 0.484375
vt 0.343750 0.484375
vt 0.343750 0.500000
vt 0.328125 0.500000
vt 0.328125 0.453125
vt 0.343750 0.453125
vt 0.343750 0.468750
vt 0.328125 0.468750
vt 0.359375 0.453125
vt 0.375000 0.453125
vt 0.375000 0.468750
vt 0.359375 0.468750
vt 0.953125 0.359375
vt 0.968750 0.359375
vt 0.968750 0.375000
vt 0.953125 0.375000
vt 0.953125 0.328125
vt 0.968750 0.328125
vt 0.968750 0.343750
vt 0.953125 0.343750
vt 0.984375 0.328125
vt 1.000000 0.328125
vt 1.000000 0.343750
vt 0.984375 0.343750
vt 0.828125 0.359375
vt 0.843750 0.359375
vt 0.843750 0.375000
vt 0.828125 0.375000
vt 0.828125 0.328125
vt 0.843750 0.328125
vt 0.843750 0.343750
vt 0.828125 0.343750
vt 0.859375 0.328125
vt 0.875000 0.328125
vt 0.875000 0.343750
vt 0.859375 0.343750
vt 0.828125 0.484375
vt 0.843750 0.484375
vt 0.843750 0.500000
vt 0.828125 0.500000
vt 0.828125 0.453125
vt 0.843750 0.453125
vt 0.843750 0.468750
vt 0.828125 0.468750
vt 0.859375 0.453125
vt 0.875000 0.453125
vt 0.875000 0.468750
vt 0.859375 0.468750
vt 0.703125 0.359375
vt 0.718750 0.359375
vt 0.718750 0.375000
vt 0.703125 0.375000
vt 0.703125 0.328125
vt 0.718750 0.328125
vt 0.718750 0.343750
vt 0.703125 0.343750
vt 0.734375 0.328125
vt 0.750000 0.328125
vt 0.750000 0.343750
vt 0.734375 0.343750
vt 0.578125 0.359375
vt 0.593750 0.359375
vt 0.593750 0.375000
vt 0.578125 0.375000
vt 0.578125 0.328125
vt 0.593750 0.328125
vt 0.593750 0.343750
vt 0.578125 0.343750
vt 0.609375 0.328125
vt 0.625000 0.328125
vt 0.625000 0.343750
vt 0.609375 0.343750
vt 0.578125 0.484375
vt 0.593750 0.484375
vt 0.593750 0.500000
vt 0.578125 0.500000
vt 0.578125 0.453125
vt 0.593750 0.453125
vt 0.593750 0.468750
vt 0.578125 0.468750
vt 0.609375 0.453125
vt 0.625000 0.453125
vt 0.625000 0.468750
vt 0.609375 0.468750
vt 0.703125 0.109375
vt 0.718750 0.109375
vt 0.718750 0.125000
vt 0.703125 0.125000
vt 0.703125 0.078125
vt 0.718750 0.078125
vt 0.718750 0.093750
vt 0.703125 0.093750
vt 0.734375 0.078125
vt 0.750000 0.078125
vt 0.750000 0.093750
vt 0.734375 0.093750
vt 0.578125 0.109375
vt 0.593750 0.109375
vt 0.593750 0.125000
vt 0.578125 0.125000
vt 0.578125 0.078125
vt 0.593750 0.078125
vt 0.593750 0.093750
vt 0.578125 0.093750
vt 0.609375 0.078125
vt 0.625000 0.078125
vt 0.625000 0.093750
vt 0.609375 0.093750
vt 0.578125 0.234375
vt 0.593750 0.234375
vt 0.593750 0.250000
vt 0.578125 0.250000
vt 0.578125 0.203125
vt 0.593750 0.203125
vt 0.593750 0.218750
vt 0.578125 0.218750
vt 0.609375 0.203125
vt 0.625000 0.203125
vt 0.625000 0.218750
vt 0.609375 0.218750
vt 0.953125 0.109375
vt 0.968750 0.109375
vt 0.968750 0.125000
vt 0.953125 0.125000
vt 0.953125 0.078125
vt 0.968750 0.078125
vt 0.968750 0.093750
vt 0.953125 0.093750
vt 0.984375 0.078125
vt 1.000000 0.078125
vt 1.000000 0.093750
vt 0.984375 0.093750
vt 0.828125 0.109375
vt 0.843750 0.109375
vt 0.843750 0.125000
vt 0.828125 0.125000
vt 0.828125 0.078125
vt 0.843750 0.078125
vt 0.843750 0.093750
vt 0.828125 0.093750
vt 0.859375 0.078125
vt 0.875000 0.078125
vt 0.875000 0.093750
vt 0.859375 0.093750
vt 0.828125 0.234375
vt 0.843750 0.234375
vt 0.843750 0.250000
vt 0.828125 0.250000
vt 0.828125 0.203125
vt 0.843750 0.203125
vt 0.843750 0.218750
vt 0.828125 0.218750
vt 0.859375 0.203125
vt 0.875000 0.203125
vt 0.875000 0.218750
vt 0.859375 0.218750
vt 0.203125 0.359375
vt 0.218750 0.359375
vt 0.218750 0.375000
vt 0.203125 0.375000
vt 0.203125 0.328125
vt 0.218750 0.328125
vt 0.218750 0.343750
vt 0.203125 0.343750
vt 0.234375 0.328125
vt 0.250000 0.328125
vt 0.250000 0.343750
vt 0.234375 0.343750
vt 0.078125 0.359375
vt 0.093750 0.359375
vt 0.093750 0.375000
vt 0.078125 0.375000
vt 0.078125 0.328125
vt 0.093750 0.328125
vt 0.093750 0.343750
vt 0.078125 0.343750
vt 0.109375 0.328125
vt 0.125000 0.328125
vt 0.125000 0.343750
vt 0.109375 0.343750
vt 0.078125 0.484375
vt 0.093750 0.484375
vt 0.093750 0.500000
vt 0.078125 0.500000
vt 0.078125 0.453125
vt 0.093750 0.453125
vt 0.093750 0.468750
vt 0.078125 0.468750
vt 0.109375 0.453125
vt 0.125000 0.453125
vt 0.125000 0.468750
vt 0.109375 0.468750
vt 0.203125 0.109375
vt 0.218750 0.109375
vt 0.218750 0.125000
vt 0.203125 0.125000
vt 0.203125 0.078125
vt 0.218750 0.078125
vt 0.218750 0.093750
vt 0.203125 0.093750
vt 0.234375 0.078125
vt 0.250000 0.078125
vt 0.250000 0.093750
vt 0.234375 0.093750
vt 0.078125 0.109375
vt 0.093750 0.109375
vt 0.093750 0.125000
vt 0.078125 0.125000
vt 0.078125 0.078125
vt 0.093750 0.078125
vt 0.093750 0.093750
vt 0.078125 0.093750
vt 0.109375 0.078125
vt 0.125000 0.078125
vt 0.125000 0.093750
vt 0.109375 0.093750
vt 0.078125 0.234375
vt 0.093750 0.234375
vt 0.093750 0.250000
vt 0.078125 0.250000
vt 0.078125 0.203125
vt 0.093750 0.203125
vt 0.093750 0.218750
vt 0.078125 0.218750
vt 0.109375 0.203125
vt 0.125000 0.203125
vt 0.125000 0.218750
vt 0.109375 0.218750
vt 0.453125 0.109375
vt 0.468750 0.109375
vt 0.468750 0.125000
vt 0.453125 0.125000
vt 0.453125 0.078125
vt 0.468750 0.078125
vt 0.468750 0.093750
vt 0.453125 0.093750
vt 0.484375 0.078125
vt 0.500000 0.078125
vt 0.500000 0.093750
vt 0.484375 0.093750
vt 0.328125 0.109375
vt 0.343750 0.109375
vt 0.343750 0.125000
vt 0.328125 0.125000
vt 0.328125 0.078125
vt 0.343750 0.078125
vt 0.343750 0.093750
vt 0.328125 0.093750
vt 0.359375 0.078125
vt 0.375000 0.078125
vt 0.375000 0.093750
vt 0.359375 0.093750
vt 0.328125 0.234375
vt 0.343750 0.234375
vt 0.343750 0.250000
vt 0.328125 0.250000
vt 0.328125 0.203125
vt 0.343750 0.203125
vt 0.343750 0.218750
vt 0.328125 0.218750
vt 0.359375 0.203125
vt 0.375000 0.203125
vt 0.375000 0.218750
vt 0.359375 0.218750
vt 0.203125 0.859375
vt 0.218750 0.859375
vt 0.218750 0.875000
vt 0.203125 0.875000
vt 0.203125 0.828125
vt 0.218750 0.828125
vt 0.218750 0.843750
vt 0.203125 0.843750
vt 0.234375 0.828125
vt 0.250000 0.828125
vt 0.250000 0.843750
vt 0.234375 0.843750
vt 0.078125 0.859375
vt 0.093750 0.859375
vt 0.093750 0.875000
vt 0.078125 0.875000
vt 0.078125 0.828125
vt 0.093750 0.828125
vt 0.093750 0.843750
vt 0.078125 0.843750
vt 0.109375 0.828125
vt 0.125000 0.828125
vt 0.125000 0.843750
vt 0.109375 0.843750
vt 0.078125 0.984375
vt 0.093750 0.984375
vt 0.093750 1.000000
vt 0.078125 1.000000
vt 0.078125 0.953125
vt 0.093750 0.953125
vt 0.093750 0.968750
vt 0.078125 0.968750
vt 0.109375 0.953125
vt 0.125000 0.953125
vt 0.125000 0.968750
vt 0.109375 0.968750
vt 0.203125 0.609375
vt 0.218750 0.609375
vt 0.218750 0.625000
vt 0.203125 0.625000
vt 0.203125 0.578125
vt 0.218750 0.578125
vt 0.218750 0.593750
vt 0.203125 0.593750
vt 0.234375 0.578125
vt 0.250000 0.578125
vt 0.250000 0.593750
vt 0.234375 0.593750
vt 0.078125 0.609375
vt 0.093750 0.609375
vt 0.093750 0.625000
vt 0.078125 0.625000
vt 0.078125 0.578125
vt 0.093750 0.578125
vt 0.093750 0.593750
vt 0.078125 0.593750
vt 0.109375 0.578125
vt 0.125000 0.578125
vt 0.125000 0.593750
vt 0.109375 0.593750
vt 0.078125 0.734375
vt 0.093750 0.734375
vt 0.093750 0.750000
vt 0.078125 0.750000
vt 0.078125 0.703125
vt 0.093750 0.703125
vt 0.093750 0.718750
vt 0.078125 0.718750
vt 0.109375 0.703125
vt 0.125000 0.703125
vt 0.125000 0.718750
vt 0.109375 0.718750
vt 0.453125 0.609375
vt 0.468750 0.609375
vt 0.468750 0.625000
vt 0.453125 0.625000
vt 0.453125 0.578125
vt 0.468750 0.578125
vt 0.468750 0.593750
vt 0.453125 0.593750
vt 0.484375 0.578125
vt 0.500000 0.578125
vt 0.500000 0.593750
vt 0.484375 0.593750
vt 0.328125 0.609375
vt 0.343750 0.609375
vt 0.343750 0.625000
vt 0.328125 0.625000
vt 0.328125 0.578125
vt 0.343750 0.578125
vt 0.343750 0.593750
vt 0.328125 0.593750
vt 0.359375 0.578125
vt 0.375000 0.578125
vt 0.375000 0.593750
vt 0.359375 0.593750
vt 0.328125 0.734375
vt 0.343750 0.734375
vt 0.343750 0.750000
vt 0.328125 0.750000
vt 0.328125 0.703125
vt 0.343750 0.703125
vt 0.343750 0.718750
vt 0.328125 0.718750
vt 0.359375 0.703125
vt 0.375000 0.703125
vt 0.375000 0.718750
vt 0.359375 0.718750
vt 0.703125 0.859375
vt 0.718750 0.859375
vt 0.718750 0.875000
vt 0.703125 0.875000
vt 0.703125 0.828125
vt 0.718750 0.828125
vt 0.718750 0.843750
vt 0.703125 0.843750
vt 0.734375 0.828125
vt 0.750000 0.828125
vt 0.750000 0.843750
vt 0.734375 0.843750
vt 0.578125 0.859375
vt 0.593750 0.859375
vt 0.593750 0.875000
vt 0.578125 0.875000
vt 0.578125 0.828125
vt 0.593750 0.828125
vt 0.593750 0.843750
vt 0.578125 0.843750
vt 0.609375 0.828125
vt 0.625000 0.828125
vt 0.625000 0.843750
vt 0.609375 0.843750
vt 0.578125 0.984375
vt 0.593750 0.984375
vt 0.593750 1.000000
vt 0.578125 1.000000
vt 0.578125 0.953125
vt 0.593750 0.953125
vt 0.593750 0.968750
vt 0.578125 0.968750
vt 0.609375 0.953125
vt 0.625000 0.953125
vt 0.625000 0.968750
vt 0.609375 0.968750
vt 0.703125 0.609375
vt 0.718750 0.609375
vt 0.718750 0.625000
vt 0.703125 0.625000
vt 0.703125 0.578125
vt 0.718750 0.578125
vt 0.718750 0.593750
vt 0.703125 0.593750
vt 0.734375 0.578125
vt 0.750000 0.578125
vt 0.750000 0.593750
vt 0.734375 0.593750
vt 0.578125 0.609375
vt 0.593750 0.609375
vt 0.593750 0.625000
vt 0.578125 0.625000
vt 0.578125 0.578125
vt 0.593750 0.578125
vt 0.593750 0.593750
vt 0.578125 0.593750
vt 0.609375 0.578125
vt 0.625000 0.578125
vt 0.625000 0.593750
vt 0.609375 0.593750
vt 0.578125 0.734375
vt 0.593750 0.734375
vt 0.593750 0.750000
vt 0.578125 0.750000
vt 0.578125 0.703125
vt 0.593750 0.703125
vt 0.593750 0.718750
vt 0.578125 0.718750
vt 0.609375 0.703125
vt 0.625000 0.703125
vt 0.625000 0.718750
vt 0.609375 0.718750
vt 0.953125 0.609375
vt 0.968750 0.609375
vt 0.968750 0.625000
vt 0.953125 0.625000
vt 0.953125 0.578125
vt 0.968750 0.578125
vt 0.968750 0.593750
vt 0.953125 0.593750
vt 0.984375 0.578125
vt 1.000000 0.578125
vt 1.000000 0.593750
vt 0.984375 0.593750
vt 0.828125 0.609375
vt 0.843750 0.609375
vt 0.843750 0.625000
vt 0.828125 0.625000
vt 0.828125 0.578125
vt 0.843750 0.578125
vt 0.843750 0.593750
vt 0.828125 0.593750
vt 0.859375 0.578125
vt 0.875000 0.578125
vt 0.875000 0.593750
vt 0.859375 0.593750
vt 0.828125 0.734375
vt 0.843750 0.734375
vt 0.843750 0.750000
vt 0.828125 0.750000
vt 0.828125 0.703125
vt 0.843750 0.703125
vt 0.843750 0.718750
vt 0.828125 0.718750
vt 0.859375 0.703125
vt 0.875000 0.703125
vt 0.875000 0.718750
vt 0.859375 0.718750
vt 0.953125 0.734375
vt 0.968750 0.734375
vt 0.968750 0.750000
vt 0.953125 0.750000
vt 0.953125 0.703125
vt 0.968750 0.703125
vt 0.968750 0.718750
vt 0.953125 0.718750
vt 0.984375 0.703125
vt 1.000000 0.703125
vt 1.000000 0.718750
vt 0.984375 0.718750
vt 0.703125 0.734375
vt 0.718750 0.734375
vt 0.718750 0.750000
vt 0.703125 0.750000
vt 0.703125 0.703125
vt 0.718750 0.703125
vt 0.718750 0.718750
vt 0.703125 0.718750
vt 0.734375 0.703125
vt 0.750000 0.703125
vt 0.750000 0.718750
vt 0.734375 0.718750
vt 0.703125 0.984375
vt 0.718750 0.984375
vt 0.718750 1.000000
vt 0.703125 1.000000
vt 0.703125 0.953125
vt 0.718750 0.953125
vt 0.718750 0.968750
vt 0.703125 0.968750
vt 0.734375 0.953125
vt 0.750000 0.953125
vt 0.750000 0.968750
vt 0.734375 0.968750
vt 0.453125 0.734375
vt 0.468750 0.734375
vt 0.468750 0.750000
vt 0.453125 0.750000
vt 0.453125 0.703125
vt 0.468750 0.703125
vt 0.468750 0.718750
vt 0.453125 0.718750
vt 0.484375 0.703125
vt 0.500000 0.703125
vt 0.500000 0.718750
vt 0.484375 0.718750
vt 0.203125 0.734375
vt 0.218750 0.734375
vt 0.218750 0.750000
vt 0.203125 0.750000
vt 0.203125 0.703125
vt 0.218750 0.703125
vt 0.218750 0.718750
vt 0.203125 0.718750
vt 0.234375 0.703125
vt 0.250000 0.703125
vt 0.250000 0.718750
vt 0.234375 0.718750
vt 0.203125 0.984375
vt 0.218750 0.984375
vt 0.218750 1.000000
vt 0.203125 1.000000
vt 0.203125 0.953125
vt 0.218750 0.953125
vt 0.218750 0.968750
vt 0.203125 0.968750
vt 0.234375 0.953125
vt 0.250000 0.953125
vt 0.250000 0.968750
vt 0.234375 0.968750
vt 0.453125 0.234375
vt 0.468750 0.234375
vt 0.468750 0.250000
vt 0.453125 0.250000
vt 0.453125 0.203125
vt 0.468750 0.203125
vt 0.468750 0.218750
vt 0.453125 0.218750
vt 0.484375 0.203125
vt 0.500000 0.203125
vt 0.500000 0.218750
vt 0.484375 0.218750
vt 0.203125 0.234375
vt 0.218750 0.234375
vt 0.218750 0.250000
vt 0.203125 0.250000
vt 0.203125 0.203125
vt 0.218750 0.203125
vt 0.218750 0.218750
vt 0.203125 0.218750
vt 0.234375 0.203125
vt 0.250000 0.203125
vt 0.250000 0.218750
vt 0.234375 0.218750
vt 0.203125 0.484375
vt 0.218750 0.484375
vt 0.218750 0.500000
vt 0.203125 0.500000
vt 0.203125 0.453125
vt 0.218750 0.453125
vt 0.218750 0.468750
vt 0.203125 0.468750
vt 0.234375 0.453125
vt 0.250000 0.453125
vt 0.250000 0.468750
vt 0.234375 0.468750
vt 0.953125 0.234375
vt 0.968750 0.234375
vt 0.968750 0.250000
vt 0.953125 0.250000
vt 0.953125 0.203125
vt 0.968750 0.203125
vt 0.968750 0.218750
vt 0.953125 0.218750
vt 0.984375 0.203125
vt 1.000000 0.203125
vt 1.000000 0.218750
vt 0.984375 0.218750
vt 0.703125 0.234375
vt 0.718750 0.234375
vt 0.718750 0.250000
vt 0.703125 0.250000
vt 0.703125 0.203125
vt 0.718750 0.203125
vt 0.718750 0.218750
vt 0.703125 0.218750
vt 0.734375 0.203125
vt 0.750000 0.203125
vt 0.750000 0.218750
vt 0.734375 0.218750
vt 0.703125 0.484375
vt 0.718750 0.484375
vt 0.718750 0.500000
vt 0.703125 0.500000
vt 0.703125 0.453125
vt 0.718750 0.453125
vt 0.718750 0.468750
vt 0.703125 0.468750
vt 0.734375 0.453125
vt 0.750000 0.453125
vt 0.750000 0.468750
vt 0.734375 0.468750
vt 0.953125 0.484375
vt 0.968750 0.484375
vt 0.968750 0.500000
vt 0.953125 0.500000
vt 0.953125 0.453125
vt 0.968750 0.453125
vt 0.968750 0.468750
vt 0.953125 0.468750
vt 0.984375 0.453125
vt 1.000000 0.453125
vt 1.000000 0.468750
vt 0.984375 0.468750
vt 0.453125 0.484375
vt 0.468750 0.484375
vt 0.468750 0.500000
vt 0.453125 0.500000
vt 0.453125 0.453125
vt 0.468750 0.453125
vt 0.468750 0.468750
vt 0.453125 0.468750
vt 0.484375 0.453125
vt 0.500000 0.453125
vt 0.500000 0.468750
vt 0.484375 0.468750
vt 0.453125 0.984375
vt 0.468750 0.984375
vt 0.468750 1.000000
vt 0.453125 1.000000
vt 0.453125 0.953125
vt 0.468750 0.953125
vt 0.468750 0.968750
vt 0.453125 0.968750
vt 0.484375 0.953125
vt 0.500000 0.953125
vt 0.500000 0.968750
vt 0.484375 0.968750
vt 0.953125 0.984375
vt 0.968750 0.984375
vt 0.968750 1.000000
vt 0.953125 1.000000
vt 0.953125 0.953125
vt 0.968750 0.953125
vt 0.968750 0.968750
vt 0.953125 0.968750
vt 0.984375 0.953125
vt 1.000000 0.953125
vt 1.000000 0.968750
vt 0.984375 0.968750
vt 0.656250 0.000000
vt 0.671875 0.000000
vt 0.687500 0.000000
vt 0.625000 0.000000
vt 0.640625 0.000000
vt 0.718750 0.000000
vt 0.734375 0.000000
vt 0.750000 0.000000
vt 0.703125 0.000000
vt 0.531250 0.000000
vt 0.546875 0.000000
vt 0.562500 0.000000
vt 0.500000 0.000000
vt 0.515625 0.000000
vt 0.593750 0.000000
vt 0.609375 0.000000
vt 0.578125 0.000000
vt 0.906250 0.000000
vt 0.921875 0.000000
vt 0.937500 0.000000
vt 0.875000 0.000000
vt 0.890625 0.000000
vt 0.968750 0.000000
vt 0.984375 0.000000
vt 1.000000 0.000000
vt 0.953125 0.000000
vt 0.781250 0.000000
vt 0.796875 0.000000
vt 0.812500 0.000000
vt 0.765625 0.000000
vt 0.843750 0.000000
vt 0.859375 0.000000
vt 0.828125 0.000000
vt 0.000000 0.328125
vt 0.000000 0.343750
vt 0.000000 0.312500
vt 0.000000 0.359375
vt 0.000000 0.375000
vt 0.000000 0.265625
vt 0.000000 0.281250
vt 0.000000 0.250000
vt 0.000000 0.296875
vt 0.000000 0.453125
vt 0.000000 0.468750
vt 0.000000 0.437500
vt 0.000000 0.484375
vt 0.000000 0.500000
vt 0.000000 0.390625
vt 0.000000 0.406250
vt 0.000000 0.421875
vt 0.156250 0.000000
vt 0.171875 0.000000
vt 0.187500 0.000000
vt 0.125000 0.000000
vt 0.140625 0.000000
vt 0.218750 0.000000
vt 0.234375 0.000000
vt 0.250000 0.000000
vt 0.203125 0.000000
vt 0.000000 0.078125
vt 0.000000 0.093750
vt 0.000000 0.062500
vt 0.000000 0.109375
vt 0.000000 0.125000
vt 0.031250 0.000000
vt 0.046875 0.000000
vt 0.062500 0.000000
vt 0.000000 0.015625
vt 0.000000 0.031250
vt 0.000000 0.000000
vt 0.015625 0.000000
vt 0.000000 0.046875
vt 0.093750 0.000000
vt 0.109375 0.000000
vt 0.078125 0.000000
vt 0.000000 0.203125
vt 0.000000 0.218750
vt 0.000000 0.187500
vt 0.000000 0.234375
vt 0.000000 0.140625
vt 0.000000 0.156250
vt 0.000000 0.171875
vt 0.406250 0.000000
vt 0.421875 0.000000
vt 0.437500 0.000000
vt 0.375000 0.000000
vt 0.390625 0.000000
vt 0.468750 0.000000
vt 0.484375 0.000000
vt 0.453125 0.000000
vt 0.281250 0.000000
vt 0.296875 0.000000
vt 0.312500 0.000000
vt 0.265625 0.000000
vt 0.343750 0.000000
vt 0.359375 0.000000
vt 0.328125 0.000000
vt 0.000000 0.828125
vt 0.000000 0.843750
vt 0.000000 0.812500
vt 0.000000 0.859375
vt 0.000000 0.875000
vt 0.000000 0.765625
vt 0.000000 0.781250
vt 0.000000 0.750000
vt 0.000000 0.796875
vt 0.000000 0.953125
vt 0.000000 0.968750
vt 0.000000 0.937500
vt 0.000000 0.984375
vt 0.000000 1.000000
vt 0.000000 0.890625
vt 0.000000 0.906250
vt 0.000000 0.921875
vt 0.000000 0.578125
vt 0.000000 0.593750
vt 0.000000 0.562500
vt 0.000000 0.609375
vt 0.000000 0.625000
vt 0.000000 0.515625
vt 0.000000 0.531250
vt 0.000000 0.546875
vt 0.000000 0.703125
vt 0.000000 0.718750
vt 0.000000 0.687500
vt 0.000000 0.734375
vt 0.000000 0.640625
vt 0.000000 0.656250
vt 0.000000 0.671875
s 1
f 4225/1/4225 1092/2/1092 4/3/4 1837/4/1837
f 4224/5/4224 1098/6/1098 8/7/8 1833/8/1833
f 4223/9/4223 1099/10/1099 9/11/9 1840/12/1840
f 4222/13/4222 1096/14/1096 7/15/7 1841/16/1841
f 4221/17/4221 1114/18/1114 21/19/21 1829/20/1829
f 4220/21/4220 1115/22/1115 22/23/22 1844/24/1844
f 4219/25/4219 1108/26/1108 16/27/16 1845/28/1845
f 4218/29/4218 1118/30/1118 20/31/20 1828/32/1828
f 4217/33/4217 1119/34/1119 23/35/23 1848/36/1848
f 4216/37/4216 1111/38/1111 19/39/19 1849/40/1849
f 4215/41/4215 1122/42/1122 13/43/13 1821/44/1821
f 4214/45/4214 1123/46/1123 24/47/24 1852/48/1852
f 4213/49/4213 1110/50/1110 18/51/18 1853/52/1853
f 4212/53/4212 1126/54/1126 17/55/17 1825/56/1825
f 4211/57/4211 1127/58/1127 25/59/25 1856/60/1856
f 4210/61/4210 1104/62/1104 12/63/12 1857/64/1857
f 4209/65/4209 1170/66/1170 65/67/65 1817/68/1817
f 4208/69/4208 1171/70/1171 66/71/66 1860/72/1860
f 4207/73/4207 1144/74/1144 40/75/40 1861/76/1861
f 4206/77/4206 1174/78/1174 64/79/64 1816/80/1816
f 4205/81/4205 1175/82/1175 67/83/67 1864/84/1864
f 4204/85/4204 1167/86/1167 63/87/63 1865/88/1865
f 4203/89/4203 1178/90/1178 33/91/33 1785/92/1785
f 4202/93/4202 1179/94/1179 68/95/68 1868/96/1868
f 4201/97/4201 1166/98/1166 62/99/62 1869/100/1869
f 4200/101/4200 1182/102/1182 61/103/61 1813/104/1813
f 4199/105/4199 1183/106/1183 69/107/69 1872/108/1872
f 4198/109/4198 1150/110/1150 46/111/46 1873/112/1873
f 4197/113/4197 1186/114/1186 60/115/60 1812/116/1812
f 4196/117/4196 1187/118/1187 70/119/70 1876/120/1876
f 4195/121/4195 1163/122/1163 59/123/59 1877/124/1877
f 4194/125/4194 1190/126/1190 29/127/29 1781/128/1781
f 4193/129/4193 1191/130/1191 71/131/71 1880/132/1880
f 4192/133/4192 1162/134/1162 58/135/58 1881/136/1881
f 4191/137/4191 1194/138/1194 57/139/57 1809/140/1809
f 4190/141/4190 1195/142/1195 72/143/72 1884/144/1884
f 4189/145/4189 1151/146/1151 47/147/47 1885/148/1885
f 4188/149/4188 1198/150/1198 56/151/56 1808/152/1808
f 4187/153/4187 1199/154/1199 73/155/73 1888/156/1888
f 4186/157/4186 1159/158/1159 55/159/55 1889/160/1889
f 4185/161/4185 1202/162/1202 36/163/36 1788/164/1788
f 4184/165/4184 1203/166/1203 74/167/74 1892/168/1892
f 4183/169/4183 1158/170/1158 54/171/54 1893/172/1893
f 4182/173/4182 1206/174/1206 53/175/53 1805/176/1805
f 4181/177/4181 1207/178/1207 75/179/75 1896/180/1896
f 4180/181/4180 1148/182/1148 44/183/44 1897/184/1897
f 4179/185/4179 1210/186/1210 52/187/52 1804/188/1804
f 4178/189/4178 1211/190/1211 76/191/76 1900/192/1900
f 4177/193/4177 1155/194/1155 51/195/51 1901/196/1901
f 4176/197/4176 1214/198/1214 37/199/37 1789/200/1789
f 4175/201/4175 1215/202/1215 77/203/77 1904/204/1904
f 4174/205/4174 1154/206/1154 50/207/50 1905/208/1905
f 4173/209/4173 1218/210/1218 49/211/49 1801/212/1801
f 4172/213/4172 1219/214/1219 78/215/78 1908/216/1908
f 4171/217/4171 1136/218/1136 32/219/32 1909/220/1909
f 4170/221/4170 1222/222/1222 48/223/48 1800/224/1800
f 4169/225/4169 1223/226/1223 79/227/79 1912/228/1912
f 4168/229/4168 1139/230/1139 35/231/35 1913/232/1913
f 4167/233/4167 1226/234/1226 41/235/41 1793/236/1793
f 4166/237/4166 1227/238/1227 80/239/80 1916/240/1916
f 4165/241/4165 1138/242/1138 34/243/34 1917/244/1917
f 4164/245/4164 1230/246/1230 45/247/45 1797/248/1797
f 4163/249/4163 1231/250/1231 81/251/81 1920/252/1920
f 4162/253/4162 1132/254/1132 28/255/28 1921/256/1921
f 4161/257/4161 1378/258/1378 225/259/225 1777/260/1777
f 4160/261/4160 1379/262/1379 226/263/226 1924/264/1924
f 4159/265/4159 1276/266/1276 124/267/124 1925/268/1925
f 4158/269/4158 1382/270/1382 224/271/224 1776/272/1776
f 4157/273/4157 1383/274/1383 227/275/227 1928/276/1928
f 4156/277/4156 1375/278/1375 223/279/223 1929/280/1929
f 4155/281/4155 1386/282/1386 101/283/101 1653/284/1653
f 4154/285/4154 1387/286/1387 228/287/228 1932/288/1932
f 4153/289/4153 1374/290/1374 222/291/222 1933/292/1933
f 4152/293/4152 1390/294/1390 221/295/221 1773/296/1773
f 4151/297/4151 1391/298/1391 229/299/229 1936/300/1936
f 4150/301/4150 1282/302/1282 130/303/130 1937/304/1937
f 4149/305/4149 1394/306/1394 220/307/220 1772/308/1772
f 4148/309/4148 1395/310/1395 230/311/230 1940/312/1940
f 4147/313/4147 1371/314/1371 219/315/219 1941/316/1941
f 4146/317/4146 1398/318/1398 97/319/97 1649/320/1649
f 4145/321/4145 1399/322/1399 231/323/231 1944/324/1944
f 4144/325/4144 1370/326/1370 218/327/218 1945/328/1945
f 4143/329/4143 1402/330/1402 217/331/217 1769/332/1769
f 4142/333/4142 1403/334/1403 232/335/232 1948/336/1948
f 4141/337/4141 1283/338/1283 131/339/131 1949/340/1949
f 4140/341/4140 1406/342/1406 216/343/216 1768/344/1768
f 4139/345/4139 1407/346/1407 233/347/233 1952/348/1952
f 4138/349/4138 1367/350/1367 215/351/215 1953/352/1953
f 4137/353/4137 1410/354/1410 104/355/104 1656/356/1656
f 4136/357/4136 1411/358/1411 234/359/234 1956/360/1956
f 4135/361/4135 1366/362/1366 214/363/214 1957/364/1957
f 4134/365/4134 1414/366/1414 213/367/213 1765/368/1765
f 4133/369/4133 1415/370/1415 235/371/235 1960/372/1960
f 4132/373/4132 1280/374/1280 128/375/128 1961/376/1961
f 4131/377/4131 1418/378/1418 212/379/212 1764/380/1764
f 4130/381/4130 1419/382/1419 236/383/236 1964/384/1964
f 4129/385/4129 1363/386/1363 211/387/211 1965/388/1965
f 4128/389/4128 1422/390/1422 105/391/105 1657/392/1657
f 4127/393/4127 1423/394/1423 237/395/237 1968/396/1968
f 4126/397/4126 1362/398/1362 210/399/210 1969/400/1969
f 4125/401/4125 1426/402/1426 209/403/209 1761/404/1761
f 4124/405/4124 1427/406/1427 238/407/238 1972/408/1972
f 4123/409/4123 1298/410/1298 146/411/146 1973/412/1973
f 4122/413/4122 1430/414/1430 208/415/208 1760/416/1760
f 4121/417/4121 1431/418/1431 239/419/239 1976/420/1976
f 4120/421/4120 1359/422/1359 207/423/207 1977/424/1977
f 4119/425/4119 1434/426/1434 93/427/93 1645/428/1645
f 4118/429/4118 1435/430/1435 240/431/240 1980/432/1980
f 4117/433/4117 1358/434/1358 206/435/206 1981/436/1981
f 4116/437/4116 1438/438/1438 205/439/205 1757/440/1757
f 4115/441/4115 1439/442/1439 241/443/241 1984/444/1984
f 4114/445/4114 1299/446/1299 147/447/147 1985/448/1985
f 4113/449/4113 1442/450/1442 204/451/204 1756/452/1756
f 4112/453/4112 1443/454/1443 242/455/242 1988/456/1988
f 4111/457/4111 1355/458/1355 203/459/203 1989/460/1989
f 4110/461/4110 1446/462/1446 108/463/108 1660/464/1660
f 4109/465/4109 1447/466/1447 243/467/243 1992/468/1992
f 4108/469/4108 1354/470/1354 202/471/202 1993/472/1993
f 4107/473/4107 1450/474/1450 201/475/201 1753/476/1753
f 4106/477/4106 1451/478/1451 244/479/244 1996/480/1996
f 4105/481/4105 1292/482/1292 140/483/140 1997/484/1997
f 4104/485/4104 1454/486/1454 200/487/200 1752/488/1752
f 4103/489/4103 1455/490/1455 245/491/245 2000/492/2000
f 4102/493/4102 1351/494/1351 199/495/199 2001/496/2001
f 4101/497/4101 1458/498/1458 109/499/109 1661/500/1661
f 4100/501/4100 1459/502/1459 246/503/246 2004/504/2004
f 4099/505/4099 1350/506/1350 198/507/198 2005/508/2005
f 4098/509/4098 1462/510/1462 197/511/197 1749/512/1749
f 4097/513/4097 1463/514/1463 247/515/247 2008/516/2008
f 4096/517/4096 1302/518/1302 150/519/150 2009/520/2009
f 4095/521/4095 1466/522/1466 196/523/196 1748/524/1748
f 4094/525/4094 1467/526/1467 248/527/248 2012/528/2012
f 4093/529/4093 1347/530/1347 195/531/195 2013/532/2013
f 4092/533/4092 1470/534/1470 92/535/92 1644/536/1644
f 4091/537/4091 1471/538/1471 249/539/249 2016/540/2016
f 4090/541/4090 1346/542/1346 194/543/194 2017/544/2017
f 4089/545/4089 1474/546/1474 193/547/193 1745/548/1745
f 4088/549/4088 1475/550/1475 250/551/250 2020/552/2020
f 4087/553/4087 1303/554/1303 151/555/151 2021/556/2021
f 4086/557/4086 1478/558/1478 192/559/192 1744/560/1744
f 4085/561/4085 1479/562/1479 251/563/251 2024/564/2024
f 4084/565/4084 1343/566/1343 191/567/191 2025/568/2025
f 4083/569/4083 1482/570/1482 112/571/112 1664/572/1664
f 4082/573/4082 1483/574/1483 252/575/252 2028/576/2028
f 4081/577/4081 1342/578/1342 190/579/190 2029/580/2029
f 4080/581/4080 1486/582/1486 189/583/189 1741/584/1741
f 4079/585/4079 1487/586/1487 253/587/253 2032/588/2032
f 4078/589/4078 1295/590/1295 143/591/143 2033/592/2033
f 4077/593/4077 1490/594/1490 188/595/188 1740/596/1740
f 4076/597/4076 1491/598/1491 254/599/254 2036/600/2036
f 4075/601/4075 1339/602/1339 187/603/187 2037/604/2037
f 4074/605/4074 1494/606/1494 113/607/113 1665/608/1665
f 4073/609/4073 1495/610/1495 255/611/255 2040/612/2040
f 4072/613/4072 1338/614/1338 186/615/186 2041/616/2041
f 4071/617/4071 1498/618/1498 185/619/185 1737/620/1737
f 4070/621/4070 1499/622/1499 256/623/256 2044/624/2044
f 4069/625/4069 1306/626/1306 154/627/154 2045/628/2045
f 4068/629/4068 1502/630/1502 184/631/184 1736/632/1736
f 4067/633/4067 1503/634/1503 257/635/257 2048/636/2048
f 4066/637/4066 1335/638/1335 183/639/183 2049/640/2049
f 4065/641/4065 1506/642/1506 85/643/85 1637/644/1637
f 4064/645/4064 1507/646/1507 258/647/258 2052/648/2052
f 4063/649/4063 1334/650/1334 182/651/182 2053/652/2053
f 4062/653/4062 1510/654/1510 181/655/181 1733/656/1733
f 4061/657/4061 1511/658/1511 259/659/259 2056/660/2056
f 4060/661/4060 1307/662/1307 155/663/155 2057/664/2057
f 4059/665/4059 1514/666/1514 180/667/180 1732/668/1732
f 4058/669/4058 1515/670/1515 260/671/260 2060/672/2060
f 4057/673/4057 1331/674/1331 179/675/179 2061/676/2061
f 4056/677/4056 1518/678/1518 116/679/116 1668/680/1668
f 4055/681/4055 1519/682/1519 261/683/261 2064/684/2064
f 4054/685/4054 1330/686/1330 178/687/178 2065/688/2065
f 4053/689/4053 1522/690/1522 177/691/177 1729/692/1729
f 4052/693/4052 1523/694/1523 262/695/262 2068/696/2068
f 4051/697/4051 1294/698/1294 142/699/142 2069/700/2069
f 4050/701/4050 1526/702/1526 176/703/176 1728/704/1728
f 4049/705/4049 1527/706/1527 263/707/263 2072/708/2072
f 4048/709/4048 1327/710/1327 175/711/175 2073/712/2073
f 4047/713/4047 1530/714/1530 117/715/117 1669/716/1669
f 4046/717/4046 1531/718/1531 264/719/264 2076/720/2076
f 4045/721/4045 1326/722/1326 174/723/174 2077/724/2077
f 4044/725/4044 1534/726/1534 173/727/173 1725/728/1725
f 4043/729/4043 1535/730/1535 265/731/265 2080/732/2080
f 4042/733/4042 1310/734/1310 158/735/158 2081/736/2081
f 4041/737/4041 1538/738/1538 172/739/172 1724/740/1724
f 4040/741/4040 1539/742/1539 266/743/266 2084/744/2084
f 4039/745/4039 1323/746/1323 171/747/171 2085/748/2085
f 4038/749/4038 1542/750/1542 89/751/89 1641/752/1641
f 4037/753/4037 1543/754/1543 267/755/267 2088/756/2088
f 4036/757/4036 1322/758/1322 170/759/170 2089/760/2089
f 4035/761/4035 1546/762/1546 169/763/169 1721/764/1721
f 4034/765/4034 1547/766/1547 268/767/268 2092/768/2092
f 4033/769/4033 1311/770/1311 159/771/159 2093/772/2093
f 4032/773/4032 1550/774/1550 168/775/168 1720/776/1720
f 4031/777/4031 1551/778/1551 269/779/269 2096/780/2096
f 4030/781/4030 1319/782/1319 167/783/167 2097/784/2097
f 4029/785/4029 1554/786/1554 120/787/120 1672/788/1672
f 4028/789/4028 1555/790/1555 270/791/270 2100/792/2100
f 4027/793/4027 1318/794/1318 166/795/166 2101/796/2101
f 4026/797/4026 1558/798/1558 165/799/165 1717/800/1717
f 4025/801/4025 1559/802/1559 271/803/271 2104/804/2104
f 4024/805/4024 1288/806/1288 136/807/136 2105/808/2105
f 4023/809/4023 1562/810/1562 164/811/164 1716/812/1716
f 4022/813/4022 1563/814/1563 272/815/272 2108/816/2108
f 4021/817/4021 1315/818/1315 163/819/163 2109/820/2109
f 4020/821/4020 1566/822/1566 121/823/121 1673/824/1673
f 4019/825/4019 1567/826/1567 273/827/273 2112/828/2112
f 4018/829/4018 1314/830/1314 162/831/162 2113/832/2113
f 4017/833/4017 1570/834/1570 161/835/161 1713/836/1713
f 4016/837/4016 1571/838/1571 274/839/274 2116/840/2116
f 4015/841/4015 1248/842/1248 96/843/96 2117/844/2117
f 4014/845/4014 1574/846/1574 160/847/160 1712/848/1712
f 4013/849/4013 1575/850/1575 275/851/275 2120/852/2120
f 4012/853/4012 1271/854/1271 119/855/119 2121/856/2121
f 4011/857/4011 1578/858/1578 129/859/129 1681/860/1681
f 4010/861/4010 1579/862/1579 276/863/276 2124/864/2124
f 4009/865/4009 1270/866/1270 118/867/118 2125/868/2125
f 4008/869/4008 1582/870/1582 157/871/157 1709/872/1709
f 4007/873/4007 1583/874/1583 277/875/277 2128/876/2128
f 4006/877/4006 1254/878/1254 102/879/102 2129/880/2129
f 4005/881/4005 1586/882/1586 156/883/156 1708/884/1708
f 4004/885/4004 1587/886/1587 278/887/278 2132/888/2132
f 4003/889/4003 1267/890/1267 115/891/115 2133/892/2133
f 4002/893/4002 1590/894/1590 125/895/125 1677/896/1677
f 4001/897/4001 1591/898/1591 279/899/279 2136/900/2136
f 4000/901/4000 1266/902/1266 114/903/114 2137/904/2137
f 3999/905/3999 1594/906/1594 153/907/153 1705/908/1705
f 3998/909/3998 1595/910/1595 280/911/280 2140/912/2140
f 3997/913/3997 1255/914/1255 103/915/103 2141/916/2141
f 3996/917/3996 1598/918/1598 152/919/152 1704/920/1704
f 3995/921/3995 1599/922/1599 281/923/281 2144/924/2144
f 3994/925/3994 1263/926/1263 111/927/111 2145/928/2145
f 3993/929/3993 1602/930/1602 132/931/132 1684/932/1684
f 3992/933/3992 1603/934/1603 282/935/282 2148/936/2148
f 3991/937/3991 1262/938/1262 110/939/110 2149/940/2149
f 3990/941/3990 1606/942/1606 149/943/149 1701/944/1701
f 3989/945/3989 1607/946/1607 283/947/283 2152/948/2152
f 3988/949/3988 1252/950/1252 100/951/100 2153/952/2153
f 3987/953/3987 1610/954/1610 148/955/148 1700/956/1700
f 3986/957/3986 1611/958/1611 284/959/284 2156/960/2156
f 3985/961/3985 1259/962/1259 107/963/107 2157/964/2157
f 3984/965/3984 1614/966/1614 133/967/133 1685/968/1685
f 3983/969/3983 1615/970/1615 285/971/285 2160/972/2160
f 3982/973/3982 1258/974/1258 106/975/106 2161/976/2161
f 3981/977/3981 1618/978/1618 145/979/145 1697/980/1697
f 3980/981/3980 1619/982/1619 286/983/286 2164/984/2164
f 3979/985/3979 1240/986/1240 88/987/88 2165/988/2165
f 3978/989/3978 1622/990/1622 144/991/144 1696/992/1696
f 3977/993/3977 1623/994/1623 287/995/287 2168/996/2168
f 3976/997/3976 1243/998/1243 91/999/91 2169/1000/2169
f 3975/1001/3975 1626/1002/1626 137/1003/137 1689/1004/1689
f 3974/1005/3974 1627/1006/1627 288/1007/288 2172/1008/2172
f 3973/1009/3973 1242/1010/1242 90/1011/90 2173/1012/2173
f 3972/1013/3972 1630/1014/1630 141/1015/141 1693/1016/1693
f 3971/1017/3971 1631/1018/1631 289/1019/289 2176/1020/2176
f 3970/1021/3970 1236/1022/1236 84/1023/84 2177/1024/2177
f 3969/1025/3969 2178/1026/2178 833/1027/833 1633/1028/1633
f 3968/1029/3968 2179/1030/2179 834/1031/834 2180/1032/2180
f 3967/1033/3967 1780/1034/1780 436/1035/436 2181/1036/2181
f 3966/1037/3966 2182/1038/2182 832/1039/832 1632/1040/1632
f 3965/1041/3965 2183/1042/2183 835/1043/835 2184/1044/2184
f 3964/1045/3964 2175/1046/2175 831/1047/831 2185/1048/2185
f 3963/1049/3963 2186/1050/2186 349/1051/349 1149/1052/1149
f 3962/1053/3962 2187/1054/2187 836/1055/836 2188/1056/2188
f 3961/1057/3961 2174/1058/2174 830/1059/830 2189/1060/2189
f 3960/1061/3960 2190/1062/2190 829/1063/829 1629/1064/1629
f 3959/1065/3959 2191/1066/2191 837/1067/837 2192/1068/2192
f 3958/1069/3958 1786/1070/1786 442/1071/442 2193/1072/2193
f 3957/1073/3957 2194/1074/2194 828/1075/828 1628/1076/1628
f 3956/1077/3956 2195/1078/2195 838/1079/838 2196/1080/2196
f 3955/1081/3955 2171/1082/2171 827/1083/827 2197/1084/2197
f 3954/1085/3954 2198/1086/2198 345/1087/345 1145/1088/1145
f 3953/1089/3953 2199/1090/2199 839/1091/839 2200/1092/2200
f 3952/1093/3952 2170/1094/2170 826/1095/826 2201/1096/2201
f 3951/1097/3951 2202/1098/2202 825/1099/825 1625/1100/1625
f 3950/1101/3950 2203/1102/2203 840/1103/840 2204/1104/2204
f 3949/1105/3949 1787/1106/1787 443/1107/443 2205/1108/2205
f 3948/1109/3948 2206/1110/2206 824/1111/824 1624/1112/1624
f 3947/1113/3947 2207/1114/2207 841/1115/841 2208/1116/2208
f 3946/1117/3946 2167/1118/2167 823/1119/823 2209/1120/2209
f 3945/1121/3945 2210/1122/2210 352/1123/352 1152/1124/1152
f 3944/1125/3944 2211/1126/2211 842/1127/842 2212/1128/2212
f 3943/1129/3943 2166/1130/2166 822/1131/822 2213/1132/2213
f 3942/1133/3942 2214/1134/2214 821/1135/821 1621/1136/1621
f 3941/1137/3941 2215/1138/2215 843/1139/843 2216/1140/2216
f 3940/1141/3940 1784/1142/1784 440/1143/440 2217/1144/2217
f 3939/1145/3939 2218/1146/2218 820/1147/820 1620/1148/1620
f 3938/1149/3938 2219/1150/2219 844/1151/844 2220/1152/2220
f 3937/1153/3937 2163/1154/2163 819/1155/819 2221/1156/2221
f 3936/1157/3936 2222/1158/2222 353/1159/353 1153/1160/1153
f 3935/1161/3935 2223/1162/2223 845/1163/845 2224/1164/2224
f 3934/1165/3934 2162/1166/2162 818/1167/818 2225/1168/2225
f 3933/1169/3933 2226/1170/2226 817/1171/817 1617/1172/1617
f 3932/1173/3932 2227/1174/2227 846/1175/846 2228/1176/2228
f 3931/1177/3931 1802/1178/1802 458/1179/458 2229/1180/2229
f 3930/1181/3930 2230/1182/2230 816/1183/816 1616/1184/1616
f 3929/1185/3929 2231/1186/2231 847/1187/847 2232/1188/2232
f 3928/1189/3928 2159/1190/2159 815/1191/815 2233/1192/2233
f 3927/1193/3927 2234/1194/2234 341/1195/341 1141/1196/1141
f 3926/1197/3926 2235/1198/2235 848/1199/848 2236/1200/2236
f 3925/1201/3925 2158/1202/2158 814/1203/814 2237/1204/2237
f 3924/1205/3924 2238/1206/2238 813/1207/813 1613/1208/1613
f 3923/1209/3923 2239/1210/2239 849/1211/849 2240/1212/2240
f 3922/1213/3922 1803/1214/1803 459/1215/459 2241/1216/2241
f 3921/1217/3921 2242/1218/2242 812/1219/812 1612/1220/1612
f 3920/1221/3920 2243/1222/2243 850/1223/850 2244/1224/2244
f 3919/1225/3919 2155/1226/2155 811/1227/811 2245/1228/2245
f 3918/1229/3918 2246/1230/2246 356/1231/356 1156/1232/1156
f 3917/1233/3917 2247/1234/2247 851/1235/851 2248/1236/2248
f 3916/1237/3916 2154/1238/2154 810/1239/810 2249/1240/2249
f 3915/1241/3915 2250/1242/2250 809/1243/809 1609/1244/1609
f 3914/1245/3914 2251/1246/2251 852/1247/852 2252/1248/2252
f 3913/1249/3913 1796/1250/1796 452/1251/452 2253/1252/2253
f 3912/1253/3912 2254/1254/2254 808/1255/808 1608/1256/1608
f 3911/1257/3911 2255/1258/2255 853/1259/853 2256/1260/2256
f 3910/1261/3910 2151/1262/2151 807/1263/807 2257/1264/2257
f 3909/1265/3909 2258/1266/2258 357/1267/357 1157/1268/1157
f 3908/1269/3908 2259/1270/2259 854/1271/854 2260/1272/2260
f 3907/1273/3907 2150/1274/2150 806/1275/806 2261/1276/2261
f 3906/1277/3906 2262/1278/2262 805/1279/805 1605/1280/1605
f 3905/1281/3905 2263/1282/2263 855/1283/855 2264/1284/2264
f 3904/1285/3904 1806/1286/1806 462/1287/462 2265/1288/2265
f 3903/1289/3903 2266/1290/2266 804/1291/804 1604/1292/1604
f 3902/1293/3902 2267/1294/2267 856/1295/856 2268/1296/2268
f 3901/1297/3901 2147/1298/2147 803/1299/803 2269/1300/2269
f 3900/1301/3900 2270/1302/2270 340/1303/340 1140/1304/1140
f 3899/1305/3899 2271/1306/2271 857/1307/857 2272/1308/2272
f 3898/1309/3898 2146/1310/2146 802/1311/802 2273/1312/2273
f 3897/1313/3897 2274/1314/2274 801/1315/801 1601/1316/1601
f 3896/1317/3896 2275/1318/2275 858/1319/858 2276/1320/2276
f 3895/1321/3895 1807/1322/1807 463/1323/463 2277/1324/2277
f 3894/1325/3894 2278/1326/2278 800/1327/800 1600/1328/1600
f 3893/1329/3893 2279/1330/2279 859/1331/859 2280/1332/2280
f 3892/1333/3892 2143/1334/2143 799/1335/799 2281/1336/2281
f 3891/1337/3891 2282/1338/2282 360/1339/360 1160/1340/1160
f 3890/1341/3890 2283/1342/2283 860/1343/860 2284/1344/2284
f 3889/1345/3889 2142/1346/2142 798/1347/798 2285/1348/2285
f 3888/1349/3888 2286/1350/2286 797/1351/797 1597/1352/1597
f 3887/1353/3887 2287/1354/2287 861/1355/861 2288/1356/2288
f 3886/1357/3886 1799/1358/1799 455/1359/455 2289/1360/2289
f 3885/1361/3885 2290/1362/2290 796/1363/796 1596/1364/1596
f 3884/1365/3884 2291/1366/2291 862/1367/862 2292/1368/2292
f 3883/1369/3883 2139/1370/2139 795/1371/795 2293/1372/2293
f 3882/1373/3882 2294/1374/2294 361/1375/361 1161/1376/1161
f 3881/1377/3881 2295/1378/2295 863/1379/863 2296/1380/2296
f 3880/1381/3880 2138/1382/2138 794/1383/794 2297/1384/2297
f 3879/1385/3879 2298/1386/2298 793/1387/793 1593/1388/1593
f 3878/1389/3878 2299/1390/2299 864/1391/864 2300/1392/2300
f 3877/1393/3877 1810/1394/1810 466/1395/466 2301/1396/2301
f 3876/1397/3876 2302/1398/2302 792/1399/792 1592/1400/1592
f 3875/1401/3875 2303/1402/2303 865/1403/865 2304/1404/2304
f 3874/1405/3874 2135/1406/2135 791/1407/791 2305/1408/2305
f 3873/1409/3873 2306/1410/2306 333/1411/333 1133/1412/1133
f 3872/1413/3872 2307/1414/2307 866/1415/866 2308/1416/2308
f 3871/1417/3871 2134/1418/2134 790/1419/790 2309/1420/2309
f 3870/1421/3870 2310/1422/2310 789/1423/789 1589/1424/1589
f 3869/1425/3869 2311/1426/2311 867/1427/867 2312/1428/2312
f 3868/1429/3868 1811/1430/1811 467/1431/467 2313/1432/2313
f 3867/1433/3867 2314/1434/2314 788/1435/788 1588/1436/1588
f 3866/1437/3866 2315/1438/2315 868/1439/868 2316/1440/2316
f 3865/1441/3865 2131/1442/2131 787/1443/787 2317/1444/2317
f 3864/1445/3864 2318/1446/2318 364/1447/364 1164/1448/1164
f 3863/1449/3863 2319/1450/2319 869/1451/869 2320/1452/2320
f 3862/1453/3862 2130/1454/2130 786/1455/786 2321/1456/2321
f 3861/1457/3861 2322/1458/2322 785/1459/785 1585/1460/1585
f 3860/1461/3860 2323/1462/2323 870/1463/870 2324/1464/2324
f 3859/1465/3859 1798/1466/1798 454/1467/454 2325/1468/2325
f 3858/1469/3858 2326/1470/2326 784/1471/784 1584/1472/1584
f 3857/1473/3857 2327/1474/2327 871/1475/871 2328/1476/2328
f 3856/1477/3856 2127/1478/2127 783/1479/783 2329/1480/2329
f 3855/1481/3855 2330/1482/2330 365/1483/365 1165/1484/1165
f 3854/1485/3854 2331/1486/2331 872/1487/872 2332/1488/2332
f 3853/1489/3853 2126/1490/2126 782/1491/782 2333/1492/2333
f 3852/1493/3852 2334/1494/2334 781/1495/781 1581/1496/1581
f 3851/1497/3851 2335/1498/2335 873/1499/873 2336/1500/2336
f 3850/1501/3850 1814/1502/1814 470/1503/470 2337/1504/2337
f 3849/1505/3849 2338/1506/2338 780/1507/780 1580/1508/1580
f 3848/1509/3848 2339/1510/2339 874/1511/874 2340/1512/2340
f 3847/1513/3847 2123/1514/2123 779/1515/779 2341/1516/2341
f 3846/1517/3846 2342/1518/2342 337/1519/337 1137/1520/1137
f 3845/1521/3845 2343/1522/2343 875/1523/875 2344/1524/2344
f 3844/1525/3844 2122/1526/2122 778/1527/778 2345/1528/2345
f 3843/1529/3843 2346/1530/2346 777/1531/777 1577/1532/1577
f 3842/1533/3842 2347/1534/2347 876/1535/876 2348/1536/2348
f 3841/1537/3841 1815/1538/1815 471/1539/471 2349/1540/2349
f 3840/1541/3840 2350/1542/2350 776/1543/776 1576/1544/1576
f 3839/1545/3839 2351/1546/2351 877/1547/877 2352/1548/2352
f 3838/1549/3838 2119/1550/2119 775/1551/775 2353/1552/2353
f 3837/1553/3837 2354/1554/2354 368/1555/368 1168/1556/1168
f 3836/1557/3836 2355/1558/2355 878/1559/878 2356/1560/2356
f 3835/1561/3835 2118/1562/2118 774/1563/774 2357/1564/2357
f 3834/1565/3834 2358/1566/2358 773/1567/773 1573/1568/1573
f 3833/1569/3833 2359/1570/2359 879/1571/879 2360/1572/2360
f 3832/1573/3832 1792/1574/1792 448/1575/448 2361/1576/2361
f 3831/1577/3831 2362/1578/2362 772/1579/772 1572/1580/1572
f 3830/1581/3830 2363/1582/2363 880/1583/880 2364/1584/2364
f 3829/1585/3829 2115/1586/2115 771/1587/771 2365/1588/2365
f 3828/1589/3828 2366/1590/2366 369/1591/369 1169/1592/1169
f 3827/1593/3827 2367/1594/2367 881/1595/881 2368/1596/2368
f 3826/1597/3826 2114/1598/2114 770/1599/770 2369/1600/2369
f 3825/1601/3825 2370/1602/2370 769/1603/769 1569/1604/1569
f 3824/1605/3824 2371/1606/2371 882/1607/882 2372/1608/2372
f 3823/1609/3823 1858/1610/1858 514/1611/514 2373/1612/2373
f 3822/1613/3822 2374/1614/2374 768/1615/768 1568/1616/1568
f 3821/1617/3821 2375/1618/2375 883/1619/883 2376/1620/2376
f 3820/1621/3820 2111/1622/2111 767/1623/767 2377/1624/2377
f 3819/1625/3819 2378/1626/2378 329/1627/329 1129/1628/1129
f 3818/1629/3818 2379/1630/2379 884/1631/884 2380/1632/2380
f 3817/1633/3817 2110/1634/2110 766/1635/766 2381/1636/2381
f 3816/1637/3816 2382/1638/2382 765/1639/765 1565/1640/1565
f 3815/1641/3815 2383/1642/2383 885/1643/885 2384/1644/2384
f 3814/1645/3814 1859/1646/1859 515/1647/515 2385/1648/2385
f 3813/1649/3813 2386/1650/2386 764/1651/764 1564/1652/1564
f 3812/1653/3812 2387/1654/2387 886/1655/886 2388/1656/2388
f 3811/1657/3811 2107/1658/2107 763/1659/763 2389/1660/2389
f 3810/1661/3810 2390/1662/2390 372/1663/372 1172/1664/1172
f 3809/1665/3809 2391/1666/2391 887/1667/887 2392/1668/2392
f 3808/1669/3808 2106/1670/2106 762/1671/762 2393/1672/2393
f 3807/1673/3807 2394/1674/2394 761/1675/761 1561/1676/1561
f 3806/1677/3806 2395/1678/2395 888/1679/888 2396/1680/2396
f 3805/1681/3805 1832/1682/1832 488/1683/488 2397/1684/2397
f 3804/1685/3804 2398/1686/2398 760/1687/760 1560/1688/1560
f 3803/1689/3803 2399/1690/2399 889/1691/889 2400/1692/2400
f 3802/1693/3802 2103/1694/2103 759/1695/759 2401/1696/2401
f 3801/1697/3801 2402/1698/2402 373/1699/373 1173/1700/1173
f 3800/1701/3800 2403/1702/2403 890/1703/890 2404/1704/2404
f 3799/1705/3799 2102/1706/2102 758/1707/758 2405/1708/2405
f 3798/1709/3798 2406/1710/2406 757/1711/757 1557/1712/1557
f 3797/1713/3797 2407/1714/2407 891/1715/891 2408/1716/2408
f 3796/1717/3796 1862/1718/1862 518/1719/518 2409/1720/2409
f 3795/1721/3795 2410/1722/2410 756/1723/756 1556/1724/1556
f 3794/1725/3794 2411/1726/2411 892/1727/892 2412/1728/2412
f 3793/1729/3793 2099/1730/2099 755/1731/755 2413/1732/2413
f 3792/1733/3792 2414/1734/2414 328/1735/328 1128/1736/1128
f 3791/1737/3791 2415/1738/2415 893/1739/893 2416/1740/2416
f 3790/1741/3790 2098/1742/2098 754/1743/754 2417/1744/2417
f 3789/1745/3789 2418/1746/2418 753/1747/753 1553/1748/1553
f 3788/1749/3788 2419/1750/2419 894/1751/894 2420/1752/2420
f 3787/1753/3787 1863/1754/1863 519/1755/519 2421/1756/2421
f 3786/1757/3786 2422/1758/2422 752/1759/752 1552/1760/1552
f 3785/1761/3785 2423/1762/2423 895/1763/895 2424/1764/2424
f 3784/1765/3784 2095/1766/2095 751/1767/751 2425/1768/2425
f 3783/1769/3783 2426/1770/2426 376/1771/376 1176/1772/1176
f 3782/1773/3782 2427/1774/2427 896/1775/896 2428/1776/2428
f 3781/1777/3781 2094/1778/2094 750/1779/750 2429/1780/2429
f 3780/1781/3780 2430/1782/2430 749/1783/749 1549/1784/1549
f 3779/1785/3779 2431/1786/2431 897/1787/897 2432/1788/2432
f 3778/1789/3778 1855/1790/1855 511/1791/511 2433/1792/2433
f 3777/1793/3777 2434/1794/2434 748/1795/748 1548/1796/1548
f 3776/1797/3776 2435/1798/2435 898/1799/898 2436/1800/2436
f 3775/1801/3775 2091/1802/2091 747/1803/747 2437/1804/2437
f 3774/1805/3774 2438/1806/2438 377/1807/377 1177/1808/1177
f 3773/1809/3773 2439/1810/2439 899/1811/899 2440/1812/2440
f 3772/1813/3772 2090/1814/2090 746/1815/746 2441/1816/2441
f 3771/1817/3771 2442/1818/2442 745/1819/745 1545/1820/1545
f 3770/1821/3770 2443/1822/2443 900/1823/900 2444/1824/2444
f 3769/1825/3769 1866/1826/1866 522/1827/522 2445/1828/2445
f 3768/1829/3768 2446/1830/2446 744/1831/744 1544/1832/1544
f 3767/1833/3767 2447/1834/2447 901/1835/901 2448/1836/2448
f 3766/1837/3766 2087/1838/2087 743/1839/743 2449/1840/2449
f 3765/1841/3765 2450/1842/2450 297/1843/297 1097/1844/1097
f 3764/1845/3764 2451/1846/2451 902/1847/902 2452/1848/2452
f 3763/1849/3763 2086/1850/2086 742/1851/742 2453/1852/2453
f 3762/1853/3762 2454/1854/2454 741/1855/741 1541/1856/1541
f 3761/1857/3761 2455/1858/2455 903/1859/903 2456/1860/2456
f 3760/1861/3760 1867/1862/1867 523/1863/523 2457/1864/2457
f 3759/1865/3759 2458/1866/2458 740/1867/740 1540/1868/1540
f 3758/1869/3758 2459/1870/2459 904/1871/904 2460/1872/2460
f 3757/1873/3757 2083/1874/2083 739/1875/739 2461/1876/2461
f 3756/1877/3756 2462/1878/2462 380/1879/380 1180/1880/1180
f 3755/1881/3755 2463/1882/2463 905/1883/905 2464/1884/2464
f 3754/1885/3754 2082/1886/2082 738/1887/738 2465/1888/2465
f 3753/1889/3753 2466/1890/2466 737/1891/737 1537/1892/1537
f 3752/1893/3752 2467/1894/2467 906/1895/906 2468/1896/2468
f 3751/1897/3751 1854/1898/1854 510/1899/510 2469/1900/2469
f 3750/1901/3750 2470/1902/2470 736/1903/736 1536/1904/1536
f 3749/1905/3749 2471/1906/2471 907/1907/907 2472/1908/2472
f 3748/1909/3748 2079/1910/2079 735/1911/735 2473/1912/2473
f 3747/1913/3747 2474/1914/2474 381/1915/381 1181/1916/1181
f 3746/1917/3746 2475/1918/2475 908/1919/908 2476/1920/2476
f 3745/1921/3745 2078/1922/2078 734/1923/734 2477/1924/2477
f 3744/1925/3744 2478/1926/2478 733/1927/733 1533/1928/1533
f 3743/1929/3743 2479/1930/2479 909/1931/909 2480/1932/2480
f 3742/1933/3742 1870/1934/1870 526/1935/526 2481/1936/2481
f 3741/1937/3741 2482/1938/2482 732/1939/732 1532/1940/1532
f 3740/1941/3740 2483/1942/2483 910/1943/910 2484/1944/2484
f 3739/1945/3739 2075/1946/2075 731/1947/731 2485/1948/2485
f 3738/1949/3738 2486/1950/2486 325/1951/325 1125/1952/1125
f 3737/1953/3737 2487/1954/2487 911/1955/911 2488/1956/2488
f 3736/1957/3736 2074/1958/2074 730/1959/730 2489/1960/2489
f 3735/1961/3735 2490/1962/2490 729/1963/729 1529/1964/1529
f 3734/1965/3734 2491/1966/2491 912/1967/912 2492/1968/2492
f 3733/1969/3733 1871/1970/1871 527/1971/527 2493/1972/2493
f 3732/1973/3732 2494/1974/2494 728/1975/728 1528/1976/1528
f 3731/1977/3731 2495/1978/2495 913/1979/913 2496/1980/2496
f 3730/1981/3730 2071/1982/2071 727/1983/727 2497/1984/2497
f 3729/1985/3729 2498/1986/2498 384/1987/384 1184/1988/1184
f 3728/1989/3728 2499/1990/2499 914/1991/914 2500/1992/2500
f 3727/1993/3727 2070/1994/2070 726/1995/726 2501/1996/2501
f 3726/1997/3726 2502/1998/2502 725/1999/725 1525/2000/1525
f 3725/2001/3725 2503/2002/2503 915/2003/915 2504/2004/2504
f 3724/2005/3724 1838/2006/1838 494/2007/494 2505/2008/2505
f 3723/2009/3723 2506/2010/2506 724/2011/724 1524/2012/1524
f 3722/2013/3722 2507/2014/2507 916/2015/916 2508/2016/2508
f 3721/2017/3721 2067/2018/2067 723/2019/723 2509/2020/2509
f 3720/2021/3720 2510/2022/2510 385/2023/385 1185/2024/1185
f 3719/2025/3719 2511/2026/2511 917/2027/917 2512/2028/2512
f 3718/2029/3718 2066/2030/2066 722/2031/722 2513/2032/2513
f 3717/2033/3717 2514/2034/2514 721/2035/721 1521/2036/1521
f 3716/2037/3716 2515/2038/2515 918/2039/918 2516/2040/2516
f 3715/2041/3715 1874/2042/1874 530/2043/530 2517/2044/2517
f 3714/2045/3714 2518/2046/2518 720/2047/720 1520/2048/1520
f 3713/2049/3713 2519/2050/2519 919/2051/919 2520/2052/2520
f 3712/2053/3712 2063/2054/2063 719/2055/719 2521/2056/2521
f 3711/2057/3711 2522/2058/2522 324/2059/324 1124/2060/1124
f 3710/2061/3710 2523/2062/2523 920/2063/920 2524/2064/2524
f 3709/2065/3709 2062/2066/2062 718/2067/718 2525/2068/2525
f 3708/2069/3708 2526/2070/2526 717/2071/717 1517/2072/1517
f 3707/2073/3707 2527/2074/2527 921/2075/921 2528/2076/2528
f 3706/2077/3706 1875/2078/1875 531/2079/531 2529/2080/2529
f 3705/2081/3705 2530/2082/2530 716/2083/716 1516/2084/1516
f 3704/2085/3704 2531/2086/2531 922/2087/922 2532/2088/2532
f 3703/2089/3703 2059/2090/2059 715/2091/715 2533/2092/2533
f 3702/2093/3702 2534/2094/2534 388/2095/388 1188/2096/1188
f 3701/2097/3701 2535/2098/2535 923/2099/923 2536/2100/2536
f 3700/2101/3700 2058/2102/2058 714/2103/714 2537/2104/2537
f 3699/2105/3699 2538/2106/2538 713/2107/713 1513/2108/1513
f 3698/2109/3698 2539/2110/2539 924/2111/924 2540/2112/2540
f 3697/2113/3697 1851/2114/1851 507/2115/507 2541/2116/2541
f 3696/2117/3696 2542/2118/2542 712/2119/712 1512/2120/1512
f 3695/2121/3695 2543/2122/2543 925/2123/925 2544/2124/2544
f 3694/2125/3694 2055/2126/2055 711/2127/711 2545/2128/2545
f 3693/2129/3693 2546/2130/2546 389/2131/389 1189/2132/1189
f 3692/2133/3692 2547/2134/2547 926/2135/926 2548/2136/2548
f 3691/2137/3691 2054/2138/2054 710/2139/710 2549/2140/2549
f 3690/2141/3690 2550/2142/2550 709/2143/709 1509/2144/1509
f 3689/2145/3689 2551/2146/2551 927/2147/927 2552/2148/2552
f 3688/2149/3688 1878/2150/1878 534/2151/534 2553/2152/2553
f 3687/2153/3687 2554/2154/2554 708/2155/708 1508/2156/1508
f 3686/2157/3686 2555/2158/2555 928/2159/928 2556/2160/2556
f 3685/2161/3685 2051/2162/2051 707/2163/707 2557/2164/2557
f 3684/2165/3684 2558/2166/2558 293/2167/293 1093/2168/1093
f 3683/2169/3683 2559/2170/2559 929/2171/929 2560/2172/2560
f 3682/2173/3682 2050/2174/2050 706/2175/706 2561/2176/2561
f 3681/2177/3681 2562/2178/2562 705/2179/705 1505/2180/1505
f 3680/2181/3680 2563/2182/2563 930/2183/930 2564/2184/2564
f 3679/2185/3679 1879/2186/1879 535/2187/535 2565/2188/2565
f 3678/2189/3678 2566/2190/2566 704/2191/704 1504/2192/1504
f 3677/2193/3677 2567/2194/2567 931/2195/931 2568/2196/2568
f 3676/2197/3676 2047/2198/2047 703/2199/703 2569/2200/2569
f 3675/2201/3675 2570/2202/2570 392/2203/392 1192/2204/1192
f 3674/2205/3674 2571/2206/2571 932/2207/932 2572/2208/2572
f 3673/2209/3673 2046/2210/2046 702/2211/702 2573/2212/2573
f 3672/2213/3672 2574/2214/2574 701/2215/701 1501/2216/1501
f 3671/2217/3671 2575/2218/2575 933/2219/933 2576/2220/2576
f 3670/2221/3670 1850/2222/1850 506/2223/506 2577/2224/2577
f 3669/2225/3669 2578/2226/2578 700/2227/700 1500/2228/1500
f 3668/2229/3668 2579/2230/2579 934/2231/934 2580/2232/2580
f 3667/2233/3667 2043/2234/2043 699/2235/699 2581/2236/2581
f 3666/2237/3666 2582/2238/2582 393/2239/393 1193/2240/1193
f 3665/2241/3665 2583/2242/2583 935/2243/935 2584/2244/2584
f 3664/2245/3664 2042/2246/2042 698/2247/698 2585/2248/2585
f 3663/2249/3663 2586/2250/2586 697/2251/697 1497/2252/1497
f 3662/2253/3662 2587/2254/2587 936/2255/936 2588/2256/2588
f 3661/2257/3661 1882/2258/1882 538/2259/538 2589/2260/2589
f 3660/2261/3660 2590/2262/2590 696/2263/696 1496/2264/1496
f 3659/2265/3659 2591/2266/2591 937/2267/937 2592/2268/2592
f 3658/2269/3658 2039/2270/2039 695/2271/695 2593/2272/2593
f 3657/2273/3657 2594/2274/2594 321/2275/321 1121/2276/1121
f 3656/2277/3656 2595/2278/2595 938/2279/938 2596/2280/2596
f 3655/2281/3655 2038/2282/2038 694/2283/694 2597/2284/2597
f 3654/2285/3654 2598/2286/2598 693/2287/693 1493/2288/1493
f 3653/2289/3653 2599/2290/2599 939/2291/939 2600/2292/2600
f 3652/2293/3652 1883/2294/1883 539/2295/539 2601/2296/2601
f 3651/2297/3651 2602/2298/2602 692/2299/692 1492/2300/1492
f 3650/2301/3650 2603/2302/2603 940/2303/940 2604/2304/2604
f 3649/2305/3649 2035/2306/2035 691/2307/691 2605/2308/2605
f 3648/2309/3648 2606/2310/2606 396/2311/396 1196/2312/1196
f 3647/2313/3647 2607/2314/2607 941/2315/941 2608/2316/2608
f 3646/2317/3646 2034/2318/2034 690/2319/690 2609/2320/2609
f 3645/2321/3645 2610/2322/2610 689/2323/689 1489/2324/1489
f 3644/2325/3644 2611/2326/2611 942/2327/942 2612/2328/2612
f 3643/2329/3643 1839/2330/1839 495/2331/495 2613/2332/2613
f 3642/2333/3642 2614/2334/2614 688/2335/688 1488/2336/1488
f 3641/2337/3641 2615/2338/2615 943/2339/943 2616/2340/2616
f 3640/2341/3640 2031/2342/2031 687/2343/687 2617/2344/2617
f 3639/2345/3639 2618/2346/2618 397/2347/397 1197/2348/1197
f 3638/2349/3638 2619/2350/2619 944/2351/944 2620/2352/2620
f 3637/2353/3637 2030/2354/2030 686/2355/686 2621/2356/2621
f 3636/2357/3636 2622/2358/2622 685/2359/685 1485/2360/1485
f 3635/2361/3635 2623/2362/2623 945/2363/945 2624/2364/2624
f 3634/2365/3634 1886/2366/1886 542/2367/542 2625/2368/2625
f 3633/2369/3633 2626/2370/2626 684/2371/684 1484/2372/1484
f 3632/2373/3632 2627/2374/2627 946/2375/946 2628/2376/2628
f 3631/2377/3631 2027/2378/2027 683/2379/683 2629/2380/2629
f 3630/2381/3630 2630/2382/2630 320/2383/320 1120/2384/1120
f 3629/2385/3629 2631/2386/2631 947/2387/947 2632/2388/2632
f 3628/2389/3628 2026/2390/2026 682/2391/682 2633/2392/2633
f 3627/2393/3627 2634/2394/2634 681/2395/681 1481/2396/1481
f 3626/2397/3626 2635/2398/2635 948/2399/948 2636/2400/2636
f 3625/2401/3625 1887/2402/1887 543/2403/543 2637/2404/2637
f 3624/2405/3624 2638/2406/2638 680/2407/680 1480/2408/1480
f 3623/2409/3623 2639/2410/2639 949/2411/949 2640/2412/2640
f 3622/2413/3622 2023/2414/2023 679/2415/679 2641/2416/2641
f 3621/2417/3621 2642/2418/2642 400/2419/400 1200/2420/1200
f 3620/2421/3620 2643/2422/2643 950/2423/950 2644/2424/2644
f 3619/2425/3619 2022/2426/2022 678/2427/678 2645/2428/2645
f 3618/2429/3618 2646/2430/2646 677/2431/677 1477/2432/1477
f 3617/2433/3617 2647/2434/2647 951/2435/951 2648/2436/2648
f 3616/2437/3616 1847/2438/1847 503/2439/503 2649/2440/2649
f 3615/2441/3615 2650/2442/2650 676/2443/676 1476/2444/1476
f 3614/2445/3614 2651/2446/2651 952/2447/952 2652/2448/2652
f 3613/2449/3613 2019/2450/2019 675/2451/675 2653/2452/2653
f 3612/2453/3612 2654/2454/2654 401/2455/401 1201/2456/1201
f 3611/2457/3611 2655/2458/2655 953/2459/953 2656/2460/2656
f 3610/2461/3610 2018/2462/2018 674/2463/674 2657/2464/2657
f 3609/2465/3609 2658/2466/2658 673/2467/673 1473/2468/1473
f 3608/2469/3608 2659/2470/2659 954/2471/954 2660/2472/2660
f 3607/2473/3607 1890/2474/1890 546/2475/546 2661/2476/2661
f 3606/2477/3606 2662/2478/2662 672/2479/672 1472/2480/1472
f 3605/2481/3605 2663/2482/2663 955/2483/955 2664/2484/2664
f 3604/2485/3604 2015/2486/2015 671/2487/671 2665/2488/2665
f 3603/2489/3603 2666/2490/2666 300/2491/300 1100/2492/1100
f 3602/2493/3602 2667/2494/2667 956/2495/956 2668/2496/2668
f 3601/2497/3601 2014/2498/2014 670/2499/670 2669/2500/2669
f 3600/2501/3600 2670/2502/2670 669/2503/669 1469/2504/1469
f 3599/2505/3599 2671/2506/2671 957/2507/957 2672/2508/2672
f 3598/2509/3598 1891/2510/1891 547/2511/547 2673/2512/2673
f 3597/2513/3597 2674/2514/2674 668/2515/668 1468/2516/1468
f 3596/2517/3596 2675/2518/2675 958/2519/958 2676/2520/2676
f 3595/2521/3595 2011/2522/2011 667/2523/667 2677/2524/2677
f 3594/2525/3594 2678/2526/2678 404/2527/404 1204/2528/1204
f 3593/2529/3593 2679/2530/2679 959/2531/959 2680/2532/2680
f 3592/2533/3592 2010/2534/2010 666/2535/666 2681/2536/2681
f 3591/2537/3591 2682/2538/2682 665/2539/665 1465/2540/1465
f 3590/2541/3590 2683/2542/2683 960/2543/960 2684/2544/2684
f 3589/2545/3589 1846/2546/1846 502/2547/502 2685/2548/2685
f 3588/2549/3588 2686/2550/2686 664/2551/664 1464/2552/1464
f 3587/2553/3587 2687/2554/2687 961/2555/961 2688/2556/2688
f 3586/2557/3586 2007/2558/2007 663/2559/663 2689/2560/2689
f 3585/2561/3585 2690/2562/2690 405/2563/405 1205/2564/1205
f 3584/2565/3584 2691/2566/2691 962/2567/962 2692/2568/2692
f 3583/2569/3583 2006/2570/2006 662/2571/662 2693/2572/2693
f 3582/2573/3582 2694/2574/2694 661/2575/661 1461/2576/1461
f 3581/2577/3581 2695/2578/2695 963/2579/963 2696/2580/2696
f 3580/2581/3580 1894/2582/1894 550/2583/550 2697/2584/2697
f 3579/2585/3579 2698/2586/2698 660/2587/660 1460/2588/1460
f 3578/2589/3578 2699/2590/2699 964/2591/964 2700/2592/2700
f 3577/2593/3577 2003/2594/2003 659/2595/659 2701/2596/2701
f 3576/2597/3576 2702/2598/2702 317/2599/317 1117/2600/1117
f 3575/2601/3575 2703/2602/2703 965/2603/965 2704/2604/2704
f 3574/2605/3574 2002/2606/2002 658/2607/658 2705/2608/2705
f 3573/2609/3573 2706/2610/2706 657/2611/657 1457/2612/1457
f 3572/2613/3572 2707/2614/2707 966/2615/966 2708/2616/2708
f 3571/2617/3571 1895/2618/1895 551/2619/551 2709/2620/2709
f 3570/2621/3570 2710/2622/2710 656/2623/656 1456/2624/1456
f 3569/2625/3569 2711/2626/2711 967/2627/967 2712/2628/2712
f 3568/2629/3568 1999/2630/1999 655/2631/655 2713/2632/2713
f 3567/2633/3567 2714/2634/2714 408/2635/408 1208/2636/1208
f 3566/2637/3566 2715/2638/2715 968/2639/968 2716/2640/2716
f 3565/2641/3565 1998/2642/1998 654/2643/654 2717/2644/2717
f 3564/2645/3564 2718/2646/2718 653/2647/653 1453/2648/1453
f 3563/2649/3563 2719/2650/2719 969/2651/969 2720/2652/2720
f 3562/2653/3562 1836/2654/1836 492/2655/492 2721/2656/2721
f 3561/2657/3561 2722/2658/2722 652/2659/652 1452/2660/1452
f 3560/2661/3560 2723/2662/2723 970/2663/970 2724/2664/2724
f 3559/2665/3559 1995/2666/1995 651/2667/651 2725/2668/2725
f 3558/2669/3558 2726/2670/2726 409/2671/409 1209/2672/1209
f 3557/2673/3557 2727/2674/2727 971/2675/971 2728/2676/2728
f 3556/2677/3556 1994/2678/1994 650/2679/650 2729/2680/2729
f 3555/2681/3555 2730/2682/2730 649/2683/649 1449/2684/1449
f 3554/2685/3554 2731/2686/2731 972/2687/972 2732/2688/2732
f 3553/2689/3553 1898/2690/1898 554/2691/554 2733/2692/2733
f 3552/2693/3552 2734/2694/2734 648/2695/648 1448/2696/1448
f 3551/2697/3551 2735/2698/2735 973/2699/973 2736/2700/2736
f 3550/2701/3550 1991/2702/1991 647/2703/647 2737/2704/2737
f 3549/2705/3549 2738/2706/2738 316/2707/316 1116/2708/1116
f 3548/2709/3548 2739/2710/2739 974/2711/974 2740/2712/2740
f 3547/2713/3547 1990/2714/1990 646/2715/646 2741/2716/2741
f 3546/2717/3546 2742/2718/2742 645/2719/645 1445/2720/1445
f 3545/2721/3545 2743/2722/2743 975/2723/975 2744/2724/2744
f 3544/2725/3544 1899/2726/1899 555/2727/555 2745/2728/2745
f 3543/2729/3543 2746/2730/2746 644/2731/644 1444/2732/1444
f 3542/2733/3542 2747/2734/2747 976/2735/976 2748/2736/2748
f 3541/2737/3541 1987/2738/1987 643/2739/643 2749/2740/2749
f 3540/2741/3540 2750/2742/2750 412/2743/412 1212/2744/1212
f 3539/2745/3539 2751/2746/2751 977/2747/977 2752/2748/2752
f 3538/2749/3538 1986/2750/1986 642/2751/642 2753/2752/2753
f 3537/2753/3537 2754/2754/2754 641/2755/641 1441/2756/1441
f 3536/2757/3536 2755/2758/2755 978/2759/978 2756/2760/2756
f 3535/2761/3535 1843/2762/1843 499/2763/499 2757/2764/2757
f 3534/2765/3534 2758/2766/2758 640/2767/640 1440/2768/1440
f 3533/2769/3533 2759/2770/2759 979/2771/979 2760/2772/2760
f 3532/2773/3532 1983/2774/1983 639/2775/639 2761/2776/2761
f 3531/2777/3531 2762/2778/2762 413/2779/413 1213/2780/1213
f 3530/2781/3530 2763/2782/2763 980/2783/980 2764/2784/2764
f 3529/2785/3529 1982/2786/1982 638/2787/638 2765/2788/2765
f 3528/2789/3528 2766/2790/2766 637/2791/637 1437/2792/1437
f 3527/2793/3527 2767/2794/2767 981/2795/981 2768/2796/2768
f 3526/2797/3526 1902/2798/1902 558/2799/558 2769/2800/2769
f 3525/2801/3525 2770/2802/2770 636/2803/636 1436/2804/1436
f 3524/2805/3524 2771/2806/2771 982/2807/982 2772/2808/2772
f 3523/2809/3523 1979/2810/1979 635/2811/635 2773/2812/2773
f 3522/2813/3522 2774/2814/2774 301/2815/301 1101/2816/1101
f 3521/2817/3521 2775/2818/2775 983/2819/983 2776/2820/2776
f 3520/2821/3520 1978/2822/1978 634/2823/634 2777/2824/2777
f 3519/2825/3519 2778/2826/2778 633/2827/633 1433/2828/1433
f 3518/2829/3518 2779/2830/2779 984/2831/984 2780/2832/2780
f 3517/2833/3517 1903/2834/1903 559/2835/559 2781/2836/2781
f 3516/2837/3516 2782/2838/2782 632/2839/632 1432/2840/1432
f 3515/2841/3515 2783/2842/2783 985/2843/985 2784/2844/2784
f 3514/2845/3514 1975/2846/1975 631/2847/631 2785/2848/2785
f 3513/2849/3513 2786/2850/2786 416/2851/416 1216/2852/1216
f 3512/2853/3512 2787/2854/2787 986/2855/986 2788/2856/2788
f 3511/2857/3511 1974/2858/1974 630/2859/630 2789/2860/2789
f 3510/2861/3510 2790/2862/2790 629/2863/629 1429/2864/1429
f 3509/2865/3509 2791/2866/2791 987/2867/987 2792/2868/2792
f 3508/2869/3508 1842/2870/1842 498/2871/498 2793/2872/2793
f 3507/2873/3507 2794/2874/2794 628/2875/628 1428/2876/1428
f 3506/2877/3506 2795/2878/2795 988/2879/988 2796/2880/2796
f 3505/2881/3505 1971/2882/1971 627/2883/627 2797/2884/2797
f 3504/2885/3504 2798/2886/2798 417/2887/417 1217/2888/1217
f 3503/2889/3503 2799/2890/2799 989/2891/989 2800/2892/2800
f 3502/2893/3502 1970/2894/1970 626/2895/626 2801/2896/2801
f 3501/2897/3501 2802/2898/2802 625/2899/625 1425/2900/1425
f 3500/2901/3500 2803/2902/2803 990/2903/990 2804/2904/2804
f 3499/2905/3499 1906/2906/1906 562/2907/562 2805/2908/2805
f 3498/2909/3498 2806/2910/2806 624/2911/624 1424/2912/1424
f 3497/2913/3497 2807/2914/2807 991/2915/991 2808/2916/2808
f 3496/2917/3496 1967/2918/1967 623/2919/623 2809/2920/2809
f 3495/2921/3495 2810/2922/2810 313/2923/313 1113/2924/1113
f 3494/2925/3494 2811/2926/2811 992/2927/992 2812/2928/2812
f 3493/2929/3493 1966/2930/1966 622/2931/622 2813/2932/2813
f 3492/2933/3492 2814/2934/2814 621/2935/621 1421/2936/1421
f 3491/2937/3491 2815/2938/2815 993/2939/993 2816/2940/2816
f 3490/2941/3490 1907/2942/1907 563/2943/563 2817/2944/2817
f 3489/2945/3489 2818/2946/2818 620/2947/620 1420/2948/1420
f 3488/2949/3488 2819/2950/2819 994/2951/994 2820/2952/2820
f 3487/2953/3487 1963/2954/1963 619/2955/619 2821/2956/2821
f 3486/2957/3486 2822/2958/2822 420/2959/420 1220/2960/1220
f 3485/2961/3485 2823/2962/2823 995/2963/995 2824/2964/2824
f 3484/2965/3484 1962/2966/1962 618/2967/618 2825/2968/2825
f 3483/2969/3483 2826/2970/2826 617/2971/617 1417/2972/1417
f 3482/2973/3482 2827/2974/2827 996/2975/996 2828/2976/2828
f 3481/2977/3481 1824/2978/1824 480/2979/480 2829/2980/2829
f 3480/2981/3480 2830/2982/2830 616/2983/616 1416/2984/1416
f 3479/2985/3479 2831/2986/2831 997/2987/997 2832/2988/2832
f 3478/2989/3478 1959/2990/1959 615/2991/615 2833/2992/2833
f 3477/2993/3477 2834/2994/2834 421/2995/421 1221/2996/1221
f 3476/2997/3476 2835/2998/2835 998/2999/998 2836/3000/2836
f 3475/3001/3475 1958/3002/1958 614/3003/614 2837/3004/2837
f 3474/3005/3474 2838/3006/2838 613/3007/613 1413/3008/1413
f 3473/3009/3473 2839/3010/2839 999/3011/999 2840/3012/2840
f 3472/3013/3472 1910/3014/1910 566/3015/566 2841/3016/2841
f 3471/3017/3471 2842/3018/2842 612/3019/612 1412/3020/1412
f 3470/3021/3470 2843/3022/2843 1000/3023/1000 2844/3024/2844
f 3469/3025/3469 1955/3026/1955 611/3027/611 2845/3028/2845
f 3468/3029/3468 2846/3030/2846 312/3031/312 1112/3032/1112
f 3467/3033/3467 2847/3034/2847 1001/3035/1001 2848/3036/2848
f 3466/3037/3466 1954/3038/1954 610/3039/610 2849/3040/2849
f 3465/3041/3465 2850/3042/2850 609/3043/609 1409/3044/1409
f 3464/3045/3464 2851/3046/2851 1002/3047/1002 2852/3048/2852
f 3463/3049/3463 1911/3050/1911 567/3051/567 2853/3052/2853
f 3462/3053/3462 2854/3054/2854 608/3055/608 1408/3056/1408
f 3461/3057/3461 2855/3058/2855 1003/3059/1003 2856/3060/2856
f 3460/3061/3460 1951/3062/1951 607/3063/607 2857/3064/2857
f 3459/3065/3459 2858/3066/2858 424/3067/424 1224/3068/1224
f 3458/3069/3458 2859/3070/2859 1004/3071/1004 2860/3072/2860
f 3457/3073/3457 1950/3074/1950 606/3075/606 2861/3076/2861
f 3456/3077/3456 2862/3078/2862 605/3079/605 1405/3080/1405
f 3455/3081/3455 2863/3082/2863 1005/3083/1005 2864/3084/2864
f 3454/3085/3454 1827/3086/1827 483/3087/483 2865/3088/2865
f 3453/3089/3453 2866/3090/2866 604/3091/604 1404/3092/1404
f 3452/3093/3452 2867/3094/2867 1006/3095/1006 2868/3096/2868
f 3451/3097/3451 1947/3098/1947 603/3099/603 2869/3100/2869
f 3450/3101/3450 2870/3102/2870 425/3103/425 1225/3104/1225
f 3449/3105/3449 2871/3106/2871 1007/3107/1007 2872/3108/2872
f 3448/3109/3448 1946/3110/1946 602/3111/602 2873/3112/2873
f 3447/3113/3447 2874/3114/2874 601/3115/601 1401/3116/1401
f 3446/3117/3446 2875/3118/2875 1008/3119/1008 2876/3120/2876
f 3445/3121/3445 1914/3122/1914 570/3123/570 2877/3124/2877
f 3444/3125/3444 2878/3126/2878 600/3127/600 1400/3128/1400
f 3443/3129/3443 2879/3130/2879 1009/3131/1009 2880/3132/2880
f 3442/3133/3442 1943/3134/1943 599/3135/599 2881/3136/2881
f 3441/3137/3441 2882/3138/2882 305/3139/305 1105/3140/1105
f 3440/3141/3440 2883/3142/2883 1010/3143/1010 2884/3144/2884
f 3439/3145/3439 1942/3146/1942 598/3147/598 2885/3148/2885
f 3438/3149/3438 2886/3150/2886 597/3151/597 1397/3152/1397
f 3437/3153/3437 2887/3154/2887 1011/3155/1011 2888/3156/2888
f 3436/3157/3436 1915/3158/1915 571/3159/571 2889/3160/2889
f 3435/3161/3435 2890/3162/2890 596/3163/596 1396/3164/1396
f 3434/3165/3434 2891/3166/2891 1012/3167/1012 2892/3168/2892
f 3433/3169/3433 1939/3170/1939 595/3171/595 2893/3172/2893
f 3432/3173/3432 2894/3174/2894 428/3175/428 1228/3176/1228
f 3431/3177/3431 2895/3178/2895 1013/3179/1013 2896/3180/2896
f 3430/3181/3430 1938/3182/1938 594/3183/594 2897/3184/2897
f 3429/3185/3429 2898/3186/2898 593/3187/593 1393/3188/1393
f 3428/3189/3428 2899/3190/2899 1014/3191/1014 2900/3192/2900
f 3427/3193/3427 1826/3194/1826 482/3195/482 2901/3196/2901
f 3426/3197/3426 2902/3198/2902 592/3199/592 1392/3200/1392
f 3425/3201/3425 2903/3202/2903 1015/3203/1015 2904/3204/2904
f 3424/3205/3424 1935/3206/1935 591/3207/591 2905/3208/2905
f 3423/3209/3423 2906/3210/2906 429/3211/429 1229/3212/1229
f 3422/3213/3422 2907/3214/2907 1016/3215/1016 2908/3216/2908
f 3421/3217/3421 1934/3218/1934 590/3219/590 2909/3220/2909
f 3420/3221/3420 2910/3222/2910 589/3223/589 1389/3224/1389
f 3419/3225/3419 2911/3226/2911 1017/3227/1017 2912/3228/2912
f 3418/3229/3418 1918/3230/1918 574/3231/574 2913/3232/2913
f 3417/3233/3417 2914/3234/2914 588/3235/588 1388/3236/1388
f 3416/3237/3416 2915/3238/2915 1018/3239/1018 2916/3240/2916
f 3415/3241/3415 1931/3242/1931 587/3243/587 2917/3244/2917
f 3414/3245/3414 2918/3246/2918 309/3247/309 1109/3248/1109
f 3413/3249/3413 2919/3250/2919 1019/3251/1019 2920/3252/2920
f 3412/3253/3412 1930/3254/1930 586/3255/586 2921/3256/2921
f 3411/3257/3411 2922/3258/2922 585/3259/585 1385/3260/1385
f 3410/3261/3410 2923/3262/2923 1020/3263/1020 2924/3264/2924
f 3409/3265/3409 1919/3266/1919 575/3267/575 2925/3268/2925
f 3408/3269/3408 2926/3270/2926 584/3271/584 1384/3272/1384
f 3407/3273/3407 2927/3274/2927 1021/3275/1021 2928/3276/2928
f 3406/3277/3406 1927/3278/1927 583/3279/583 2929/3280/2929
f 3405/3281/3405 2930/3282/2930 432/3283/432 1232/3284/1232
f 3404/3285/3404 2931/3286/2931 1022/3287/1022 2932/3288/2932
f 3403/3289/3403 1926/3290/1926 582/3291/582 2933/3292/2933
f 3402/3293/3402 2934/3294/2934 581/3295/581 1381/3296/1381
f 3401/3297/3401 2935/3298/2935 1023/3299/1023 2936/3300/2936
f 3400/3301/3400 1820/3302/1820 476/3303/476 2937/3304/2937
f 3399/3305/3399 2938/3306/2938 580/3307/580 1380/3308/1380
f 3398/3309/3398 2939/3310/2939 1024/3311/1024 2940/3312/2940
f 3397/3313/3397 1923/3314/1923 579/3315/579 2941/3316/2941
f 3396/3317/3396 2942/3318/2942 433/3319/433 1233/3320/1233
f 3395/3321/3395 2943/3322/2943 1025/3323/1025 2944/3324/2944
f 3394/3325/3394 1922/3326/1922 578/3327/578 2945/3328/2945
f 3393/3329/3393 2946/3330/2946 577/3331/577 1377/3332/1377
f 3392/3333/3392 2947/3334/2947 1026/3335/1026 2948/3336/2948
f 3391/3337/3391 1676/3338/1676 332/3339/332 2949/3340/2949
f 3390/3341/3390 2950/3342/2950 576/3343/576 1376/3344/1376
f 3389/3345/3389 2951/3346/2951 1027/3347/1027 2952/3348/2952
f 3388/3349/3388 1775/3350/1775 431/3351/431 2953/3352/2953
f 3387/3353/3387 2954/3354/2954 453/3355/453 1253/3356/1253
f 3386/3357/3386 2955/3358/2955 1028/3359/1028 2956/3360/2956
f 3385/3361/3385 1774/3362/1774 430/3363/430 2957/3364/2957
f 3384/3365/3384 2958/3366/2958 573/3367/573 1373/3368/1373
f 3383/3369/3383 2959/3370/2959 1029/3371/1029 2960/3372/2960
f 3382/3373/3382 1682/3374/1682 338/3375/338 2961/3376/2961
f 3381/3377/3381 2962/3378/2962 572/3379/572 1372/3380/1372
f 3380/3381/3380 2963/3382/2963 1030/3383/1030 2964/3384/2964
f 3379/3385/3379 1771/3386/1771 427/3387/427 2965/3388/2965
f 3378/3389/3378 2966/3390/2966 449/3391/449 1249/3392/1249
f 3377/3393/3377 2967/3394/2967 1031/3395/1031 2968/3396/2968
f 3376/3397/3376 1770/3398/1770 426/3399/426 2969/3400/2969
f 3375/3401/3375 2970/3402/2970 569/3403/569 1369/3404/1369
f 3374/3405/3374 2971/3406/2971 1032/3407/1032 2972/3408/2972
f 3373/3409/3373 1683/3410/1683 339/3411/339 2973/3412/2973
f 3372/3413/3372 2974/3414/2974 568/3415/568 1368/3416/1368
f 3371/3417/3371 2975/3418/2975 1033/3419/1033 2976/3420/2976
f 3370/3421/3370 1767/3422/1767 423/3423/423 2977/3424/2977
f 3369/3425/3369 2978/3426/2978 456/3427/456 1256/3428/1256
f 3368/3429/3368 2979/3430/2979 1034/3431/1034 2980/3432/2980
f 3367/3433/3367 1766/3434/1766 422/3435/422 2981/3436/2981
f 3366/3437/3366 2982/3438/2982 565/3439/565 1365/3440/1365
f 3365/3441/3365 2983/3442/2983 1035/3443/1035 2984/3444/2984
f 3364/3445/3364 1680/3446/1680 336/3447/336 2985/3448/2985
f 3363/3449/3363 2986/3450/2986 564/3451/564 1364/3452/1364
f 3362/3453/3362 2987/3454/2987 1036/3455/1036 2988/3456/2988
f 3361/3457/3361 1763/3458/1763 419/3459/419 2989/3460/2989
f 3360/3461/3360 2990/3462/2990 457/3463/457 1257/3464/1257
f 3359/3465/3359 2991/3466/2991 1037/3467/1037 2992/3468/2992
f 3358/3469/3358 1762/3470/1762 418/3471/418 2993/3472/2993
f 3357/3473/3357 2994/3474/2994 561/3475/561 1361/3476/1361
f 3356/3477/3356 2995/3478/2995 1038/3479/1038 2996/3480/2996
f 3355/3481/3355 1698/3482/1698 354/3483/354 2997/3484/2997
f 3354/3485/3354 2998/3486/2998 560/3487/560 1360/3488/1360
f 3353/3489/3353 2999/3490/2999 1039/3491/1039 3000/3492/3000
f 3352/3493/3352 1759/3494/1759 415/3495/415 3001/3496/3001
f 3351/3497/3351 3002/3498/3002 445/3499/445 1245/3500/1245
f 3350/3501/3350 3003/3502/3003 1040/3503/1040 3004/3504/3004
f 3349/3505/3349 1758/3506/1758 414/3507/414 3005/3508/3005
f 3348/3509/3348 3006/3510/3006 557/3511/557 1357/3512/1357
f 3347/3513/3347 3007/3514/3007 1041/3515/1041 3008/3516/3008
f 3346/3517/3346 1699/3518/1699 355/3519/355 3009/3520/3009
f 3345/3521/3345 3010/3522/3010 556/3523/556 1356/3524/1356
f 3344/3525/3344 3011/3526/3011 1042/3527/1042 3012/3528/3012
f 3343/3529/3343 1755/3530/1755 411/3531/411 3013/3532/3013
f 3342/3533/3342 3014/3534/3014 460/3535/460 1260/3536/1260
f 3341/3537/3341 3015/3538/3015 1043/3539/1043 3016/3540/3016
f 3340/3541/3340 1754/3542/1754 410/3543/410 3017/3544/3017
f 3339/3545/3339 3018/3546/3018 553/3547/553 1353/3548/1353
f 3338/3549/3338 3019/3550/3019 1044/3551/1044 3020/3552/3020
f 3337/3553/3337 1692/3554/1692 348/3555/348 3021/3556/3021
f 3336/3557/3336 3022/3558/3022 552/3559/552 1352/3560/1352
f 3335/3561/3335 3023/3562/3023 1045/3563/1045 3024/3564/3024
f 3334/3565/3334 1751/3566/1751 407/3567/407 3025/3568/3025
f 3333/3569/3333 3026/3570/3026 461/3571/461 1261/3572/1261
f 3332/3573/3332 3027/3574/3027 1046/3575/1046 3028/3576/3028
f 3331/3577/3331 1750/3578/1750 406/3579/406 3029/3580/3029
f 3330/3581/3330 3030/3582/3030 549/3583/549 1349/3584/1349
f 3329/3585/3329 3031/3586/3031 1047/3587/1047 3032/3588/3032
f 3328/3589/3328 1702/3590/1702 358/3591/358 3033/3592/3033
f 3327/3593/3327 3034/3594/3034 548/3595/548 1348/3596/1348
f 3326/3597/3326 3035/3598/3035 1048/3599/1048 3036/3600/3036
f 3325/3601/3325 1747/3602/1747 403/3603/403 3037/3604/3037
f 3324/3605/3324 3038/3606/3038 444/3607/444 1244/3608/1244
f 3323/3609/3323 3039/3610/3039 1049/3611/1049 3040/3612/3040
f 3322/3613/3322 1746/3614/1746 402/3615/402 3041/3616/3041
f 3321/3617/3321 3042/3618/3042 545/3619/545 1345/3620/1345
f 3320/3621/3320 3043/3622/3043 1050/3623/1050 3044/3624/3044
f 3319/3625/3319 1703/3626/1703 359/3627/359 3045/3628/3045
f 3318/3629/3318 3046/3630/3046 544/3631/544 1344/3632/1344
f 3317/3633/3317 3047/3634/3047 1051/3635/1051 3048/3636/3048
f 3316/3637/3316 1743/3638/1743 399/3639/399 3049/3640/3049
f 3315/3641/3315 3050/3642/3050 464/3643/464 1264/3644/1264
f 3314/3645/3314 3051/3646/3051 1052/3647/1052 3052/3648/3052
f 3313/3649/3313 1742/3650/1742 398/3651/398 3053/3652/3053
f 3312/3653/3312 3054/3654/3054 541/3655/541 1341/3656/1341
f 3311/3657/3311 3055/3658/3055 1053/3659/1053 3056/3660/3056
f 3310/3661/3310 1695/3662/1695 351/3663/351 3057/3664/3057
f 3309/3665/3309 3058/3666/3058 540/3667/540 1340/3668/1340
f 3308/3669/3308 3059/3670/3059 1054/3671/1054 3060/3672/3060
f 3307/3673/3307 1739/3674/1739 395/3675/395 3061/3676/3061
f 3306/3677/3306 3062/3678/3062 465/3679/465 1265/3680/1265
f 3305/3681/3305 3063/3682/3063 1055/3683/1055 3064/3684/3064
f 3304/3685/3304 1738/3686/1738 394/3687/394 3065/3688/3065
f 3303/3689/3303 3066/3690/3066 537/3691/537 1337/3692/1337
f 3302/3693/3302 3067/3694/3067 1056/3695/1056 3068/3696/3068
f 3301/3697/3301 1706/3698/1706 362/3699/362 3069/3700/3069
f 3300/3701/3300 3070/3702/3070 536/3703/536 1336/3704/1336
f 3299/3705/3299 3071/3706/3071 1057/3707/1057 3072/3708/3072
f 3298/3709/3298 1735/3710/1735 391/3711/391 3073/3712/3073
f 3297/3713/3297 3074/3714/3074 437/3715/437 1237/3716/1237
f 3296/3717/3296 3075/3718/3075 1058/3719/1058 3076/3720/3076
f 3295/3721/3295 1734/3722/1734 390/3723/390 3077/3724/3077
f 3294/3725/3294 3078/3726/3078 533/3727/533 1333/3728/1333
f 3293/3729/3293 3079/3730/3079 1059/3731/1059 3080/3732/3080
f 3292/3733/3292 1707/3734/1707 363/3735/363 3081/3736/3081
f 3291/3737/3291 3082/3738/3082 532/3739/532 1332/3740/1332
f 3290/3741/3290 3083/3742/3083 1060/3743/1060 3084/3744/3084
f 3289/3745/3289 1731/3746/1731 387/3747/387 3085/3748/3085
f 3288/3749/3288 3086/3750/3086 468/3751/468 1268/3752/1268
f 3287/3753/3287 3087/3754/3087 1061/3755/1061 3088/3756/3088
f 3286/3757/3286 1730/3758/1730 386/3759/386 3089/3760/3089
f 3285/3761/3285 3090/3762/3090 529/3763/529 1329/3764/1329
f 3284/3765/3284 3091/3766/3091 1062/3767/1062 3092/3768/3092
f 3283/3769/3283 1694/3770/1694 350/3771/350 3093/3772/3093
f 3282/3773/3282 3094/3774/3094 528/3775/528 1328/3776/1328
f 3281/3777/3281 3095/3778/3095 1063/3779/1063 3096/3780/3096
f 3280/3781/3280 1727/3782/1727 383/3783/383 3097/3784/3097
f 3279/3785/3279 3098/3786/3098 469/3787/469 1269/3788/1269
f 3278/3789/3278 3099/3790/3099 1064/3791/1064 3100/3792/3100
f 3277/3793/3277 1726/3794/1726 382/3795/382 3101/3796/3101
f 3276/3797/3276 3102/3798/3102 525/3799/525 1325/3800/1325
f 3275/3801/3275 3103/3802/3103 1065/3803/1065 3104/3804/3104
f 3274/3805/3274 1710/3806/1710 366/3807/366 3105/3808/3105
f 3273/3809/3273 3106/3810/3106 524/3811/524 1324/3812/1324
f 3272/3813/3272 3107/3814/3107 1066/3815/1066 3108/3816/3108
f 3271/3817/3271 1723/3818/1723 379/3819/379 3109/3820/3109
f 3270/3821/3270 3110/3822/3110 441/3823/441 1241/3824/1241
f 3269/3825/3269 3111/3826/3111 1067/3827/1067 3112/3828/3112
f 3268/3829/3268 1722/3830/1722 378/3831/378 3113/3832/3113
f 3267/3833/3267 3114/3834/3114 521/3835/521 1321/3836/1321
f 3266/3837/3266 3115/3838/3115 1068/3839/1068 3116/3840/3116
f 3265/3841/3265 1711/3842/1711 367/3843/367 3117/3844/3117
f 3264/3845/3264 3118/3846/3118 520/3847/520 1320/3848/1320
f 3263/3849/3263 3119/3850/3119 1069/3851/1069 3120/3852/3120
f 3262/3853/3262 1719/3854/1719 375/3855/375 3121/3856/3121
f 3261/3857/3261 3122/3858/3122 472/3859/472 1272/3860/1272
f 3260/3861/3260 3123/3862/3123 1070/3863/1070 3124/3864/3124
f 3259/3865/3259 1718/3866/1718 374/3867/374 3125/3868/3125
f 3258/3869/3258 3126/3870/3126 517/3871/517 1317/3872/1317
f 3257/3873/3257 3127/3874/3127 1071/3875/1071 3128/3876/3128
f 3256/3877/3256 1688/3878/1688 344/3879/344 3129/3880/3129
f 3255/3881/3255 3130/3882/3130 516/3883/516 1316/3884/1316
f 3254/3885/3254 3131/3886/3131 1072/3887/1072 3132/3888/3132
f 3253/3889/3253 1715/3890/1715 371/3891/371 3133/3892/3133
f 3252/3893/3252 3134/3894/3134 473/3895/473 1273/3896/1273
f 3251/3897/3251 3135/3898/3135 1073/3899/1073 3136/3900/3136
f 3250/3901/3250 1714/3902/1714 370/3903/370 3137/3904/3137
f 3249/3905/3249 3138/3906/3138 513/3907/513 1313/3908/1313
f 3248/3909/3248 3139/3910/3139 1074/3911/1074 3140/3912/3140
f 3247/3913/3247 1648/3914/1648 304/3915/304 3141/3916/3141
f 3246/3917/3246 3142/3918/3142 512/3919/512 1312/3920/1312
f 3245/3921/3245 3143/3922/3143 1075/3923/1075 3144/3924/3144
f 3244/3925/3244 1671/3926/1671 327/3927/327 3145/3928/3145
f 3243/3929/3243 3146/3930/3146 481/3931/481 1281/3932/1281
f 3242/3933/3242 3147/3934/3147 1076/3935/1076 3148/3936/3148
f 3241/3937/3241 1670/3938/1670 326/3939/326 3149/3940/3149
f 3240/3941/3240 3150/3942/3150 509/3943/509 1309/3944/1309
f 3239/3945/3239 3151/3946/3151 1077/3947/1077 3152/3948/3152
f 3238/3949/3238 1654/3950/1654 310/3951/310 3153/3952/3153
f 3237/3953/3237 3154/3954/3154 508/3955/508 1308/3956/1308
f 3236/3957/3236 3155/3958/3155 1078/3959/1078 3156/3960/3156
f 3235/3961/3235 1667/3962/1667 323/3963/323 3157/3964/3157
f 3234/3965/3234 3158/3966/3158 477/3967/477 1277/3968/1277
f 3233/3969/3233 3159/3970/3159 1079/3971/1079 3160/3972/3160
f 3232/3973/3232 1666/3974/1666 322/3975/322 3161/3976/3161
f 3231/3977/3231 3162/3978/3162 505/3979/505 1305/3980/1305
f 3230/3981/3230 3163/3982/3163 1080/3983/1080 3164/3984/3164
f 3229/3985/3229 1655/3986/1655 311/3987/311 3165/3988/3165
f 3228/3989/3228 3166/3990/3166 504/3991/504 1304/3992/1304
f 3227/3993/3227 3167/3994/3167 1081/3995/1081 3168/3996/3168
f 3226/3997/3226 1663/3998/1663 319/3999/319 3169/4000/3169
f 3225/4001/3225 3170/4002/3170 484/4003/484 1284/4004/1284
f 3224/4005/3224 3171/4006/3171 1082/4007/1082 3172/4008/3172
f 3223/4009/3223 1662/4010/1662 318/4011/318 3173/4012/3173
f 3222/4013/3222 3174/4014/3174 501/4015/501 1301/4016/1301
f 3221/4017/3221 3175/4018/3175 1083/4019/1083 3176/4020/3176
f 3220/4021/3220 1652/4022/1652 308/4023/308 3177/4024/3177
f 3219/4025/3219 3178/4026/3178 500/4027/500 1300/4028/1300
f 3218/4029/3218 3179/4030/3179 1084/4031/1084 3180/4032/3180
f 3217/4033/3217 1659/4034/1659 315/4035/315 3181/4036/3181
f 3216/4037/3216 3182/4038/3182 485/4039/485 1285/4040/1285
f 3215/4041/3215 3183/4042/3183 1085/4043/1085 3184/4044/3184
f 3214/4045/3214 1658/4046/1658 314/4047/314 3185/4048/3185
f 3213/4049/3213 3186/4050/3186 497/4051/497 1297/4052/1297
f 3212/4053/3212 3187/4054/3187 1086/4055/1086 3188/4056/3188
f 3211/4057/3211 1640/4058/1640 296/4059/296 3189/4060/3189
f 3210/4061/3210 3190/4062/3190 496/4063/496 1296/4064/1296
f 3209/4065/3209 3191/4066/3191 1087/4067/1087 3192/4068/3192
f 3208/4069/3208 1643/4070/1643 299/4071/299 3193/4072/3193
f 3207/4073/3207 3194/4074/3194 489/4075/489 1289/4076/1289
f 3206/4077/3206 3195/4078/3195 1088/4079/1088 3196/4080/3196
f 3205/4081/3205 1642/4082/1642 298/4083/298 3197/4084/3197
f 3204/4085/3204 3198/4086/3198 493/4087/493 1293/4088/1293
f 3203/4089/3203 3199/4090/3199 1089/4091/1089 3200/4092/3200
f 3202/4093/3202 1636/4094/1636 292/4095/292 3201/4096/3201
f 3199/4090/3199 3202/4093/3202 3201/4096/3201 1089/4091/1089
f 833/1027/833 2177/1024/2177 3202/4093/3202 3199/4090/3199
f 2177/1024/2177 84/1023/84 1636/4094/1636 3202/4093/3202
f 2174/1058/2174 3203/4089/3203 3200/4092/3200 830/1059/830
f 289/1019/289 1633/1028/1633 3203/4089/3203 2174/1058/2174
f 1633/1028/1633 833/1027/833 3199/4090/3199 3203/4089/3203
f 1630/1014/1630 3204/4085/3204 1293/4088/1293 141/1015/141
f 830/1059/830 3200/4092/3200 3204/4085/3204 1630/1014/1630
f 3200/4092/3200 1089/4091/1089 3198/4086/3198 3204/4085/3204
f 3195/4078/3195 3205/4081/3205 3197/4084/3197 1088/4079/1088
f 829/1063/829 2173/1012/2173 3205/4081/3205 3195/4078/3195
f 2173/1012/2173 90/1011/90 1642/4082/1642 3205/4081/3205
f 2170/1094/2170 3206/4077/3206 3196/4080/3196 826/1095/826
f 288/1007/288 1629/1064/1629 3206/4077/3206 2170/1094/2170
f 1629/1064/1629 829/1063/829 3195/4078/3195 3206/4077/3206
f 1626/1002/1626 3207/4073/3207 1289/4076/1289 137/1003/137
f 826/1095/826 3196/4080/3196 3207/4073/3207 1626/1002/1626
f 3196/4080/3196 1088/4079/1088 3194/4074/3194 3207/4073/3207
f 3191/4066/3191 3208/4069/3208 3193/4072/3193 1087/4067/1087
f 825/1099/825 2169/1000/2169 3208/4069/3208 3191/4066/3191
f 2169/1000/2169 91/999/91 1643/4070/1643 3208/4069/3208
f 2166/1130/2166 3209/4065/3209 3192/4068/3192 822/1131/822
f 287/995/287 1625/1100/1625 3209/4065/3209 2166/1130/2166
f 1625/1100/1625 825/1099/825 3191/4066/3191 3209/4065/3209
f 1622/990/1622 3210/4061/3210 1296/4064/1296 144/991/144
f 822/1131/822 3192/4068/3192 3210/4061/3210 1622/990/1622
f 3192/4068/3192 1087/4067/1087 3190/4062/3190 3210/4061/3210
f 3187/4054/3187 3211/4057/3211 3189/4060/3189 1086/4055/1086
f 821/1135/821 2165/988/2165 3211/4057/3211 3187/4054/3187
f 2165/988/2165 88/987/88 1640/4058/1640 3211/4057/3211
f 2162/1166/2162 3212/4053/3212 3188/4056/3188 818/1167/818
f 286/983/286 1621/1136/1621 3212/4053/3212 2162/1166/2162
f 1621/1136/1621 821/1135/821 3187/4054/3187 3212/4053/3212
f 1618/978/1618 3213/4049/3213 1297/4052/1297 145/979/145
f 818/1167/818 3188/4056/3188 3213/4049/3213 1618/978/1618
f 3188/4056/3188 1086/4055/1086 3186/4050/3186 3213/4049/3213
f 3183/4042/3183 3214/4045/3214 3185/4048/3185 1085/4043/1085
f 817/1171/817 2161/976/2161 3214/4045/3214 3183/4042/3183
f 2161/976/2161 106/975/106 1658/4046/1658 3214/4045/3214
f 2158/1202/2158 3215/4041/3215 3184/4044/3184 814/1203/814
f 285/971/285 1617/1172/1617 3215/4041/3215 2158/1202/2158
f 1617/1172/1617 817/1171/817 3183/4042/3183 3215/4041/3215
f 1614/966/1614 3216/4037/3216 1285/4040/1285 133/967/133
f 814/1203/814 3184/4044/3184 3216/4037/3216 1614/966/1614
f 3184/4044/3184 1085/4043/1085 3182/4038/3182 3216/4037/3216
f 3179/4030/3179 3217/4033/3217 3181/4036/3181 1084/4031/1084
f 813/1207/813 2157/964/2157 3217/4033/3217 3179/4030/3179
f 2157/964/2157 107/963/107 1659/4034/1659 3217/4033/3217
f 2154/1238/2154 3218/4029/3218 3180/4032/3180 810/1239/810
f 284/959/284 1613/1208/1613 3218/4029/3218 2154/1238/2154
f 1613/1208/1613 813/1207/813 3179/4030/3179 3218/4029/3218
f 1610/954/1610 3219/4025/3219 1300/4028/1300 148/955/148
f 810/1239/810 3180/4032/3180 3219/4025/3219 1610/954/1610
f 3180/4032/3180 1084/4031/1084 3178/4026/3178 3219/4025/3219
f 3175/4018/3175 3220/4021/3220 3177/4024/3177 1083/4019/1083
f 809/1243/809 2153/952/2153 3220/4021/3220 3175/4018/3175
f 2153/952/2153 100/951/100 1652/4022/1652 3220/4021/3220
f 2150/1274/2150 3221/4017/3221 3176/4020/3176 806/1275/806
f 283/947/283 1609/1244/1609 3221/4017/3221 2150/1274/2150
f 1609/1244/1609 809/1243/809 3175/4018/3175 3221/4017/3221
f 1606/942/1606 3222/4013/3222 1301/4016/1301 149/943/149
f 806/1275/806 3176/4020/3176 3222/4013/3222 1606/942/1606
f 3176/4020/3176 1083/4019/1083 3174/4014/3174 3222/4013/3222
f 3171/4006/3171 3223/4009/3223 3173/4012/3173 1082/4007/1082
f 805/1279/805 2149/940/2149 3223/4009/3223 3171/4006/3171
f 2149/940/2149 110/939/110 1662/4010/1662 3223/4009/3223
f 2146/1310/2146 3224/4005/3224 3172/4008/3172 802/1311/802
f 282/935/282 1605/1280/1605 3224/4005/3224 2146/1310/2146
f 1605/1280/1605 805/1279/805 3171/4006/3171 3224/4005/3224
f 1602/930/1602 3225/4001/3225 1284/4004/1284 132/931/132
f 802/1311/802 3172/4008/3172 3225/4001/3225 1602/930/1602
f 3172/4008/3172 1082/4007/1082 3170/4002/3170 3225/4001/3225
f 3167/3994/3167 3226/3997/3226 3169/4000/3169 1081/3995/1081
f 801/1315/801 2145/928/2145 3226/3997/3226 3167/3994/3167
f 2145/928/2145 111/927/111 1663/3998/1663 3226/3997/3226
f 2142/1346/2142 3227/3993/3227 3168/3996/3168 798/1347/798
f 281/923/281 1601/1316/1601 3227/3993/3227 2142/1346/2142
f 1601/1316/1601 801/1315/801 3167/3994/3167 3227/3993/3227
f 1598/918/1598 3228/3989/3228 1304/3992/1304 152/919/152
f 798/1347/798 3168/3996/3168 3228/3989/3228 1598/918/1598
f 3168/3996/3168 1081/3995/1081 3166/3990/3166 3228/3989/3228
f 3163/3982/3163 3229/3985/3229 3165/3988/3165 1080/3983/1080
f 797/1351/797 2141/916/2141 3229/3985/3229 3163/3982/3163
f 2141/916/2141 103/915/103 1655/3986/1655 3229/3985/3229
f 2138/1382/2138 3230/3981/3230 3164/3984/3164 794/1383/794
f 280/911/280 1597/1352/1597 3230/3981/3230 2138/1382/2138
f 1597/1352/1597 797/1351/797 3163/3982/3163 3230/3981/3230
f 1594/906/1594 3231/3977/3231 1305/3980/1305 153/907/153
f 794/1383/794 3164/3984/3164 3231/3977/3231 1594/906/1594
f 3164/3984/3164 1080/3983/1080 3162/3978/3162 3231/3977/3231
f 3159/3970/3159 3232/3973/3232 3161/3976/3161 1079/3971/1079
f 793/1387/793 2137/904/2137 3232/3973/3232 3159/3970/3159
f 2137/904/2137 114/903/114 1666/3974/1666 3232/3973/3232
f 2134/1418/2134 3233/3969/3233 3160/3972/3160 790/1419/790
f 279/899/279 1593/1388/1593 3233/3969/3233 2134/1418/2134
f 1593/1388/1593 793/1387/793 3159/3970/3159 3233/3969/3233
f 1590/894/1590 3234/3965/3234 1277/3968/1277 125/895/125
f 790/1419/790 3160/3972/3160 3234/3965/3234 1590/894/1590
f 3160/3972/3160 1079/3971/1079 3158/3966/3158 3234/3965/3234
f 3155/3958/3155 3235/3961/3235 3157/3964/3157 1078/3959/1078
f 789/1423/789 2133/892/2133 3235/3961/3235 3155/3958/3155
f 2133/892/2133 115/891/115 1667/3962/1667 3235/3961/3235
f 2130/1454/2130 3236/3957/3236 3156/3960/3156 786/1455/786
f 278/887/278 1589/1424/1589 3236/3957/3236 2130/1454/2130
f 1589/1424/1589 789/1423/789 3155/3958/3155 3236/3957/3236
f 1586/882/1586 3237/3953/3237 1308/3956/1308 156/883/156
f 786/1455/786 3156/3960/3156 3237/3953/3237 1586/882/1586
f 3156/3960/3156 1078/3959/1078 3154/3954/3154 3237/3953/3237
f 3151/3946/3151 3238/3949/3238 3153/3952/3153 1077/3947/1077
f 785/1459/785 2129/880/2129 3238/3949/3238 3151/3946/3151
f 2129/880/2129 102/879/102 1654/3950/1654 3238/3949/3238
f 2126/1490/2126 3239/3945/3239 3152/3948/3152 782/1491/782
f 277/875/277 1585/1460/1585 3239/3945/3239 2126/1490/2126
f 1585/1460/1585 785/1459/785 3151/3946/3151 3239/3945/3239
f 1582/870/1582 3240/3941/3240 1309/3944/1309 157/871/157
f 782/1491/782 3152/3948/3152 3240/3941/3240 1582/870/1582
f 3152/3948/3152 1077/3947/1077 3150/3942/3150 3240/3941/3240
f 3147/3934/3147 3241/3937/3241 3149/3940/3149 1076/3935/1076
f 781/1495/781 2125/868/2125 3241/3937/3241 3147/3934/3147
f 2125/868/2125 118/867/118 1670/3938/1670 3241/3937/3241
f 2122/1526/2122 3242/3933/3242 3148/3936/3148 778/1527/778
f 276/863/276 1581/1496/1581 3242/3933/3242 2122/1526/2122
f 1581/1496/1581 781/1495/781 3147/3934/3147 3242/3933/3242
f 1578/858/1578 3243/3929/3243 1281/3932/1281 129/859/129
f 778/1527/778 3148/3936/3148 3243/3929/3243 1578/858/1578
f 3148/3936/3148 1076/3935/1076 3146/3930/3146 3243/3929/3243
f 3143/3922/3143 3244/3925/3244 3145/3928/3145 1075/3923/1075
f 777/1531/777 2121/856/2121 3244/3925/3244 3143/3922/3143
f 2121/856/2121 119/855/119 1671/3926/1671 3244/3925/3244
f 2118/1562/2118 3245/3921/3245 3144/3924/3144 774/1563/774
f 275/851/275 1577/1532/1577 3245/3921/3245 2118/1562/2118
f 1577/1532/1577 777/1531/777 3143/3922/3143 3245/3921/3245
f 1574/846/1574 3246/3917/3246 1312/3920/1312 160/847/160
f 774/1563/774 3144/3924/3144 3246/3917/3246 1574/846/1574
f 3144/3924/3144 1075/3923/1075 3142/3918/3142 3246/3917/3246
f 3139/3910/3139 3247/3913/3247 3141/3916/3141 1074/3911/1074
f 773/1567/773 2117/844/2117 3247/3913/3247 3139/3910/3139
f 2117/844/2117 96/843/96 1648/3914/1648 3247/3913/3247
f 2114/1598/2114 3248/3909/3248 3140/3912/3140 770/1599/770
f 274/839/274 1573/1568/1573 3248/3909/3248 2114/1598/2114
f 1573/1568/1573 773/1567/773 3139/3910/3139 3248/3909/3248
f 1570/834/1570 3249/3905/3249 1313/3908/1313 161/835/161
f 770/1599/770 3140/3912/3140 3249/3905/3249 1570/834/1570
f 3140/3912/3140 1074/3911/1074 3138/3906/3138 3249/3905/3249
f 3135/3898/3135 3250/3901/3250 3137/3904/3137 1073/3899/1073
f 769/1603/769 2113/832/2113 3250/3901/3250 3135/3898/3135
f 2113/832/2113 162/831/162 1714/3902/1714 3250/3901/3250
f 2110/1634/2110 3251/3897/3251 3136/3900/3136 766/1635/766
f 273/827/273 1569/1604/1569 3251/3897/3251 2110/1634/2110
f 1569/1604/1569 769/1603/769 3135/3898/3135 3251/3897/3251
f 1566/822/1566 3252/3893/3252 1273/3896/1273 121/823/121
f 766/1635/766 3136/3900/3136 3252/3893/3252 1566/822/1566
f 3136/3900/3136 1073/3899/1073 3134/3894/3134 3252/3893/3252
f 3131/3886/3131 3253/3889/3253 3133/3892/3133 1072/3887/1072
f 765/1639/765 2109/820/2109 3253/3889/3253 3131/3886/3131
f 2109/820/2109 163/819/163 1715/3890/1715 3253/3889/3253
f 2106/1670/2106 3254/3885/3254 3132/3888/3132 762/1671/762
f 272/815/272 1565/1640/1565 3254/3885/3254 2106/1670/2106
f 1565/1640/1565 765/1639/765 3131/3886/3131 3254/3885/3254
f 1562/810/1562 3255/3881/3255 1316/3884/1316 164/811/164
f 762/1671/762 3132/3888/3132 3255/3881/3255 1562/810/1562
f 3132/3888/3132 1072/3887/1072 3130/3882/3130 3255/3881/3255
f 3127/3874/3127 3256/3877/3256 3129/3880/3129 1071/3875/1071
f 761/1675/761 2105/808/2105 3256/3877/3256 3127/3874/3127
f 2105/808/2105 136/807/136 1688/3878/1688 3256/3877/3256
f 2102/1706/2102 3257/3873/3257 3128/3876/3128 758/1707/758
f 271/803/271 1561/1676/1561 3257/3873/3257 2102/1706/2102
f 1561/1676/1561 761/1675/761 3127/3874/3127 3257/3873/3257
f 1558/798/1558 3258/3869/3258 1317/3872/1317 165/799/165
f 758/1707/758 3128/3876/3128 3258/3869/3258 1558/798/1558
f 3128/3876/3128 1071/3875/1071 3126/3870/3126 3258/3869/3258
f 3123/3862/3123 3259/3865/3259 3125/3868/3125 1070/3863/1070
f 757/1711/757 2101/796/2101 3259/3865/3259 3123/3862/3123
f 2101/796/2101 166/795/166 1718/3866/1718 3259/3865/3259
f 2098/1742/2098 3260/3861/3260 3124/3864/3124 754/1743/754
f 270/791/270 1557/1712/1557 3260/3861/3260 2098/1742/2098
f 1557/1712/1557 757/1711/757 3123/3862/3123 3260/3861/3260
f 1554/786/1554 3261/3857/3261 1272/3860/1272 120/787/120
f 754/1743/754 3124/3864/3124 3261/3857/3261 1554/786/1554
f 3124/3864/3124 1070/3863/1070 3122/3858/3122 3261/3857/3261
f 3119/3850/3119 3262/3853/3262 3121/3856/3121 1069/3851/1069
f 753/1747/753 2097/784/2097 3262/3853/3262 3119/3850/3119
f 2097/784/2097 167/783/167 1719/3854/1719 3262/3853/3262
f 2094/1778/2094 3263/3849/3263 3120/3852/3120 750/1779/750
f 269/779/269 1553/1748/1553 3263/3849/3263 2094/1778/2094
f 1553/1748/1553 753/1747/753 3119/3850/3119 3263/3849/3263
f 1550/774/1550 3264/3845/3264 1320/3848/1320 168/775/168
f 750/1779/750 3120/3852/3120 3264/3845/3264 1550/774/1550
f 3120/3852/3120 1069/3851/1069 3118/3846/3118 3264/3845/3264
f 3115/3838/3115 3265/3841/3265 3117/3844/3117 1068/3839/1068
f 749/1783/749 2093/772/2093 3265/3841/3265 3115/3838/3115
f 2093/772/2093 159/771/159 1711/3842/1711 3265/3841/3265
f 2090/1814/2090 3266/3837/3266 3116/3840/3116 746/1815/746
f 268/767/268 1549/1784/1549 3266/3837/3266 2090/1814/2090
f 1549/1784/1549 749/1783/749 3115/3838/3115 3266/3837/3266
f 1546/762/1546 3267/3833/3267 1321/3836/1321 169/763/169
f 746/1815/746 3116/3840/3116 3267/3833/3267 1546/762/1546
f 3116/3840/3116 1068/3839/1068 3114/3834/3114 3267/3833/3267
f 3111/3826/3111 3268/3829/3268 3113/3832/3113 1067/3827/1067
f 745/1819/745 2089/760/2089 3268/3829/3268 3111/3826/3111
f 2089/760/2089 170/759/170 1722/3830/1722 3268/3829/3268
f 2086/1850/2086 3269/3825/3269 3112/3828/3112 742/1851/742
f 267/755/267 1545/1820/1545 3269/3825/3269 2086/1850/2086
f 1545/1820/1545 745/1819/745 3111/3826/3111 3269/3825/3269
f 1542/750/1542 3270/3821/3270 1241/3824/1241 89/751/89
f 742/1851/742 3112/3828/3112 3270/3821/3270 1542/750/1542
f 3112/3828/3112 1067/3827/1067 3110/3822/3110 3270/3821/3270
f 3107/3814/3107 3271/3817/3271 3109/3820/3109 1066/3815/1066
f 741/1855/741 2085/748/2085 3271/3817/3271 3107/3814/3107
f 2085/748/2085 171/747/171 1723/3818/1723 3271/3817/3271
f 2082/1886/2082 3272/3813/3272 3108/3816/3108 738/1887/738
f 266/743/266 1541/1856/1541 3272/3813/3272 2082/1886/2082
f 1541/1856/1541 741/1855/741 3107/3814/3107 3272/3813/3272
f 1538/738/1538 3273/3809/3273 1324/3812/1324 172/739/172
f 738/1887/738 3108/3816/3108 3273/3809/3273 1538/738/1538
f 3108/3816/3108 1066/3815/1066 3106/3810/3106 3273/3809/3273
f 3103/3802/3103 3274/3805/3274 3105/3808/3105 1065/3803/1065
f 737/1891/737 2081/736/2081 3274/3805/3274 3103/3802/3103
f 2081/736/2081 158/735/158 1710/3806/1710 3274/3805/3274
f 2078/1922/2078 3275/3801/3275 3104/3804/3104 734/1923/734
f 265/731/265 1537/1892/1537 3275/3801/3275 2078/1922/2078
f 1537/1892/1537 737/1891/737 3103/3802/3103 3275/3801/3275
f 1534/726/1534 3276/3797/3276 1325/3800/1325 173/727/173
f 734/1923/734 3104/3804/3104 3276/3797/3276 1534/726/1534
f 3104/3804/3104 1065/3803/1065 3102/3798/3102 3276/3797/3276
f 3099/3790/3099 3277/3793/3277 3101/3796/3101 1064/3791/1064
f 733/1927/733 2077/724/2077 3277/3793/3277 3099/3790/3099
f 2077/724/2077 174/723/174 1726/3794/1726 3277/3793/3277
f 2074/1958/2074 3278/3789/3278 3100/3792/3100 730/1959/730
f 264/719/264 1533/1928/1533 3278/3789/3278 2074/1958/2074
f 1533/1928/1533 733/1927/733 3099/3790/3099 3278/3789/3278
f 1530/714/1530 3279/3785/3279 1269/3788/1269 117/715/117
f 730/1959/730 3100/3792/3100 3279/3785/3279 1530/714/1530
f 3100/3792/3100 1064/3791/1064 3098/3786/3098 3279/3785/3279
f 3095/3778/3095 3280/3781/3280 3097/3784/3097 1063/3779/1063
f 729/1963/729 2073/712/2073 3280/3781/3280 3095/3778/3095
f 2073/712/2073 175/711/175 1727/3782/1727 3280/3781/3280
f 2070/1994/2070 3281/3777/3281 3096/3780/3096 726/1995/726
f 263/707/263 1529/1964/1529 3281/3777/3281 2070/1994/2070
f 1529/1964/1529 729/1963/729 3095/3778/3095 3281/3777/3281
f 1526/702/1526 3282/3773/3282 1328/3776/1328 176/703/176
f 726/1995/726 3096/3780/3096 3282/3773/3282 1526/702/1526
f 3096/3780/3096 1063/3779/1063 3094/3774/3094 3282/3773/3282
f 3091/3766/3091 3283/3769/3283 3093/3772/3093 1062/3767/1062
f 725/1999/725 2069/700/2069 3283/3769/3283 3091/3766/3091
f 2069/700/2069 142/699/142 1694/3770/1694 3283/3769/3283
f 2066/2030/2066 3284/3765/3284 3092/3768/3092 722/2031/722
f 262/695/262 1525/2000/1525 3284/3765/3284 2066/2030/2066
f 1525/2000/1525 725/1999/725 3091/3766/3091 3284/3765/3284
f 1522/690/1522 3285/3761/3285 1329/3764/1329 177/691/177
f 722/2031/722 3092/3768/3092 3285/3761/3285 1522/690/1522
f 3092/3768/3092 1062/3767/1062 3090/3762/3090 3285/3761/3285
f 3087/3754/3087 3286/3757/3286 3089/3760/3089 1061/3755/1061
f 721/2035/721 2065/688/2065 3286/3757/3286 3087/3754/3087
f 2065/688/2065 178/687/178 1730/3758/1730 3286/3757/3286
f 2062/2066/2062 3287/3753/3287 3088/3756/3088 718/2067/718
f 261/683/261 1521/2036/1521 3287/3753/3287 2062/2066/2062
f 1521/2036/1521 721/2035/721 3087/3754/3087 3287/3753/3287
f 1518/678/1518 3288/3749/3288 1268/3752/1268 116/679/116
f 718/2067/718 3088/3756/3088 3288/3749/3288 1518/678/1518
f 3088/3756/3088 1061/3755/1061 3086/3750/3086 3288/3749/3288
f 3083/3742/3083 3289/3745/3289 3085/3748/3085 1060/3743/1060
f 717/2071/717 2061/676/2061 3289/3745/3289 3083/3742/3083
f 2061/676/2061 179/675/179 1731/3746/1731 3289/3745/3289
f 2058/2102/2058 3290/3741/3290 3084/3744/3084 714/2103/714
f 260/671/260 1517/2072/1517 3290/3741/3290 2058/2102/2058
f 1517/2072/1517 717/2071/717 3083/3742/3083 3290/3741/3290
f 1514/666/1514 3291/3737/3291 1332/3740/1332 180/667/180
f 714/2103/714 3084/3744/3084 3291/3737/3291 1514/666/1514
f 3084/3744/3084 1060/3743/1060 3082/3738/3082 3291/3737/3291
f 3079/3730/3079 3292/3733/3292 3081/3736/3081 1059/3731/1059
f 713/2107/713 2057/664/2057 3292/3733/3292 3079/3730/3079
f 2057/664/2057 155/663/155 1707/3734/1707 3292/3733/3292
f 2054/2138/2054 3293/3729/3293 3080/3732/3080 710/2139/710
f 259/659/259 1513/2108/1513 3293/3729/3293 2054/2138/2054
f 1513/2108/1513 713/2107/713 3079/3730/3079 3293/3729/3293
f 1510/654/1510 3294/3725/3294 1333/3728/1333 181/655/181
f 710/2139/710 3080/3732/3080 3294/3725/3294 1510/654/1510
f 3080/3732/3080 1059/3731/1059 3078/3726/3078 3294/3725/3294
f 3075/3718/3075 3295/3721/3295 3077/3724/3077 1058/3719/1058
f 709/2143/709 2053/652/2053 3295/3721/3295 3075/3718/3075
f 2053/652/2053 182/651/182 1734/3722/1734 3295/3721/3295
f 2050/2174/2050 3296/3717/3296 3076/3720/3076 706/2175/706
f 258/647/258 1509/2144/1509 3296/3717/3296 2050/2174/2050
f 1509/2144/1509 709/2143/709 3075/3718/3075 3296/3717/3296
f 1506/642/1506 3297/3713/3297 1237/3716/1237 85/643/85
f 706/2175/706 3076/3720/3076 3297/3713/3297 1506/642/1506
f 3076/3720/3076 1058/3719/1058 3074/3714/3074 3297/3713/3297
f 3071/3706/3071 3298/3709/3298 3073/3712/3073 1057/3707/1057
f 705/2179/705 2049/640/2049 3298/3709/3298 3071/3706/3071
f 2049/640/2049 183/639/183 1735/3710/1735 3298/3709/3298
f 2046/2210/2046 3299/3705/3299 3072/3708/3072 702/2211/702
f 257/635/257 1505/2180/1505 3299/3705/3299 2046/2210/2046
f 1505/2180/1505 705/2179/705 3071/3706/3071 3299/3705/3299
f 1502/630/1502 3300/3701/3300 1336/3704/1336 184/631/184
f 702/2211/702 3072/3708/3072 3300/3701/3300 1502/630/1502
f 3072/3708/3072 1057/3707/1057 3070/3702/3070 3300/3701/3300
f 3067/3694/3067 3301/3697/3301 3069/3700/3069 1056/3695/1056
f 701/2215/701 2045/628/2045 3301/3697/3301 3067/3694/3067
f 2045/628/2045 154/627/154 1706/3698/1706 3301/3697/3301
f 2042/2246/2042 3302/3693/3302 3068/3696/3068 698/2247/698
f 256/623/256 1501/2216/1501 3302/3693/3302 2042/2246/2042
f 1501/2216/1501 701/2215/701 3067/3694/3067 3302/3693/3302
f 1498/618/1498 3303/3689/3303 1337/3692/1337 185/619/185
f 698/2247/698 3068/3696/3068 3303/3689/3303 1498/618/1498
f 3068/3696/3068 1056/3695/1056 3066/3690/3066 3303/3689/3303
f 3063/3682/3063 3304/3685/3304 3065/3688/3065 1055/3683/1055
f 697/2251/697 2041/616/2041 3304/3685/3304 3063/3682/3063
f 2041/616/2041 186/615/186 1738/3686/1738 3304/3685/3304
f 2038/2282/2038 3305/3681/3305 3064/3684/3064 694/2283/694
f 255/611/255 1497/2252/1497 3305/3681/3305 2038/2282/2038
f 1497/2252/1497 697/2251/697 3063/3682/3063 3305/3681/3305
f 1494/606/1494 3306/3677/3306 1265/3680/1265 113/607/113
f 694/2283/694 3064/3684/3064 3306/3677/3306 1494/606/1494
f 3064/3684/3064 1055/3683/1055 3062/3678/3062 3306/3677/3306
f 3059/3670/3059 3307/3673/3307 3061/3676/3061 1054/3671/1054
f 693/2287/693 2037/604/2037 3307/3673/3307 3059/3670/3059
f 2037/604/2037 187/603/187 1739/3674/1739 3307/3673/3307
f 2034/2318/2034 3308/3669/3308 3060/3672/3060 690/2319/690
f 254/599/254 1493/2288/1493 3308/3669/3308 2034/2318/2034
f 1493/2288/1493 693/2287/693 3059/3670/3059 3308/3669/3308
f 1490/594/1490 3309/3665/3309 1340/3668/1340 188/595/188
f 690/2319/690 3060/3672/3060 3309/3665/3309 1490/594/1490
f 3060/3672/3060 1054/3671/1054 3058/3666/3058 3309/3665/3309
f 3055/3658/3055 3310/3661/3310 3057/3664/3057 1053/3659/1053
f 689/2323/689 2033/592/2033 3310/3661/3310 3055/3658/3055
f 2033/592/2033 143/591/143 1695/3662/1695 3310/3661/3310
f 2030/2354/2030 3311/3657/3311 3056/3660/3056 686/2355/686
f 253/587/253 1489/2324/1489 3311/3657/3311 2030/2354/2030
f 1489/2324/1489 689/2323/689 3055/3658/3055 3311/3657/3311
f 1486/582/1486 3312/3653/3312 1341/3656/1341 189/583/189
f 686/2355/686 3056/3660/3056 3312/3653/3312 1486/582/1486
f 3056/3660/3056 1053/3659/1053 3054/3654/3054 3312/3653/3312
f 3051/3646/3051 3313/3649/3313 3053/3652/3053 1052/3647/1052
f 685/2359/685 2029/580/2029 3313/3649/3313 3051/3646/3051
f 2029/580/2029 190/579/190 1742/3650/1742 3313/3649/3313
f 2026/2390/2026 3314/3645/3314 3052/3648/3052 682/2391/682
f 252/575/252 1485/2360/1485 3314/3645/3314 2026/2390/2026
f 1485/2360/1485 685/2359/685 3051/3646/3051 3314/3645/3314
f 1482/570/1482 3315/3641/3315 1264/3644/1264 112/571/112
f 682/2391/682 3052/3648/3052 3315/3641/3315 1482/570/1482
f 3052/3648/3052 1052/3647/1052 3050/3642/3050 3315/3641/3315
f 3047/3634/3047 3316/3637/3316 3049/3640/3049 1051/3635/1051
f 681/2395/681 2025/568/2025 3316/3637/3316 3047/3634/3047
f 2025/568/2025 191/567/191 1743/3638/1743 3316/3637/3316
f 2022/2426/2022 3317/3633/3317 3048/3636/3048 678/2427/678
f 251/563/251 1481/2396/1481 3317/3633/3317 2022/2426/2022
f 1481/2396/1481 681/2395/681 3047/3634/3047 3317/3633/3317
f 1478/558/1478 3318/3629/3318 1344/3632/1344 192/559/192
f 678/2427/678 3048/3636/3048 3318/3629/3318 1478/558/1478
f 3048/3636/3048 1051/3635/1051 3046/3630/3046 3318/3629/3318
f 3043/3622/3043 3319/3625/3319 3045/3628/3045 1050/3623/1050
f 677/2431/677 2021/556/2021 3319/3625/3319 3043/3622/3043
f 2021/556/2021 151/555/151 1703/3626/1703 3319/3625/3319
f 2018/2462/2018 3320/3621/3320 3044/3624/3044 674/2463/674
f 250/551/250 1477/2432/1477 3320/3621/3320 2018/2462/2018
f 1477/2432/1477 677/2431/677 3043/3622/3043 3320/3621/3320
f 1474/546/1474 3321/3617/3321 1345/3620/1345 193/547/193
f 674/2463/674 3044/3624/3044 3321/3617/3321 1474/546/1474
f 3044/3624/3044 1050/3623/1050 3042/3618/3042 3321/3617/3321
f 3039/3610/3039 3322/3613/3322 3041/3616/3041 1049/3611/1049
f 673/2467/673 2017/544/2017 3322/3613/3322 3039/3610/3039
f 2017/544/2017 194/543/194 1746/3614/1746 3322/3613/3322
f 2014/2498/2014 3323/3609/3323 3040/3612/3040 670/2499/670
f 249/539/249 1473/2468/1473 3323/3609/3323 2014/2498/2014
f 1473/2468/1473 673/2467/673 3039/3610/3039 3323/3609/3323
f 1470/534/1470 3324/3605/3324 1244/3608/1244 92/535/92
f 670/2499/670 3040/3612/3040 3324/3605/3324 1470/534/1470
f 3040/3612/3040 1049/3611/1049 3038/3606/3038 3324/3605/3324
f 3035/3598/3035 3325/3601/3325 3037/3604/3037 1048/3599/1048
f 669/2503/669 2013/532/2013 3325/3601/3325 3035/3598/3035
f 2013/532/2013 195/531/195 1747/3602/1747 3325/3601/3325
f 2010/2534/2010 3326/3597/3326 3036/3600/3036 666/2535/666
f 248/527/248 1469/2504/1469 3326/3597/3326 2010/2534/2010
f 1469/2504/1469 669/2503/669 3035/3598/3035 3326/3597/3326
f 1466/522/1466 3327/3593/3327 1348/3596/1348 196/523/196
f 666/2535/666 3036/3600/3036 3327/3593/3327 1466/522/1466
f 3036/3600/3036 1048/3599/1048 3034/3594/3034 3327/3593/3327
f 3031/3586/3031 3328/3589/3328 3033/3592/3033 1047/3587/1047
f 665/2539/665 2009/520/2009 3328/3589/3328 3031/3586/3031
f 2009/520/2009 150/519/150 1702/3590/1702 3328/3589/3328
f 2006/2570/2006 3329/3585/3329 3032/3588/3032 662/2571/662
f 247/515/247 1465/2540/1465 3329/3585/3329 2006/2570/2006
f 1465/2540/1465 665/2539/665 3031/3586/3031 3329/3585/3329
f 1462/510/1462 3330/3581/3330 1349/3584/1349 197/511/197
f 662/2571/662 3032/3588/3032 3330/3581/3330 1462/510/1462
f 3032/3588/3032 1047/3587/1047 3030/3582/3030 3330/3581/3330
f 3027/3574/3027 3331/3577/3331 3029/3580/3029 1046/3575/1046
f 661/2575/661 2005/508/2005 3331/3577/3331 3027/3574/3027
f 2005/508/2005 198/507/198 1750/3578/1750 3331/3577/3331
f 2002/2606/2002 3332/3573/3332 3028/3576/3028 658/2607/658
f 246/503/246 1461/2576/1461 3332/3573/3332 2002/2606/2002
f 1461/2576/1461 661/2575/661 3027/3574/3027 3332/3573/3332
f 1458/498/1458 3333/3569/3333 1261/3572/1261 109/499/109
f 658/2607/658 3028/3576/3028 3333/3569/3333 1458/498/1458
f 3028/3576/3028 1046/3575/1046 3026/3570/3026 3333/3569/3333
f 3023/3562/3023 3334/3565/3334 3025/3568/3025 1045/3563/1045
f 657/2611/657 2001/496/2001 3334/3565/3334 3023/3562/3023
f 2001/496/2001 199/495/199 1751/3566/1751 3334/3565/3334
f 1998/2642/1998 3335/3561/3335 3024/3564/3024 654/2643/654
f 245/491/245 1457/2612/1457 3335/3561/3335 1998/2642/1998
f 1457/2612/1457 657/2611/657 3023/3562/3023 3335/3561/3335
f 1454/486/1454 3336/3557/3336 1352/3560/1352 200/487/200
f 654/2643/654 3024/3564/3024 3336/3557/3336 1454/486/1454
f 3024/3564/3024 1045/3563/1045 3022/3558/3022 3336/3557/3336
f 3019/3550/3019 3337/3553/3337 3021/3556/3021 1044/3551/1044
f 653/2647/653 1997/484/1997 3337/3553/3337 3019/3550/3019
f 1997/484/1997 140/483/140 1692/3554/1692 3337/3553/3337
f 1994/2678/1994 3338/3549/3338 3020/3552/3020 650/2679/650
f 244/479/244 1453/2648/1453 3338/3549/3338 1994/2678/1994
f 1453/2648/1453 653/2647/653 3019/3550/3019 3338/3549/3338
f 1450/474/1450 3339/3545/3339 1353/3548/1353 201/475/201
f 650/2679/650 3020/3552/3020 3339/3545/3339 1450/474/1450
f 3020/3552/3020 1044/3551/1044 3018/3546/3018 3339/3545/3339
f 3015/3538/3015 3340/3541/3340 3017/3544/3017 1043/3539/1043
f 649/2683/649 1993/472/1993 3340/3541/3340 3015/3538/3015
f 1993/472/1993 202/471/202 1754/3542/1754 3340/3541/3340
f 1990/2714/1990 3341/3537/3341 3016/3540/3016 646/2715/646
f 243/467/243 1449/2684/1449 3341/3537/3341 1990/2714/1990
f 1449/2684/1449 649/2683/649 3015/3538/3015 3341/3537/3341
f 1446/462/1446 3342/3533/3342 1260/3536/1260 108/463/108
f 646/2715/646 3016/3540/3016 3342/3533/3342 1446/462/1446
f 3016/3540/3016 1043/3539/1043 3014/3534/3014 3342/3533/3342
f 3011/3526/3011 3343/3529/3343 3013/3532/3013 1042/3527/1042
f 645/2719/645 1989/460/1989 3343/3529/3343 3011/3526/3011
f 1989/460/1989 203/459/203 1755/3530/1755 3343/3529/3343
f 1986/2750/1986 3344/3525/3344 3012/3528/3012 642/2751/642
f 242/455/242 1445/2720/1445 3344/3525/3344 1986/2750/1986
f 1445/2720/1445 645/2719/645 3011/3526/3011 3344/3525/3344
f 1442/450/1442 3345/3521/3345 1356/3524/1356 204/451/204
f 642/2751/642 3012/3528/3012 3345/3521/3345 1442/450/1442
f 3012/3528/3012 1042/3527/1042 3010/3522/3010 3345/3521/3345
f 3007/3514/3007 3346/3517/3346 3009/3520/3009 1041/3515/1041
f 641/2755/641 1985/448/1985 3346/3517/3346 3007/3514/3007
f 1985/448/1985 147/447/147 1699/3518/1699 3346/3517/3346
f 1982/2786/1982 3347/3513/3347 3008/3516/3008 638/2787/638
f 241/443/241 1441/2756/1441 3347/3513/3347 1982/2786/1982
f 1441/2756/1441 641/2755/641 3007/3514/3007 3347/3513/3347
f 1438/438/1438 3348/3509/3348 1357/3512/1357 205/439/205
f 638/2787/638 3008/3516/3008 3348/3509/3348 1438/438/1438
f 3008/3516/3008 1041/3515/1041 3006/3510/3006 3348/3509/3348
f 3003/3502/3003 3349/3505/3349 3005/3508/3005 1040/3503/1040
f 637/2791/637 1981/436/1981 3349/3505/3349 3003/3502/3003
f 1981/436/1981 206/435/206 1758/3506/1758 3349/3505/3349
f 1978/2822/1978 3350/3501/3350 3004/3504/3004 634/2823/634
f 240/431/240 1437/2792/1437 3350/3501/3350 1978/2822/1978
f 1437/2792/1437 637/2791/637 3003/3502/3003 3350/3501/3350
f 1434/426/1434 3351/3497/3351 1245/3500/1245 93/427/93
f 634/2823/634 3004/3504/3004 3351/3497/3351 1434/426/1434
f 3004/3504/3004 1040/3503/1040 3002/3498/3002 3351/3497/3351
f 2999/3490/2999 3352/3493/3352 3001/3496/3001 1039/3491/1039
f 633/2827/633 1977/424/1977 3352/3493/3352 2999/3490/2999
f 1977/424/1977 207/423/207 1759/3494/1759 3352/3493/3352
f 1974/2858/1974 3353/3489/3353 3000/3492/3000 630/2859/630
f 239/419/239 1433/2828/1433 3353/3489/3353 1974/2858/1974
f 1433/2828/1433 633/2827/633 2999/3490/2999 3353/3489/3353
f 1430/414/1430 3354/3485/3354 1360/3488/1360 208/415/208
f 630/2859/630 3000/3492/3000 3354/3485/3354 1430/414/1430
f 3000/3492/3000 1039/3491/1039 2998/3486/2998 3354/3485/3354
f 2995/3478/2995 3355/3481/3355 2997/3484/2997 1038/3479/1038
f 629/2863/629 1973/412/1973 3355/3481/3355 2995/3478/2995
f 1973/412/1973 146/411/146 1698/3482/1698 3355/3481/3355
f 1970/2894/1970 3356/3477/3356 2996/3480/2996 626/2895/626
f 238/407/238 1429/2864/1429 3356/3477/3356 1970/2894/1970
f 1429/2864/1429 629/2863/629 2995/3478/2995 3356/3477/3356
f 1426/402/1426 3357/3473/3357 1361/3476/1361 209/403/209
f 626/2895/626 2996/3480/2996 3357/3473/3357 1426/402/1426
f 2996/3480/2996 1038/3479/1038 2994/3474/2994 3357/3473/3357
f 2991/3466/2991 3358/3469/3358 2993/3472/2993 1037/3467/1037
f 625/2899/625 1969/400/1969 3358/3469/3358 2991/3466/2991
f 1969/400/1969 210/399/210 1762/3470/1762 3358/3469/3358
f 1966/2930/1966 3359/3465/3359 2992/3468/2992 622/2931/622
f 237/395/237 1425/2900/1425 3359/3465/3359 1966/2930/1966
f 1425/2900/1425 625/2899/625 2991/3466/2991 3359/3465/3359
f 1422/390/1422 3360/3461/3360 1257/3464/1257 105/391/105
f 622/2931/622 2992/3468/2992 3360/3461/3360 1422/390/1422
f 2992/3468/2992 1037/3467/1037 2990/3462/2990 3360/3461/3360
f 2987/3454/2987 3361/3457/3361 2989/3460/2989 1036/3455/1036
f 621/2935/621 1965/388/1965 3361/3457/3361 2987/3454/2987
f 1965/388/1965 211/387/211 1763/3458/1763 3361/3457/3361
f 1962/2966/1962 3362/3453/3362 2988/3456/2988 618/2967/618
f 236/383/236 1421/2936/1421 3362/3453/3362 1962/2966/1962
f 1421/2936/1421 621/2935/621 2987/3454/2987 3362/3453/3362
f 1418/378/1418 3363/3449/3363 1364/3452/1364 212/379/212
f 618/2967/618 2988/3456/2988 3363/3449/3363 1418/378/1418
f 2988/3456/2988 1036/3455/1036 2986/3450/2986 3363/3449/3363
f 2983/3442/2983 3364/3445/3364 2985/3448/2985 1035/3443/1035
f 617/2971/617 1961/376/1961 3364/3445/3364 2983/3442/2983
f 1961/376/1961 128/375/128 1680/3446/1680 3364/3445/3364
f 1958/3002/1958 3365/3441/3365 2984/3444/2984 614/3003/614
f 235/371/235 1417/2972/1417 3365/3441/3365 1958/3002/1958
f 1417/2972/1417 617/2971/617 2983/3442/2983 3365/3441/3365
f 1414/366/1414 3366/3437/3366 1365/3440/1365 213/367/213
f 614/3003/614 2984/3444/2984 3366/3437/3366 1414/366/1414
f 2984/3444/2984 1035/3443/1035 2982/3438/2982 3366/3437/3366
f 2979/3430/2979 3367/3433/3367 2981/3436/2981 1034/3431/1034
f 613/3007/613 1957/364/1957 3367/3433/3367 2979/3430/2979
f 1957/364/1957 214/363/214 1766/3434/1766 3367/3433/3367
f 1954/3038/1954 3368/3429/3368 2980/3432/2980 610/3039/610
f 234/359/234 1413/3008/1413 3368/3429/3368 1954/3038/1954
f 1413/3008/1413 613/3007/613 2979/3430/2979 3368/3429/3368
f 1410/354/1410 3369/3425/3369 1256/3428/1256 104/355/104
f 610/3039/610 2980/3432/2980 3369/3425/3369 1410/354/1410
f 2980/3432/2980 1034/3431/1034 2978/3426/2978 3369/3425/3369
f 2975/3418/2975 3370/3421/3370 2977/3424/2977 1033/3419/1033
f 609/3043/609 1953/352/1953 3370/3421/3370 2975/3418/2975
f 1953/352/1953 215/351/215 1767/3422/1767 3370/3421/3370
f 1950/3074/1950 3371/3417/3371 2976/3420/2976 606/3075/606
f 233/347/233 1409/3044/1409 3371/3417/3371 1950/3074/1950
f 1409/3044/1409 609/3043/609 2975/3418/2975 3371/3417/3371
f 1406/342/1406 3372/3413/3372 1368/3416/1368 216/343/216
f 606/3075/606 2976/3420/2976 3372/3413/3372 1406/342/1406
f 2976/3420/2976 1033/3419/1033 2974/3414/2974 3372/3413/3372
f 2971/3406/2971 3373/3409/3373 2973/3412/2973 1032/3407/1032
f 605/3079/605 1949/340/1949 3373/3409/3373 2971/3406/2971
f 1949/340/1949 131/339/131 1683/3410/1683 3373/3409/3373
f 1946/3110/1946 3374/3405/3374 2972/3408/2972 602/3111/602
f 232/335/232 1405/3080/1405 3374/3405/3374 1946/3110/1946
f 1405/3080/1405 605/3079/605 2971/3406/2971 3374/3405/3374
f 1402/330/1402 3375/3401/3375 1369/3404/1369 217/331/217
f 602/3111/602 2972/3408/2972 3375/3401/3375 1402/330/1402
f 2972/3408/2972 1032/3407/1032 2970/3402/2970 3375/3401/3375
f 2967/3394/2967 3376/3397/3376 2969/3400/2969 1031/3395/1031
f 601/3115/601 1945/328/1945 3376/3397/3376 2967/3394/2967
f 1945/328/1945 218/327/218 1770/3398/1770 3376/3397/3376
f 1942/3146/1942 3377/3393/3377 2968/3396/2968 598/3147/598
f 231/323/231 1401/3116/1401 3377/3393/3377 1942/3146/1942
f 1401/3116/1401 601/3115/601 2967/3394/2967 3377/3393/3377
f 1398/318/1398 3378/3389/3378 1249/3392/1249 97/319/97
f 598/3147/598 2968/3396/2968 3378/3389/3378 1398/318/1398
f 2968/3396/2968 1031/3395/1031 2966/3390/2966 3378/3389/3378
f 2963/3382/2963 3379/3385/3379 2965/3388/2965 1030/3383/1030
f 597/3151/597 1941/316/1941 3379/3385/3379 2963/3382/2963
f 1941/316/1941 219/315/219 1771/3386/1771 3379/3385/3379
f 1938/3182/1938 3380/3381/3380 2964/3384/2964 594/3183/594
f 230/311/230 1397/3152/1397 3380/3381/3380 1938/3182/1938
f 1397/3152/1397 597/3151/597 2963/3382/2963 3380/3381/3380
f 1394/306/1394 3381/3377/3381 1372/3380/1372 220/307/220
f 594/3183/594 2964/3384/2964 3381/3377/3381 1394/306/1394
f 2964/3384/2964 1030/3383/1030 2962/3378/2962 3381/3377/3381
f 2959/3370/2959 3382/3373/3382 2961/3376/2961 1029/3371/1029
f 593/3187/593 1937/304/1937 3382/3373/3382 2959/3370/2959
f 1937/304/1937 130/303/130 1682/3374/1682 3382/3373/3382
f 1934/3218/1934 3383/3369/3383 2960/3372/2960 590/3219/590
f 229/299/229 1393/3188/1393 3383/3369/3383 1934/3218/1934
f 1393/3188/1393 593/3187/593 2959/3370/2959 3383/3369/3383
f 1390/294/1390 3384/3365/3384 1373/3368/1373 221/295/221
f 590/3219/590 2960/3372/2960 3384/3365/3384 1390/294/1390
f 2960/3372/2960 1029/3371/1029 2958/3366/2958 3384/3365/3384
f 2955/3358/2955 3385/3361/3385 2957/3364/2957 1028/3359/1028
f 589/3223/589 1933/292/1933 3385/3361/3385 2955/3358/2955
f 1933/292/1933 222/291/222 1774/3362/1774 3385/3361/3385
f 1930/3254/1930 3386/3357/3386 2956/3360/2956 586/3255/586
f 228/287/228 1389/3224/1389 3386/3357/3386 1930/3254/1930
f 1389/3224/1389 589/3223/589 2955/3358/2955 3386/3357/3386
f 1386/282/1386 3387/3353/3387 1253/3356/1253 101/283/101
f 586/3255/586 2956/3360/2956 3387/3353/3387 1386/282/1386
f 2956/3360/2956 1028/3359/1028 2954/3354/2954 3387/3353/3387
f 2951/3346/2951 3388/3349/3388 2953/3352/2953 1027/3347/1027
f 585/3259/585 1929/280/1929 3388/3349/3388 2951/3346/2951
f 1929/280/1929 223/279/223 1775/3350/1775 3388/3349/3388
f 1926/3290/1926 3389/3345/3389 2952/3348/2952 582/3291/582
f 227/275/227 1385/3260/1385 3389/3345/3389 1926/3290/1926
f 1385/3260/1385 585/3259/585 2951/3346/2951 3389/3345/3389
f 1382/270/1382 3390/3341/3390 1376/3344/1376 224/271/224
f 582/3291/582 2952/3348/2952 3390/3341/3390 1382/270/1382
f 2952/3348/2952 1027/3347/1027 2950/3342/2950 3390/3341/3390
f 2947/3334/2947 3391/3337/3391 2949/3340/2949 1026/3335/1026
f 581/3295/581 1925/268/1925 3391/3337/3391 2947/3334/2947
f 1925/268/1925 124/267/124 1676/3338/1676 3391/3337/3391
f 1922/3326/1922 3392/3333/3392 2948/3336/2948 578/3327/578
f 226/263/226 1381/3296/1381 3392/3333/3392 1922/3326/1922
f 1381/3296/1381 581/3295/581 2947/3334/2947 3392/3333/3392
f 1378/258/1378 3393/3329/3393 1377/3332/1377 225/259/225
f 578/3327/578 2948/3336/2948 3393/3329/3393 1378/258/1378
f 2948/3336/2948 1026/3335/1026 2946/3330/2946 3393/3329/3393
f 2943/3322/2943 3394/3325/3394 2945/3328/2945 1025/3323/1025
f 580/3307/580 1924/264/1924 3394/3325/3394 2943/3322/2943
f 1924/264/1924 226/263/226 1922/3326/1922 3394/3325/3394
f 1775/3350/1775 3395/3321/3395 2944/3324/2944 431/3351/431
f 223/279/223 1380/3308/1380 3395/3321/3395 1775/3350/1775
f 1380/3308/1380 580/3307/580 2943/3322/2943 3395/3321/3395
f 1231/250/1231 3396/3317/3396 1233/3320/1233 81/251/81
f 431/3351/431 2944/3324/2944 3396/3317/3396 1231/250/1231
f 2944/3324/2944 1025/3323/1025 2942/3318/2942 3396/3317/3396
f 2939/3310/2939 3397/3313/3397 2941/3316/2941 1024/3311/1024
f 369/1591/369 1713/836/1713 3397/3313/3397 2939/3310/2939
f 1713/836/1713 161/835/161 1923/3314/1923 3397/3313/3397
f 1919/3266/1919 3398/3309/3398 2940/3312/2940 575/3267/575
f 65/67/65 1169/1592/1169 3398/3309/3398 1919/3266/1919
f 1169/1592/1169 369/1591/369 2939/3310/2939 3398/3309/3398
f 1375/278/1375 3399/3305/3399 1380/3308/1380 223/279/223
f 575/3267/575 2940/3312/2940 3399/3305/3399 1375/278/1375
f 2940/3312/2940 1024/3311/1024 2938/3306/2938 3399/3305/3399
f 2935/3298/2935 3400/3301/3400 2937/3304/2937 1023/3299/1023
f 513/3907/513 1857/64/1857 3400/3301/3400 2935/3298/2935
f 1857/64/1857 12/63/12 1820/3302/1820 3400/3301/3400
f 1923/3314/1923 3401/3297/3401 2936/3300/2936 579/3315/579
f 161/835/161 1313/3908/1313 3401/3297/3401 1923/3314/1923
f 1313/3908/1313 513/3907/513 2935/3298/2935 3401/3297/3401
f 1379/262/1379 3402/3293/3402 1381/3296/1381 226/263/226
f 579/3315/579 2936/3300/2936 3402/3293/3402 1379/262/1379
f 2936/3300/2936 1023/3299/1023 2934/3294/2934 3402/3293/3402
f 2931/3286/2931 3403/3289/3403 2933/3292/2933 1022/3287/1022
f 584/3271/584 1928/276/1928 3403/3289/3403 2931/3286/2931
f 1928/276/1928 227/275/227 1926/3290/1926 3403/3289/3403
f 1710/3806/1710 3404/3285/3404 2932/3288/2932 366/3807/366
f 158/735/158 1384/3272/1384 3404/3285/3404 1710/3806/1710
f 1384/3272/1384 584/3271/584 2931/3286/2931 3404/3285/3404
f 1166/98/1166 3405/3281/3405 1232/3284/1232 62/99/62
f 366/3807/366 2932/3288/2932 3405/3281/3405 1166/98/1166
f 2932/3288/2932 1022/3287/1022 2930/3282/2930 3405/3281/3405
f 2927/3274/2927 3406/3277/3406 2929/3280/2929 1021/3275/1021
f 329/1627/329 1673/824/1673 3406/3277/3406 2927/3274/2927
f 1673/824/1673 121/823/121 1927/3278/1927 3406/3277/3406
f 1854/1898/1854 3407/3273/3407 2928/3276/2928 510/1899/510
f 25/59/25 1129/1628/1129 3407/3273/3407 1854/1898/1854
f 1129/1628/1129 329/1627/329 2927/3274/2927 3407/3273/3407
f 1310/734/1310 3408/3269/3408 1384/3272/1384 158/735/158
f 510/1899/510 2928/3276/2928 3408/3269/3408 1310/734/1310
f 2928/3276/2928 1021/3275/1021 2926/3270/2926 3408/3269/3408
f 2923/3262/2923 3409/3265/3409 2925/3268/2925 1020/3263/1020
f 473/3895/473 1817/68/1817 3409/3265/3409 2923/3262/2923
f 1817/68/1817 65/67/65 1919/3266/1919 3409/3265/3409
f 1927/3278/1927 3410/3261/3410 2924/3264/2924 583/3279/583
f 121/823/121 1273/3896/1273 3410/3261/3410 1927/3278/1927
f 1273/3896/1273 473/3895/473 2923/3262/2923 3410/3261/3410
f 1383/274/1383 3411/3257/3411 1385/3260/1385 227/275/227
f 583/3279/583 2924/3264/2924 3411/3257/3411 1383/274/1383
f 2924/3264/2924 1020/3263/1020 2922/3258/2922 3411/3257/3411
f 2919/3250/2919 3412/3253/3412 2921/3256/2921 1019/3251/1019
f 588/3235/588 1932/288/1932 3412/3253/3412 2919/3250/2919
f 1932/288/1932 228/287/228 1930/3254/1930 3412/3253/3412
f 1670/3938/1670 3413/3249/3413 2920/3252/2920 326/3939/326
f 118/867/118 1388/3236/1388 3413/3249/3413 1670/3938/1670
f 1388/3236/1388 588/3235/588 2919/3250/2919 3413/3249/3413
f 1126/54/1126 3414/3245/3414 1109/3248/1109 17/55/17
f 326/3939/326 2920/3252/2920 3414/3245/3414 1126/54/1126
f 2920/3252/2920 1019/3251/1019 2918/3246/2918 3414/3245/3414
f 2915/3238/2915 3415/3241/3415 2917/3244/2917 1018/3239/1018
f 432/3283/432 1776/272/1776 3415/3241/3415 2915/3238/2915
f 1776/272/1776 224/271/224 1931/3242/1931 3415/3241/3415
f 1814/1502/1814 3416/3237/3416 2916/3240/2916 470/1503/470
f 62/99/62 1232/3284/1232 3416/3237/3416 1814/1502/1814
f 1232/3284/1232 432/3283/432 2915/3238/2915 3416/3237/3416
f 1270/866/1270 3417/3233/3417 1388/3236/1388 118/867/118
f 470/1503/470 2916/3240/2916 3417/3233/3417 1270/866/1270
f 2916/3240/2916 1018/3239/1018 2914/3234/2914 3417/3233/3417
f 2911/3226/2911 3418/3229/3418 2913/3232/2913 1017/3227/1017
f 576/3343/576 1920/252/1920 3418/3229/3418 2911/3226/2911
f 1920/252/1920 81/251/81 1918/3230/1918 3418/3229/3418
f 1931/3242/1931 3419/3225/3419 2912/3228/2912 587/3243/587
f 224/271/224 1376/3344/1376 3419/3225/3419 1931/3242/1931
f 1376/3344/1376 576/3343/576 2911/3226/2911 3419/3225/3419
f 1387/286/1387 3420/3221/3420 1389/3224/1389 228/287/228
f 587/3243/587 2912/3228/2912 3420/3221/3420 1387/286/1387
f 2912/3228/2912 1017/3227/1017 2910/3222/2910 3420/3221/3420
f 2907/3214/2907 3421/3217/3421 2909/3220/2909 1016/3215/1016
f 592/3199/592 1936/300/1936 3421/3217/3421 2907/3214/2907
f 1936/300/1936 229/299/229 1934/3218/1934 3421/3217/3421
f 1771/3386/1771 3422/3213/3422 2908/3216/2908 427/3387/427
f 219/315/219 1392/3200/1392 3422/3213/3422 1771/3386/1771
f 1392/3200/1392 592/3199/592 2907/3214/2907 3422/3213/3422
f 1227/238/1227 3423/3209/3423 1229/3212/1229 80/239/80
f 427/3387/427 2908/3216/2908 3423/3209/3423 1227/238/1227
f 2908/3216/2908 1016/3215/1016 2906/3210/2906 3423/3209/3423
f 2903/3202/2903 3424/3205/3424 2905/3208/2905 1015/3203/1015
f 365/1483/365 1709/872/1709 3424/3205/3424 2903/3202/2903
f 1709/872/1709 157/871/157 1935/3206/1935 3424/3205/3424
f 1915/3158/1915 3425/3201/3425 2904/3204/2904 571/3159/571
f 61/103/61 1165/1484/1165 3425/3201/3425 1915/3158/1915
f 1165/1484/1165 365/1483/365 2903/3202/2903 3425/3201/3425
f 1371/314/1371 3426/3197/3426 1392/3200/1392 219/315/219
f 571/3159/571 2904/3204/2904 3426/3197/3426 1371/314/1371
f 2904/3204/2904 1015/3203/1015 2902/3198/2902 3426/3197/3426
f 2899/3190/2899 3427/3193/3427 2901/3196/2901 1014/3191/1014
f 509/3943/509 1853/52/1853 3427/3193/3427 2899/3190/2899
f 1853/52/1853 18/51/18 1826/3194/1826 3427/3193/3427
f 1935/3206/1935 3428/3189/3428 2900/3192/2900 591/3207/591
f 157/871/157 1309/3944/1309 3428/3189/3428 1935/3206/1935
f 1309/3944/1309 509/3943/509 2899/3190/2899 3428/3189/3428
f 1391/298/1391 3429/3185/3429 1393/3188/1393 229/299/229
f 591/3207/591 2900/3192/2900 3429/3185/3429 1391/298/1391
f 2900/3192/2900 1014/3191/1014 2898/3186/2898 3429/3185/3429
f 2895/3178/2895 3430/3181/3430 2897/3184/2897 1013/3179/1013
f 596/3163/596 1940/312/1940 3430/3181/3430 2895/3178/2895
f 1940/312/1940 230/311/230 1938/3182/1938 3430/3181/3430
f 1706/3698/1706 3431/3177/3431 2896/3180/2896 362/3699/362
f 154/627/154 1396/3164/1396 3431/3177/3431 1706/3698/1706
f 1396/3164/1396 596/3163/596 2895/3178/2895 3431/3177/3431
f 1162/134/1162 3432/3173/3432 1228/3176/1228 58/135/58
f 362/3699/362 2896/3180/2896 3432/3173/3432 1162/134/1162
f 2896/3180/2896 1013/3179/1013 2894/3174/2894 3432/3173/3432
f 2891/3166/2891 3433/3169/3433 2893/3172/2893 1012/3167/1012
f 325/1951/325 1669/716/1669 3433/3169/3433 2891/3166/2891
f 1669/716/1669 117/715/117 1939/3170/1939 3433/3169/3433
f 1850/2222/1850 3434/3165/3434 2892/3168/2892 506/2223/506
f 24/47/24 1125/1952/1125 3434/3165/3434 1850/2222/1850
f 1125/1952/1125 325/1951/325 2891/3166/2891 3434/3165/3434
f 1306/626/1306 3435/3161/3435 1396/3164/1396 154/627/154
f 506/2223/506 2892/3168/2892 3435/3161/3435 1306/626/1306
f 2892/3168/2892 1012/3167/1012 2890/3162/2890 3435/3161/3435
f 2887/3154/2887 3436/3157/3436 2889/3160/2889 1011/3155/1011
f 469/3787/469 1813/104/1813 3436/3157/3436 2887/3154/2887
f 1813/104/1813 61/103/61 1915/3158/1915 3436/3157/3436
f 1939/3170/1939 3437/3153/3437 2888/3156/2888 595/3171/595
f 117/715/117 1269/3788/1269 3437/3153/3437 1939/3170/1939
f 1269/3788/1269 469/3787/469 2887/3154/2887 3437/3153/3437
f 1395/310/1395 3438/3149/3438 1397/3152/1397 230/311/230
f 595/3171/595 2888/3156/2888 3438/3149/3438 1395/310/1395
f 2888/3156/2888 1011/3155/1011 2886/3150/2886 3438/3149/3438
f 2883/3142/2883 3439/3145/3439 2885/3148/2885 1010/3143/1010
f 600/3127/600 1944/324/1944 3439/3145/3439 2883/3142/2883
f 1944/324/1944 231/323/231 1942/3146/1942 3439/3145/3439
f 1666/3974/1666 3440/3141/3440 2884/3144/2884 322/3975/322
f 114/903/114 1400/3128/1400 3440/3141/3440 1666/3974/1666
f 1400/3128/1400 600/3127/600 2883/3142/2883 3440/3141/3440
f 1122/42/1122 3441/3137/3441 1105/3140/1105 13/43/13
f 322/3975/322 2884/3144/2884 3441/3137/3441 1122/42/1122
f 2884/3144/2884 1010/3143/1010 2882/3138/2882 3441/3137/3441
f 2879/3130/2879 3442/3133/3442 2881/3136/2881 1009/3131/1009
f 428/3175/428 1772/308/1772 3442/3133/3442 2879/3130/2879
f 1772/308/1772 220/307/220 1943/3134/1943 3442/3133/3442
f 1810/1394/1810 3443/3129/3443 2880/3132/2880 466/1395/466
f 58/135/58 1228/3176/1228 3443/3129/3443 1810/1394/1810
f 1228/3176/1228 428/3175/428 2879/3130/2879 3443/3129/3443
f 1266/902/1266 3444/3125/3444 1400/3128/1400 114/903/114
f 466/1395/466 2880/3132/2880 3444/3125/3444 1266/902/1266
f 2880/3132/2880 1009/3131/1009 2878/3126/2878 3444/3125/3444
f 2875/3118/2875 3445/3121/3445 2877/3124/2877 1008/3119/1008
f 572/3379/572 1916/240/1916 3445/3121/3445 2875/3118/2875
f 1916/240/1916 80/239/80 1914/3122/1914 3445/3121/3445
f 1943/3134/1943 3446/3117/3446 2876/3120/2876 599/3135/599
f 220/307/220 1372/3380/1372 3446/3117/3446 1943/3134/1943
f 1372/3380/1372 572/3379/572 2875/3118/2875 3446/3117/3446
f 1399/322/1399 3447/3113/3447 1401/3116/1401 231/323/231
f 599/3135/599 2876/3120/2876 3447/3113/3447 1399/322/1399
f 2876/3120/2876 1008/3119/1008 2874/3114/2874 3447/3113/3447
f 2871/3106/2871 3448/3109/3448 2873/3112/2873 1007/3107/1007
f 604/3091/604 1948/336/1948 3448/3109/3448 2871/3106/2871
f 1948/336/1948 232/335/232 1946/3110/1946 3448/3109/3448
f 1767/3422/1767 3449/3105/3449 2872/3108/2872 423/3423/423
f 215/351/215 1404/3092/1404 3449/3105/3449 1767/3422/1767
f 1404/3092/1404 604/3091/604 2871/3106/2871 3449/3105/3449
f 1223/226/1223 3450/3101/3450 1225/3104/1225 79/227/79
f 423/3423/423 2872/3108/2872 3450/3101/3450 1223/226/1223
f 2872/3108/2872 1007/3107/1007 2870/3102/2870 3450/3101/3450
f 2867/3094/2867 3451/3097/3451 2869/3100/2869 1006/3095/1006
f 361/1375/361 1705/908/1705 3451/3097/3451 2867/3094/2867
f 1705/908/1705 153/907/153 1947/3098/1947 3451/3097/3451
f 1911/3050/1911 3452/3093/3452 2868/3096/2868 567/3051/567
f 57/139/57 1161/1376/1161 3452/3093/3452 1911/3050/1911
f 1161/1376/1161 361/1375/361 2867/3094/2867 3452/3093/3452
f 1367/350/1367 3453/3089/3453 1404/3092/1404 215/351/215
f 567/3051/567 2868/3096/2868 3453/3089/3453 1367/350/1367
f 2868/3096/2868 1006/3095/1006 2866/3090/2866 3453/3089/3453
f 2863/3082/2863 3454/3085/3454 2865/3088/2865 1005/3083/1005
f 505/3979/505 1849/40/1849 3454/3085/3454 2863/3082/2863
f 1849/40/1849 19/39/19 1827/3086/1827 3454/3085/3454
f 1947/3098/1947 3455/3081/3455 2864/3084/2864 603/3099/603
f 153/907/153 1305/3980/1305 3455/3081/3455 1947/3098/1947
f 1305/3980/1305 505/3979/505 2863/3082/2863 3455/3081/3455
f 1403/334/1403 3456/3077/3456 1405/3080/1405 232/335/232
f 603/3099/603 2864/3084/2864 3456/3077/3456 1403/334/1403
f 2864/3084/2864 1005/3083/1005 2862/3078/2862 3456/3077/3456
f 2859/3070/2859 3457/3073/3457 2861/3076/2861 1004/3071/1004
f 608/3055/608 1952/348/1952 3457/3073/3457 2859/3070/2859
f 1952/348/1952 233/347/233 1950/3074/1950 3457/3073/3457
f 1702/3590/1702 3458/3069/3458 2860/3072/2860 358/3591/358
f 150/519/150 1408/3056/1408 3458/3069/3458 1702/3590/1702
f 1408/3056/1408 608/3055/608 2859/3070/2859 3458/3069/3458
f 1158/170/1158 3459/3065/3459 1224/3068/1224 54/171/54
f 358/3591/358 2860/3072/2860 3459/3065/3459 1158/170/1158
f 2860/3072/2860 1004/3071/1004 2858/3066/2858 3459/3065/3459
f 2855/3058/2855 3460/3061/3460 2857/3064/2857 1003/3059/1003
f 321/2275/321 1665/608/1665 3460/3061/3460 2855/3058/2855
f 1665/608/1665 113/607/113 1951/3062/1951 3460/3061/3460
f 1846/2546/1846 3461/3057/3461 2856/3060/2856 502/2547/502
f 23/35/23 1121/2276/1121 3461/3057/3461 1846/2546/1846
f 1121/2276/1121 321/2275/321 2855/3058/2855 3461/3057/3461
f 1302/518/1302 3462/3053/3462 1408/3056/1408 150/519/150
f 502/2547/502 2856/3060/2856 3462/3053/3462 1302/518/1302
f 2856/3060/2856 1003/3059/1003 2854/3054/2854 3462/3053/3462
f 2851/3046/2851 3463/3049/3463 2853/3052/2853 1002/3047/1002
f 465/3679/465 1809/140/1809 3463/3049/3463 2851/3046/2851
f 1809/140/1809 57/139/57 1911/3050/1911 3463/3049/3463
f 1951/3062/1951 3464/3045/3464 2852/3048/2852 607/3063/607
f 113/607/113 1265/3680/1265 3464/3045/3464 1951/3062/1951
f 1265/3680/1265 465/3679/465 2851/3046/2851 3464/3045/3464
f 1407/346/1407 3465/3041/3465 1409/3044/1409 233/347/233
f 607/3063/607 2852/3048/2852 3465/3041/3465 1407/346/1407
f 2852/3048/2852 1002/3047/1002 2850/3042/2850 3465/3041/3465
f 2847/3034/2847 3466/3037/3466 2849/3040/2849 1001/3035/1001
f 612/3019/612 1956/360/1956 3466/3037/3466 2847/3034/2847
f 1956/360/1956 234/359/234 1954/3038/1954 3466/3037/3466
f 1662/4010/1662 3467/3033/3467 2848/3036/2848 318/4011/318
f 110/939/110 1412/3020/1412 3467/3033/3467 1662/4010/1662
f 1412/3020/1412 612/3019/612 2847/3034/2847 3467/3033/3467
f 1118/30/1118 3468/3029/3468 1112/3032/1112 20/31/20
f 318/4011/318 2848/3036/2848 3468/3029/3468 1118/30/1118
f 2848/3036/2848 1001/3035/1001 2846/3030/2846 3468/3029/3468
f 2843/3022/2843 3469/3025/3469 2845/3028/2845 1000/3023/1000
f 424/3067/424 1768/344/1768 3469/3025/3469 2843/3022/2843
f 1768/344/1768 216/343/216 1955/3026/1955 3469/3025/3469
f 1806/1286/1806 3470/3021/3470 2844/3024/2844 462/1287/462
f 54/171/54 1224/3068/1224 3470/3021/3470 1806/1286/1806
f 1224/3068/1224 424/3067/424 2843/3022/2843 3470/3021/3470
f 1262/938/1262 3471/3017/3471 1412/3020/1412 110/939/110
f 462/1287/462 2844/3024/2844 3471/3017/3471 1262/938/1262
f 2844/3024/2844 1000/3023/1000 2842/3018/2842 3471/3017/3471
f 2839/3010/2839 3472/3013/3472 2841/3016/2841 999/3011/999
f 568/3415/568 1912/228/1912 3472/3013/3472 2839/3010/2839
f 1912/228/1912 79/227/79 1910/3014/1910 3472/3013/3472
f 1955/3026/1955 3473/3009/3473 2840/3012/2840 611/3027/611
f 216/343/216 1368/3416/1368 3473/3009/3473 1955/3026/1955
f 1368/3416/1368 568/3415/568 2839/3010/2839 3473/3009/3473
f 1411/358/1411 3474/3005/3474 1413/3008/1413 234/359/234
f 611/3027/611 2840/3012/2840 3474/3005/3474 1411/358/1411
f 2840/3012/2840 999/3011/999 2838/3006/2838 3474/3005/3474
f 2835/2998/2835 3475/3001/3475 2837/3004/2837 998/2999/998
f 616/2983/616 1960/372/1960 3475/3001/3475 2835/2998/2835
f 1960/372/1960 235/371/235 1958/3002/1958 3475/3001/3475
f 1763/3458/1763 3476/2997/3476 2836/3000/2836 419/3459/419
f 211/387/211 1416/2984/1416 3476/2997/3476 1763/3458/1763
f 1416/2984/1416 616/2983/616 2835/2998/2835 3476/2997/3476
f 1219/214/1219 3477/2993/3477 1221/2996/1221 78/215/78
f 419/3459/419 2836/3000/2836 3477/2993/3477 1219/214/1219
f 2836/3000/2836 998/2999/998 2834/2994/2834 3477/2993/3477
f 2831/2986/2831 3478/2989/3478 2833/2992/2833 997/2987/997
f 357/1267/357 1701/944/1701 3478/2989/3478 2831/2986/2831
f 1701/944/1701 149/943/149 1959/2990/1959 3478/2989/3478
f 1907/2942/1907 3479/2985/3479 2832/2988/2832 563/2943/563
f 53/175/53 1157/1268/1157 3479/2985/3479 1907/2942/1907
f 1157/1268/1157 357/1267/357 2831/2986/2831 3479/2985/3479
f 1363/386/1363 3480/2981/3480 1416/2984/1416 211/387/211
f 563/2943/563 2832/2988/2832 3480/2981/3480 1363/386/1363
f 2832/2988/2832 997/2987/997 2830/2982/2830 3480/2981/3480
f 2827/2974/2827 3481/2977/3481 2829/2980/2829 996/2975/996
f 501/4015/501 1845/28/1845 3481/2977/3481 2827/2974/2827
f 1845/28/1845 16/27/16 1824/2978/1824 3481/2977/3481
f 1959/2990/1959 3482/2973/3482 2828/2976/2828 615/2991/615
f 149/943/149 1301/4016/1301 3482/2973/3482 1959/2990/1959
f 1301/4016/1301 501/4015/501 2827/2974/2827 3482/2973/3482
f 1415/370/1415 3483/2969/3483 1417/2972/1417 235/371/235
f 615/2991/615 2828/2976/2828 3483/2969/3483 1415/370/1415
f 2828/2976/2828 996/2975/996 2826/2970/2826 3483/2969/3483
f 2823/2962/2823 3484/2965/3484 2825/2968/2825 995/2963/995
f 620/2947/620 1964/384/1964 3484/2965/3484 2823/2962/2823
f 1964/384/1964 236/383/236 1962/2966/1962 3484/2965/3484
f 1698/3482/1698 3485/2961/3485 2824/2964/2824 354/3483/354
f 146/411/146 1420/2948/1420 3485/2961/3485 1698/3482/1698
f 1420/2948/1420 620/2947/620 2823/2962/2823 3485/2961/3485
f 1154/206/1154 3486/2957/3486 1220/2960/1220 50/207/50
f 354/3483/354 2824/2964/2824 3486/2957/3486 1154/206/1154
f 2824/2964/2824 995/2963/995 2822/2958/2822 3486/2957/3486
f 2819/2950/2819 3487/2953/3487 2821/2956/2821 994/2951/994
f 317/2599/317 1661/500/1661 3487/2953/3487 2819/2950/2819
f 1661/500/1661 109/499/109 1963/2954/1963 3487/2953/3487
f 1842/2870/1842 3488/2949/3488 2820/2952/2820 498/2871/498
f 22/23/22 1117/2600/1117 3488/2949/3488 1842/2870/1842
f 1117/2600/1117 317/2599/317 2819/2950/2819 3488/2949/3488
f 1298/410/1298 3489/2945/3489 1420/2948/1420 146/411/146
f 498/2871/498 2820/2952/2820 3489/2945/3489 1298/410/1298
f 2820/2952/2820 994/2951/994 2818/2946/2818 3489/2945/3489
f 2815/2938/2815 3490/2941/3490 2817/2944/2817 993/2939/993
f 461/3571/461 1805/176/1805 3490/2941/3490 2815/2938/2815
f 1805/176/1805 53/175/53 1907/2942/1907 3490/2941/3490
f 1963/2954/1963 3491/2937/3491 2816/2940/2816 619/2955/619
f 109/499/109 1261/3572/1261 3491/2937/3491 1963/2954/1963
f 1261/3572/1261 461/3571/461 2815/2938/2815 3491/2937/3491
f 1419/382/1419 3492/2933/3492 1421/2936/1421 236/383/236
f 619/2955/619 2816/2940/2816 3492/2933/3492 1419/382/1419
f 2816/2940/2816 993/2939/993 2814/2934/2814 3492/2933/3492
f 2811/2926/2811 3493/2929/3493 2813/2932/2813 992/2927/992
f 624/2911/624 1968/396/1968 3493/2929/3493 2811/2926/2811
f 1968/396/1968 237/395/237 1966/2930/1966 3493/2929/3493
f 1658/4046/1658 3494/2925/3494 2812/2928/2812 314/4047/314
f 106/975/106 1424/2912/1424 3494/2925/3494 1658/4046/1658
f 1424/2912/1424 624/2911/624 2811/2926/2811 3494/2925/3494
f 1114/18/1114 3495/2921/3495 1113/2924/1113 21/19/21
f 314/4047/314 2812/2928/2812 3495/2921/3495 1114/18/1114
f 2812/2928/2812 992/2927/992 2810/2922/2810 3495/2921/3495
f 2807/2914/2807 3496/2917/3496 2809/2920/2809 991/2915/991
f 420/2959/420 1764/380/1764 3496/2917/3496 2807/2914/2807
f 1764/380/1764 212/379/212 1967/2918/1967 3496/2917/3496
f 1802/1178/1802 3497/2913/3497 2808/2916/2808 458/1179/458
f 50/207/50 1220/2960/1220 3497/2913/3497 1802/1178/1802
f 1220/2960/1220 420/2959/420 2807/2914/2807 3497/2913/3497
f 1258/974/1258 3498/2909/3498 1424/2912/1424 106/975/106
f 458/1179/458 2808/2916/2808 3498/2909/3498 1258/974/1258
f 2808/2916/2808 991/2915/991 2806/2910/2806 3498/2909/3498
f 2803/2902/2803 3499/2905/3499 2805/2908/2805 990/2903/990
f 564/3451/564 1908/216/1908 3499/2905/3499 2803/2902/2803
f 1908/216/1908 78/215/78 1906/2906/1906 3499/2905/3499
f 1967/2918/1967 3500/2901/3500 2804/2904/2804 623/2919/623
f 212/379/212 1364/3452/1364 3500/2901/3500 1967/2918/1967
f 1364/3452/1364 564/3451/564 2803/2902/2803 3500/2901/3500
f 1423/394/1423 3501/2897/3501 1425/2900/1425 237/395/237
f 623/2919/623 2804/2904/2804 3501/2897/3501 1423/394/1423
f 2804/2904/2804 990/2903/990 2802/2898/2802 3501/2897/3501
f 2799/2890/2799 3502/2893/3502 2801/2896/2801 989/2891/989
f 628/2875/628 1972/408/1972 3502/2893/3502 2799/2890/2799
f 1972/408/1972 238/407/238 1970/2894/1970 3502/2893/3502
f 1759/3494/1759 3503/2889/3503 2800/2892/2800 415/3495/415
f 207/423/207 1428/2876/1428 3503/2889/3503 1759/3494/1759
f 1428/2876/1428 628/2875/628 2799/2890/2799 3503/2889/3503
f 1215/202/1215 3504/2885/3504 1217/2888/1217 77/203/77
f 415/3495/415 2800/2892/2800 3504/2885/3504 1215/202/1215
f 2800/2892/2800 989/2891/989 2798/2886/2798 3504/2885/3504
f 2795/2878/2795 3505/2881/3505 2797/2884/2797 988/2879/988
f 356/1231/356 1700/956/1700 3505/2881/3505 2795/2878/2795
f 1700/956/1700 148/955/148 1971/2882/1971 3505/2881/3505
f 1903/2834/1903 3506/2877/3506 2796/2880/2796 559/2835/559
f 52/187/52 1156/1232/1156 3506/2877/3506 1903/2834/1903
f 1156/1232/1156 356/1231/356 2795/2878/2795 3506/2877/3506
f 1359/422/1359 3507/2873/3507 1428/2876/1428 207/423/207
f 559/2835/559 2796/2880/2796 3507/2873/3507 1359/422/1359
f 2796/2880/2796 988/2879/988 2794/2874/2794 3507/2873/3507
f 2791/2866/2791 3508/2869/3508 2793/2872/2793 987/2867/987
f 500/4027/500 1844/24/1844 3508/2869/3508 2791/2866/2791
f 1844/24/1844 22/23/22 1842/2870/1842 3508/2869/3508
f 1971/2882/1971 3509/2865/3509 2792/2868/2792 627/2883/627
f 148/955/148 1300/4028/1300 3509/2865/3509 1971/2882/1971
f 1300/4028/1300 500/4027/500 2791/2866/2791 3509/2865/3509
f 1427/406/1427 3510/2861/3510 1429/2864/1429 238/407/238
f 627/2883/627 2792/2868/2792 3510/2861/3510 1427/406/1427
f 2792/2868/2792 987/2867/987 2790/2862/2790 3510/2861/3510
f 2787/2854/2787 3511/2857/3511 2789/2860/2789 986/2855/986
f 632/2839/632 1976/420/1976 3511/2857/3511 2787/2854/2787
f 1976/420/1976 239/419/239 1974/2858/1974 3511/2857/3511
f 1683/3410/1683 3512/2853/3512 2788/2856/2788 339/3411/339
f 131/339/131 1432/2840/1432 3512/2853/3512 1683/3410/1683
f 1432/2840/1432 632/2839/632 2787/2854/2787 3512/2853/3512
f 1139/230/1139 3513/2849/3513 1216/2852/1216 35/231/35
f 339/3411/339 2788/2856/2788 3513/2849/3513 1139/230/1139
f 2788/2856/2788 986/2855/986 2786/2850/2786 3513/2849/3513
f 2783/2842/2783 3514/2845/3514 2785/2848/2785 985/2843/985
f 316/2707/316 1660/464/1660 3514/2845/3514 2783/2842/2783
f 1660/464/1660 108/463/108 1975/2846/1975 3514/2845/3514
f 1827/3086/1827 3515/2841/3515 2784/2844/2784 483/3087/483
f 19/39/19 1116/2708/1116 3515/2841/3515 1827/3086/1827
f 1116/2708/1116 316/2707/316 2783/2842/2783 3515/2841/3515
f 1283/338/1283 3516/2837/3516 1432/2840/1432 131/339/131
f 483/3087/483 2784/2844/2784 3516/2837/3516 1283/338/1283
f 2784/2844/2784 985/2843/985 2782/2838/2782 3516/2837/3516
f 2779/2830/2779 3517/2833/3517 2781/2836/2781 984/2831/984
f 460/3535/460 1804/188/1804 3517/2833/3517 2779/2830/2779
f 1804/188/1804 52/187/52 1903/2834/1903 3517/2833/3517
f 1975/2846/1975 3518/2829/3518 2780/2832/2780 631/2847/631
f 108/463/108 1260/3536/1260 3518/2829/3518 1975/2846/1975
f 1260/3536/1260 460/3535/460 2779/2830/2779 3518/2829/3518
f 1431/418/1431 3519/2825/3519 1433/2828/1433 239/419/239
f 631/2847/631 2780/2832/2780 3519/2825/3519 1431/418/1431
f 2780/2832/2780 984/2831/984 2778/2826/2778 3519/2825/3519
f 2775/2818/2775 3520/2821/3520 2777/2824/2777 983/2819/983
f 636/2803/636 1980/432/1980 3520/2821/3520 2775/2818/2775
f 1980/432/1980 240/431/240 1978/2822/1978 3520/2821/3520
f 1643/4070/1643 3521/2817/3521 2776/2820/2776 299/4071/299
f 91/999/91 1436/2804/1436 3521/2817/3521 1643/4070/1643
f 1436/2804/1436 636/2803/636 2775/2818/2775 3521/2817/3521
f 1099/10/1099 3522/2813/3522 1101/2816/1101 9/11/9
f 299/4071/299 2776/2820/2776 3522/2813/3522 1099/10/1099
f 2776/2820/2776 983/2819/983 2774/2814/2774 3522/2813/3522
f 2771/2806/2771 3523/2809/3523 2773/2812/2773 982/2807/982
f 416/2851/416 1760/416/1760 3523/2809/3523 2771/2806/2771
f 1760/416/1760 208/415/208 1979/2810/1979 3523/2809/3523
f 1787/1106/1787 3524/2805/3524 2772/2808/2772 443/1107/443
f 35/231/35 1216/2852/1216 3524/2805/3524 1787/1106/1787
f 1216/2852/1216 416/2851/416 2771/2806/2771 3524/2805/3524
f 1243/998/1243 3525/2801/3525 1436/2804/1436 91/999/91
f 443/1107/443 2772/2808/2772 3525/2801/3525 1243/998/1243
f 2772/2808/2772 982/2807/982 2770/2802/2770 3525/2801/3525
f 2767/2794/2767 3526/2797/3526 2769/2800/2769 981/2795/981
f 560/3487/560 1904/204/1904 3526/2797/3526 2767/2794/2767
f 1904/204/1904 77/203/77 1902/2798/1902 3526/2797/3526
f 1979/2810/1979 3527/2793/3527 2768/2796/2768 635/2811/635
f 208/415/208 1360/3488/1360 3527/2793/3527 1979/2810/1979
f 1360/3488/1360 560/3487/560 2767/2794/2767 3527/2793/3527
f 1435/430/1435 3528/2789/3528 1437/2792/1437 240/431/240
f 635/2811/635 2768/2796/2768 3528/2789/3528 1435/430/1435
f 2768/2796/2768 981/2795/981 2766/2790/2766 3528/2789/3528
f 2763/2782/2763 3529/2785/3529 2765/2788/2765 980/2783/980
f 640/2767/640 1984/444/1984 3529/2785/3529 2763/2782/2763
f 1984/444/1984 241/443/241 1982/2786/1982 3529/2785/3529
f 1755/3530/1755 3530/2781/3530 2764/2784/2764 411/3531/411
f 203/459/203 1440/2768/1440 3530/2781/3530 1755/3530/1755
f 1440/2768/1440 640/2767/640 2763/2782/2763 3530/2781/3530
f 1211/190/1211 3531/2777/3531 1213/2780/1213 76/191/76
f 411/3531/411 2764/2784/2764 3531/2777/3531 1211/190/1211
f 2764/2784/2764 980/2783/980 2762/2778/2762 3531/2777/3531
f 2759/2770/2759 3532/2773/3532 2761/2776/2761 979/2771/979
f 447/4097/447 1247/4098/1247 3532/2773/3532 2759/2770/2759
f 1247/4098/1247 95/4099/95 1983/2774/1983 3532/2773/3532
f 1899/2726/1899 3533/2769/3533 2760/2772/2760 555/2727/555
f 39/4100/39 1791/4101/1791 3533/2769/3533 1899/2726/1899
f 1791/4101/1791 447/4097/447 2759/2770/2759 3533/2769/3533
f 1355/458/1355 3534/2765/3534 1440/2768/1440 203/459/203
f 555/2727/555 2760/2772/2760 3534/2765/3534 1355/458/1355
f 2760/2772/2760 979/2771/979 2758/2766/2758 3534/2765/3534
f 2755/2758/2755 3535/2761/3535 2757/2764/2757 978/2759/978
f 303/4102/303 1103/4103/1103 3535/2761/3535 2755/2758/2755
f 1103/4103/1103 11/4104/11 1843/2762/1843 3535/2761/3535
f 1983/2774/1983 3536/2757/3536 2756/2760/2756 639/2775/639
f 95/4099/95 1647/4105/1647 3536/2757/3536 1983/2774/1983
f 1647/4105/1647 303/4102/303 2755/2758/2755 3536/2757/3536
f 1439/442/1439 3537/2753/3537 1441/2756/1441 241/443/241
f 639/2775/639 2756/2760/2756 3537/2753/3537 1439/442/1439
f 2756/2760/2756 978/2759/978 2754/2754/2754 3537/2753/3537
f 2751/2746/2751 3538/2749/3538 2753/2752/2753 977/2747/977
f 644/2731/644 1988/456/1988 3538/2749/3538 2751/2746/2751
f 1988/456/1988 242/455/242 1986/2750/1986 3538/2749/3538
f 1695/3662/1695 3539/2745/3539 2752/2748/2752 351/3663/351
f 143/591/143 1444/2732/1444 3539/2745/3539 1695/3662/1695
f 1444/2732/1444 644/2731/644 2751/2746/2751 3539/2745/3539
f 1151/146/1151 3540/2741/3540 1212/2744/1212 47/147/47
f 351/3663/351 2752/2748/2752 3540/2741/3540 1151/146/1151
f 2752/2748/2752 977/2747/977 2750/2742/2750 3540/2741/3540
f 2747/2734/2747 3541/2737/3541 2749/2740/2749 976/2735/976
f 487/4106/487 1287/4107/1287 3541/2737/3541 2747/2734/2747
f 1287/4107/1287 135/4108/135 1987/2738/1987 3541/2737/3541
f 1839/2330/1839 3542/2733/3542 2748/2736/2748 495/2331/495
f 6/4109/6 1831/4110/1831 3542/2733/3542 1839/2330/1839
f 1831/4110/1831 487/4106/487 2747/2734/2747 3542/2733/3542
f 1295/590/1295 3543/2729/3543 1444/2732/1444 143/591/143
f 495/2331/495 2748/2736/2748 3543/2729/3543 1295/590/1295
f 2748/2736/2748 976/2735/976 2746/2730/2746 3543/2729/3543
f 2743/2722/2743 3544/2725/3544 2745/2728/2745 975/2723/975
f 343/4111/343 1143/4112/1143 3544/2725/3544 2743/2722/2743
f 1143/4112/1143 39/4100/39 1899/2726/1899 3544/2725/3544
f 1987/2738/1987 3545/2721/3545 2744/2724/2744 643/2739/643
f 135/4108/135 1687/4113/1687 3545/2721/3545 1987/2738/1987
f 1687/4113/1687 343/4111/343 2743/2722/2743 3545/2721/3545
f 1443/454/1443 3546/2717/3546 1445/2720/1445 242/455/242
f 643/2739/643 2744/2724/2744 3546/2717/3546 1443/454/1443
f 2744/2724/2744 975/2723/975 2742/2718/2742 3546/2717/3546
f 2739/2710/2739 3547/2713/3547 2741/2716/2741 974/2711/974
f 648/2695/648 1992/468/1992 3547/2713/3547 2739/2710/2739
f 1992/468/1992 243/467/243 1990/2714/1990 3547/2713/3547
f 1655/3986/1655 3548/2709/3548 2740/2712/2740 311/3987/311
f 103/915/103 1448/2696/1448 3548/2709/3548 1655/3986/1655
f 1448/2696/1448 648/2695/648 2739/2710/2739 3548/2709/3548
f 1111/38/1111 3549/2705/3549 1116/2708/1116 19/39/19
f 311/3987/311 2740/2712/2740 3549/2705/3549 1111/38/1111
f 2740/2712/2740 974/2711/974 2738/2706/2738 3549/2705/3549
f 2735/2698/2735 3550/2701/3550 2737/2704/2737 973/2699/973
f 412/2743/412 1756/452/1756 3550/2701/3550 2735/2698/2735
f 1756/452/1756 204/451/204 1991/2702/1991 3550/2701/3550
f 1799/1358/1799 3551/2697/3551 2736/2700/2736 455/1359/455
f 47/147/47 1212/2744/1212 3551/2697/3551 1799/1358/1799
f 1212/2744/1212 412/2743/412 2735/2698/2735 3551/2697/3551
f 1255/914/1255 3552/2693/3552 1448/2696/1448 103/915/103
f 455/1359/455 2736/2700/2736 3552/2693/3552 1255/914/1255
f 2736/2700/2736 973/2699/973 2734/2694/2734 3552/2693/3552
f 2731/2686/2731 3553/2689/3553 2733/2692/2733 972/2687/972
f 556/3523/556 1900/192/1900 3553/2689/3553 2731/2686/2731
f 1900/192/1900 76/191/76 1898/2690/1898 3553/2689/3553
f 1991/2702/1991 3554/2685/3554 2732/2688/2732 647/2703/647
f 204/451/204 1356/3524/1356 3554/2685/3554 1991/2702/1991
f 1356/3524/1356 556/3523/556 2731/2686/2731 3554/2685/3554
f 1447/466/1447 3555/2681/3555 1449/2684/1449 243/467/243
f 647/2703/647 2732/2688/2732 3555/2681/3555 1447/466/1447
f 2732/2688/2732 972/2687/972 2730/2682/2730 3555/2681/3555
f 2727/2674/2727 3556/2677/3556 2729/2680/2729 971/2675/971
f 652/2659/652 1996/480/1996 3556/2677/3556 2727/2674/2727
f 1996/480/1996 244/479/244 1994/2678/1994 3556/2677/3556
f 1751/3566/1751 3557/2673/3557 2728/2676/2728 407/3567/407
f 199/495/199 1452/2660/1452 3557/2673/3557 1751/3566/1751
f 1452/2660/1452 652/2659/652 2727/2674/2727 3557/2673/3557
f 1207/178/1207 3558/2669/3558 1209/2672/1209 75/179/75
f 407/3567/407 2728/2676/2728 3558/2669/3558 1207/178/1207
f 2728/2676/2728 971/2675/971 2726/2670/2726 3558/2669/3558
f 2723/2662/2723 3559/2665/3559 2725/2668/2725 970/2663/970
f 435/4114/435 1235/4115/1235 3559/2665/3559 2723/2662/2723
f 1235/4115/1235 83/4116/83 1995/2666/1995 3559/2665/3559
f 1895/2618/1895 3560/2661/3560 2724/2664/2724 551/2619/551
f 27/4117/27 1779/4118/1779 3560/2661/3560 1895/2618/1895
f 1779/4118/1779 435/4114/435 2723/2662/2723 3560/2661/3560
f 1351/494/1351 3561/2657/3561 1452/2660/1452 199/495/199
f 551/2619/551 2724/2664/2724 3561/2657/3561 1351/494/1351
f 2724/2664/2724 970/2663/970 2722/2658/2722 3561/2657/3561
f 2719/2650/2719 3562/2653/3562 2721/2656/2721 969/2651/969
f 291/4119/291 1091/4120/1091 3562/2653/3562 2719/2650/2719
f 1091/4120/1091 2/4121/2 1836/2654/1836 3562/2653/3562
f 1995/2666/1995 3563/2649/3563 2720/2652/2720 651/2667/651
f 83/4116/83 1635/4122/1635 3563/2649/3563 1995/2666/1995
f 1635/4122/1635 291/4119/291 2719/2650/2719 3563/2649/3563
f 1451/478/1451 3564/2645/3564 1453/2648/1453 244/479/244
f 651/2667/651 2720/2652/2720 3564/2645/3564 1451/478/1451
f 2720/2652/2720 969/2651/969 2718/2646/2718 3564/2645/3564
f 2715/2638/2715 3565/2641/3565 2717/2644/2717 968/2639/968
f 656/2623/656 2000/492/2000 3565/2641/3565 2715/2638/2715
f 2000/492/2000 245/491/245 1998/2642/1998 3565/2641/3565
f 1699/3518/1699 3566/2637/3566 2716/2640/2716 355/3519/355
f 147/447/147 1456/2624/1456 3566/2637/3566 1699/3518/1699
f 1456/2624/1456 656/2623/656 2715/2638/2715 3566/2637/3566
f 1155/194/1155 3567/2633/3567 1208/2636/1208 51/195/51
f 355/3519/355 2716/2640/2716 3567/2633/3567 1155/194/1155
f 2716/2640/2716 968/2639/968 2714/2634/2714 3567/2633/3567
f 2711/2626/2711 3568/2629/3568 2713/2632/2713 967/2627/967
f 475/4123/475 1275/4124/1275 3568/2629/3568 2711/2626/2711
f 1275/4124/1275 123/4125/123 1999/2630/1999 3568/2629/3568
f 1843/2762/1843 3569/2625/3569 2712/2628/2712 499/2763/499
f 11/4104/11 1819/4126/1819 3569/2625/3569 1843/2762/1843
f 1819/4126/1819 475/4123/475 2711/2626/2711 3569/2625/3569
f 1299/446/1299 3570/2621/3570 1456/2624/1456 147/447/147
f 499/2763/499 2712/2628/2712 3570/2621/3570 1299/446/1299
f 2712/2628/2712 967/2627/967 2710/2622/2710 3570/2621/3570
f 2707/2614/2707 3571/2617/3571 2709/2620/2709 966/2615/966
f 331/4127/331 1131/4128/1131 3571/2617/3571 2707/2614/2707
f 1131/4128/1131 27/4117/27 1895/2618/1895 3571/2617/3571
f 1999/2630/1999 3572/2613/3572 2708/2616/2708 655/2631/655
f 123/4125/123 1675/4129/1675 3572/2613/3572 1999/2630/1999
f 1675/4129/1675 331/4127/331 2707/2614/2707 3572/2613/3572
f 1455/490/1455 3573/2609/3573 1457/2612/1457 245/491/245
f 655/2631/655 2708/2616/2708 3573/2609/3573 1455/490/1455
f 2708/2616/2708 966/2615/966 2706/2610/2706 3573/2609/3573
f 2703/2602/2703 3574/2605/3574 2705/2608/2705 965/2603/965
f 660/2587/660 2004/504/2004 3574/2605/3574 2703/2602/2703
f 2004/504/2004 246/503/246 2002/2606/2002 3574/2605/3574
f 1659/4034/1659 3575/2601/3575 2704/2604/2704 315/4035/315
f 107/963/107 1460/2588/1460 3575/2601/3575 1659/4034/1659
f 1460/2588/1460 660/2587/660 2703/2602/2703 3575/2601/3575
f 1115/22/1115 3576/2597/3576 1117/2600/1117 22/23/22
f 315/4035/315 2704/2604/2704 3576/2597/3576 1115/22/1115
f 2704/2604/2704 965/2603/965 2702/2598/2702 3576/2597/3576
f 2699/2590/2699 3577/2593/3577 2701/2596/2701 964/2591/964
f 408/2635/408 1752/488/1752 3577/2593/3577 2699/2590/2699
f 1752/488/1752 200/487/200 2003/2594/2003 3577/2593/3577
f 1803/1214/1803 3578/2589/3578 2700/2592/2700 459/1215/459
f 51/195/51 1208/2636/1208 3578/2589/3578 1803/1214/1803
f 1208/2636/1208 408/2635/408 2699/2590/2699 3578/2589/3578
f 1259/962/1259 3579/2585/3579 1460/2588/1460 107/963/107
f 459/1215/459 2700/2592/2700 3579/2585/3579 1259/962/1259
f 2700/2592/2700 964/2591/964 2698/2586/2698 3579/2585/3579
f 2695/2578/2695 3580/2581/3580 2697/2584/2697 963/2579/963
f 552/3559/552 1896/180/1896 3580/2581/3580 2695/2578/2695
f 1896/180/1896 75/179/75 1894/2582/1894 3580/2581/3580
f 2003/2594/2003 3581/2577/3581 2696/2580/2696 659/2595/659
f 200/487/200 1352/3560/1352 3581/2577/3581 2003/2594/2003
f 1352/3560/1352 552/3559/552 2695/2578/2695 3581/2577/3581
f 1459/502/1459 3582/2573/3582 1461/2576/1461 246/503/246
f 659/2595/659 2696/2580/2696 3582/2573/3582 1459/502/1459
f 2696/2580/2696 963/2579/963 2694/2574/2694 3582/2573/3582
f 2691/2566/2691 3583/2569/3583 2693/2572/2693 962/2567/962
f 664/2551/664 2008/516/2008 3583/2569/3583 2691/2566/2691
f 2008/516/2008 247/515/247 2006/2570/2006 3583/2569/3583
f 1747/3602/1747 3584/2565/3584 2692/2568/2692 403/3603/403
f 195/531/195 1464/2552/1464 3584/2565/3584 1747/3602/1747
f 1464/2552/1464 664/2551/664 2691/2566/2691 3584/2565/3584
f 1203/166/1203 3585/2561/3585 1205/2564/1205 74/167/74
f 403/3603/403 2692/2568/2692 3585/2561/3585 1203/166/1203
f 2692/2568/2692 962/2567/962 2690/2562/2690 3585/2561/3585
f 2687/2554/2687 3586/2557/3586 2689/2560/2689 961/2555/961
f 360/1339/360 1704/920/1704 3586/2557/3586 2687/2554/2687
f 1704/920/1704 152/919/152 2007/2558/2007 3586/2557/3586
f 1891/2510/1891 3587/2553/3587 2688/2556/2688 547/2511/547
f 56/151/56 1160/1340/1160 3587/2553/3587 1891/2510/1891
f 1160/1340/1160 360/1339/360 2687/2554/2687 3587/2553/3587
f 1347/530/1347 3588/2549/3588 1464/2552/1464 195/531/195
f 547/2511/547 2688/2556/2688 3588/2549/3588 1347/530/1347
f 2688/2556/2688 961/2555/961 2686/2550/2686 3588/2549/3588
f 2683/2542/2683 3589/2545/3589 2685/2548/2685 960/2543/960
f 504/3991/504 1848/36/1848 3589/2545/3589 2683/2542/2683
f 1848/36/1848 23/35/23 1846/2546/1846 3589/2545/3589
f 2007/2558/2007 3590/2541/3590 2684/2544/2684 663/2559/663
f 152/919/152 1304/3992/1304 3590/2541/3590 2007/2558/2007
f 1304/3992/1304 504/3991/504 2683/2542/2683 3590/2541/3590
f 1463/514/1463 3591/2537/3591 1465/2540/1465 247/515/247
f 663/2559/663 2684/2544/2684 3591/2537/3591 1463/514/1463
f 2684/2544/2684 960/2543/960 2682/2538/2682 3591/2537/3591
f 2679/2530/2679 3592/2533/3592 2681/2536/2681 959/2531/959
f 668/2515/668 2012/528/2012 3592/2533/3592 2679/2530/2679
f 2012/528/2012 248/527/248 2010/2534/2010 3592/2533/3592
f 1246/4130/1246 3593/2529/3593 2680/2532/2680 446/4131/446
f 94/4132/94 1468/2516/1468 3593/2529/3593 1246/4130/1246
f 1468/2516/1468 668/2515/668 2679/2530/2679 3593/2529/3593
f 1790/4133/1790 3594/2525/3594 1204/2528/1204 38/4134/38
f 446/4131/446 2680/2532/2680 3594/2525/3594 1790/4133/1790
f 2680/2532/2680 959/2531/959 2678/2526/2678 3594/2525/3594
f 2675/2518/2675 3595/2521/3595 2677/2524/2677 958/2519/958
f 320/2383/320 1664/572/1664 3595/2521/3595 2675/2518/2675
f 1664/572/1664 112/571/112 2011/2522/2011 3595/2521/3595
f 1102/4135/1102 3596/2517/3596 2676/2520/2676 302/4136/302
f 10/4137/10 1120/2384/1120 3596/2517/3596 1102/4135/1102
f 1120/2384/1120 320/2383/320 2675/2518/2675 3596/2517/3596
f 1646/4138/1646 3597/2513/3597 1468/2516/1468 94/4132/94
f 302/4136/302 2676/2520/2676 3597/2513/3597 1646/4138/1646
f 2676/2520/2676 958/2519/958 2674/2514/2674 3597/2513/3597
f 2671/2506/2671 3598/2509/3598 2673/2512/2673 957/2507/957
f 464/3643/464 1808/152/1808 3598/2509/3598 2671/2506/2671
f 1808/152/1808 56/151/56 1891/2510/1891 3598/2509/3598
f 2011/2522/2011 3599/2505/3599 2672/2508/2672 667/2523/667
f 112/571/112 1264/3644/1264 3599/2505/3599 2011/2522/2011
f 1264/3644/1264 464/3643/464 2671/2506/2671 3599/2505/3599
f 1467/526/1467 3600/2501/3600 1469/2504/1469 248/527/248
f 667/2523/667 2672/2508/2672 3600/2501/3600 1467/526/1467
f 2672/2508/2672 957/2507/957 2670/2502/2670 3600/2501/3600
f 2667/2494/2667 3601/2497/3601 2669/2500/2669 956/2495/956
f 672/2479/672 2016/540/2016 3601/2497/3601 2667/2494/2667
f 2016/540/2016 249/539/249 2014/2498/2014 3601/2497/3601
f 1286/4139/1286 3602/2493/3602 2668/2496/2668 486/4140/486
f 134/4141/134 1472/2480/1472 3602/2493/3602 1286/4139/1286
f 1472/2480/1472 672/2479/672 2667/2494/2667 3602/2493/3602
f 1830/4142/1830 3603/2489/3603 1100/2492/1100 5/4143/5
f 486/4140/486 2668/2496/2668 3603/2489/3603 1830/4142/1830
f 2668/2496/2668 956/2495/956 2666/2490/2666 3603/2489/3603
f 2663/2482/2663 3604/2485/3604 2665/2488/2665 955/2483/955
f 404/2527/404 1748/524/1748 3604/2485/3604 2663/2482/2663
f 1748/524/1748 196/523/196 2015/2486/2015 3604/2485/3604
f 1142/4144/1142 3605/2481/3605 2664/2484/2664 342/4145/342
f 38/4134/38 1204/2528/1204 3605/2481/3605 1142/4144/1142
f 1204/2528/1204 404/2527/404 2663/2482/2663 3605/2481/3605
f 1686/4146/1686 3606/2477/3606 1472/2480/1472 134/4141/134
f 342/4145/342 2664/2484/2664 3606/2477/3606 1686/4146/1686
f 2664/2484/2664 955/2483/955 2662/2478/2662 3606/2477/3606
f 2659/2470/2659 3607/2473/3607 2661/2476/2661 954/2471/954
f 548/3595/548 1892/168/1892 3607/2473/3607 2659/2470/2659
f 1892/168/1892 74/167/74 1890/2474/1890 3607/2473/3607
f 2015/2486/2015 3608/2469/3608 2660/2472/2660 671/2487/671
f 196/523/196 1348/3596/1348 3608/2469/3608 2015/2486/2015
f 1348/3596/1348 548/3595/548 2659/2470/2659 3608/2469/3608
f 1471/538/1471 3609/2465/3609 1473/2468/1473 249/539/249
f 671/2487/671 2660/2472/2660 3609/2465/3609 1471/538/1471
f 2660/2472/2660 954/2471/954 2658/2466/2658 3609/2465/3609
f 2655/2458/2655 3610/2461/3610 2657/2464/2657 953/2459/953
f 676/2443/676 2020/552/2020 3610/2461/3610 2655/2458/2655
f 2020/552/2020 250/551/250 2018/2462/2018 3610/2461/3610
f 1743/3638/1743 3611/2457/3611 2656/2460/2656 399/3639/399
f 191/567/191 1476/2444/1476 3611/2457/3611 1743/3638/1743
f 1476/2444/1476 676/2443/676 2655/2458/2655 3611/2457/3611
f 1199/154/1199 3612/2453/3612 1201/2456/1201 73/155/73
f 399/3639/399 2656/2460/2656 3612/2453/3612 1199/154/1199
f 2656/2460/2656 953/2459/953 2654/2454/2654 3612/2453/3612
f 2651/2446/2651 3613/2449/3613 2653/2452/2653 952/2447/952
f 451/4147/451 1251/4148/1251 3613/2449/3613 2651/2446/2651
f 1251/4148/1251 99/4149/99 2019/2450/2019 3613/2449/3613
f 1887/2402/1887 3614/2445/3614 2652/2448/2652 543/2403/543
f 43/4150/43 1795/4151/1795 3614/2445/3614 1887/2402/1887
f 1795/4151/1795 451/4147/451 2651/2446/2651 3614/2445/3614
f 1343/566/1343 3615/2441/3615 1476/2444/1476 191/567/191
f 543/2403/543 2652/2448/2652 3615/2441/3615 1343/566/1343
f 2652/2448/2652 952/2447/952 2650/2442/2650 3615/2441/3615
f 2647/2434/2647 3616/2437/3616 2649/2440/2649 951/2435/951
f 307/4152/307 1107/4153/1107 3616/2437/3616 2647/2434/2647
f 1107/4153/1107 15/4154/15 1847/2438/1847 3616/2437/3616
f 2019/2450/2019 3617/2433/3617 2648/2436/2648 675/2451/675
f 99/4149/99 1651/4155/1651 3617/2433/3617 2019/2450/2019
f 1651/4155/1651 307/4152/307 2647/2434/2647 3617/2433/3617
f 1475/550/1475 3618/2429/3618 1477/2432/1477 250/551/250
f 675/2451/675 2648/2436/2648 3618/2429/3618 1475/550/1475
f 2648/2436/2648 951/2435/951 2646/2430/2646 3618/2429/3618
f 2643/2422/2643 3619/2425/3619 2645/2428/2645 950/2423/950
f 680/2407/680 2024/564/2024 3619/2425/3619 2643/2422/2643
f 2024/564/2024 251/563/251 2022/2426/2022 3619/2425/3619
f 1234/4156/1234 3620/2421/3620 2644/2424/2644 434/4157/434
f 82/4158/82 1480/2408/1480 3620/2421/3620 1234/4156/1234
f 1480/2408/1480 680/2407/680 2643/2422/2643 3620/2421/3620
f 1778/4159/1778 3621/2417/3621 1200/2420/1200 26/4160/26
f 434/4157/434 2644/2424/2644 3621/2417/3621 1778/4159/1778
f 2644/2424/2644 950/2423/950 2642/2418/2642 3621/2417/3621
f 2639/2410/2639 3622/2413/3622 2641/2416/2641 949/2411/949
f 491/4161/491 1291/4162/1291 3622/2413/3622 2639/2410/2639
f 1291/4162/1291 139/4163/139 2023/2414/2023 3622/2413/3622
f 1090/4164/1090 3623/2409/3623 2640/2412/2640 290/4165/290
f 1/4166/1 1835/4167/1835 3623/2409/3623 1090/4164/1090
f 1835/4167/1835 491/4161/491 2639/2410/2639 3623/2409/3623
f 1634/4168/1634 3624/2405/3624 1480/2408/1480 82/4158/82
f 290/4165/290 2640/2412/2640 3624/2405/3624 1634/4168/1634
f 2640/2412/2640 949/2411/949 2638/2406/2638 3624/2405/3624
f 2635/2398/2635 3625/2401/3625 2637/2404/2637 948/2399/948
f 347/4169/347 1147/4170/1147 3625/2401/3625 2635/2398/2635
f 1147/4170/1147 43/4150/43 1887/2402/1887 3625/2401/3625
f 2023/2414/2023 3626/2397/3626 2636/2400/2636 679/2415/679
f 139/4163/139 1691/4171/1691 3626/2397/3626 2023/2414/2023
f 1691/4171/1691 347/4169/347 2635/2398/2635 3626/2397/3626
f 1479/562/1479 3627/2393/3627 1481/2396/1481 251/563/251
f 679/2415/679 2636/2400/2636 3627/2393/3627 1479/562/1479
f 2636/2400/2636 948/2399/948 2634/2394/2634 3627/2393/3627
f 2631/2386/2631 3628/2389/3628 2633/2392/2633 947/2387/947
f 684/2371/684 2028/576/2028 3628/2389/3628 2631/2386/2631
f 2028/576/2028 252/575/252 2026/2390/2026 3628/2389/3628
f 1274/4172/1274 3629/2385/3629 2632/2388/2632 474/4173/474
f 122/4174/122 1484/2372/1484 3629/2385/3629 1274/4172/1274
f 1484/2372/1484 684/2371/684 2631/2386/2631 3629/2385/3629
f 1818/4175/1818 3630/2381/3630 1120/2384/1120 10/4137/10
f 474/4173/474 2632/2388/2632 3630/2381/3630 1818/4175/1818
f 2632/2388/2632 947/2387/947 2630/2382/2630 3630/2381/3630
f 2627/2374/2627 3631/2377/3631 2629/2380/2629 946/2375/946
f 400/2419/400 1744/560/1744 3631/2377/3631 2627/2374/2627
f 1744/560/1744 192/559/192 2027/2378/2027 3631/2377/3631
f 1130/4176/1130 3632/2373/3632 2628/2376/2628 330/4177/330
f 26/4160/26 1200/2420/1200 3632/2373/3632 1130/4176/1130
f 1200/2420/1200 400/2419/400 2627/2374/2627 3632/2373/3632
f 1674/4178/1674 3633/2369/3633 1484/2372/1484 122/4174/122
f 330/4177/330 2628/2376/2628 3633/2369/3633 1674/4178/1674
f 2628/2376/2628 946/2375/946 2626/2370/2626 3633/2369/3633
f 2623/2362/2623 3634/2365/3634 2625/2368/2625 945/2363/945
f 544/3631/544 1888/156/1888 3634/2365/3634 2623/2362/2623
f 1888/156/1888 73/155/73 1886/2366/1886 3634/2365/3634
f 2027/2378/2027 3635/2361/3635 2624/2364/2624 683/2379/683
f 192/559/192 1344/3632/1344 3635/2361/3635 2027/2378/2027
f 1344/3632/1344 544/3631/544 2623/2362/2623 3635/2361/3635
f 1483/574/1483 3636/2357/3636 1485/2360/1485 252/575/252
f 683/2379/683 2624/2364/2624 3636/2357/3636 1483/574/1483
f 2624/2364/2624 945/2363/945 2622/2358/2622 3636/2357/3636
f 2619/2350/2619 3637/2353/3637 2621/2356/2621 944/2351/944
f 688/2335/688 2032/588/2032 3637/2353/3637 2619/2350/2619
f 2032/588/2032 253/587/253 2030/2354/2030 3637/2353/3637
f 1739/3674/1739 3638/2349/3638 2620/2352/2620 395/3675/395
f 187/603/187 1488/2336/1488 3638/2349/3638 1739/3674/1739
f 1488/2336/1488 688/2335/688 2619/2350/2619 3638/2349/3638
f 1195/142/1195 3639/2345/3639 1197/2348/1197 72/143/72
f 395/3675/395 2620/2352/2620 3639/2345/3639 1195/142/1195
f 2620/2352/2620 944/2351/944 2618/2346/2618 3639/2345/3639
f 2615/2338/2615 3640/2341/3640 2617/2344/2617 943/2339/943
f 439/4179/439 1239/4180/1239 3640/2341/3640 2615/2338/2615
f 1239/4180/1239 87/4181/87 2031/2342/2031 3640/2341/3640
f 1883/2294/1883 3641/2337/3641 2616/2340/2616 539/2295/539
f 31/4182/31 1783/4183/1783 3641/2337/3641 1883/2294/1883
f 1783/4183/1783 439/4179/439 2615/2338/2615 3641/2337/3641
f 1339/602/1339 3642/2333/3642 1488/2336/1488 187/603/187
f 539/2295/539 2616/2340/2616 3642/2333/3642 1339/602/1339
f 2616/2340/2616 943/2339/943 2614/2334/2614 3642/2333/3642
f 2611/2326/2611 3643/2329/3643 2613/2332/2613 942/2327/942
f 295/4184/295 1095/4185/1095 3643/2329/3643 2611/2326/2611
f 1095/4185/1095 6/4109/6 1839/2330/1839 3643/2329/3643
f 2031/2342/2031 3644/2325/3644 2612/2328/2612 687/2343/687
f 87/4181/87 1639/4186/1639 3644/2325/3644 2031/2342/2031
f 1639/4186/1639 295/4184/295 2611/2326/2611 3644/2325/3644
f 1487/586/1487 3645/2321/3645 1489/2324/1489 253/587/253
f 687/2343/687 2612/2328/2612 3645/2321/3645 1487/586/1487
f 2612/2328/2612 942/2327/942 2610/2322/2610 3645/2321/3645
f 2607/2314/2607 3646/2317/3646 2609/2320/2609 941/2315/941
f 692/2299/692 2036/600/2036 3646/2317/3646 2607/2314/2607
f 2036/600/2036 254/599/254 2034/2318/2034 3646/2317/3646
f 1703/3626/1703 3647/2313/3647 2608/2316/2608 359/3627/359
f 151/555/151 1492/2300/1492 3647/2313/3647 1703/3626/1703
f 1492/2300/1492 692/2299/692 2607/2314/2607 3647/2313/3647
f 1159/158/1159 3648/2309/3648 1196/2312/1196 55/159/55
f 359/3627/359 2608/2316/2608 3648/2309/3648 1159/158/1159
f 2608/2316/2608 941/2315/941 2606/2310/2606 3648/2309/3648
f 2603/2302/2603 3649/2305/3649 2605/2308/2605 940/2303/940
f 479/4187/479 1279/4188/1279 3649/2305/3649 2603/2302/2603
f 1279/4188/1279 127/4189/127 2035/2306/2035 3649/2305/3649
f 1847/2438/1847 3650/2301/3650 2604/2304/2604 503/2439/503
f 15/4154/15 1823/4190/1823 3650/2301/3650 1847/2438/1847
f 1823/4190/1823 479/4187/479 2603/2302/2603 3650/2301/3650
f 1303/554/1303 3651/2297/3651 1492/2300/1492 151/555/151
f 503/2439/503 2604/2304/2604 3651/2297/3651 1303/554/1303
f 2604/2304/2604 940/2303/940 2602/2298/2602 3651/2297/3651
f 2599/2290/2599 3652/2293/3652 2601/2296/2601 939/2291/939
f 335/4191/335 1135/4192/1135 3652/2293/3652 2599/2290/2599
f 1135/4192/1135 31/4182/31 1883/2294/1883 3652/2293/3652
f 2035/2306/2035 3653/2289/3653 2600/2292/2600 691/2307/691
f 127/4189/127 1679/4193/1679 3653/2289/3653 2035/2306/2035
f 1679/4193/1679 335/4191/335 2599/2290/2599 3653/2289/3653
f 1491/598/1491 3654/2285/3654 1493/2288/1493 254/599/254
f 691/2307/691 2600/2292/2600 3654/2285/3654 1491/598/1491
f 2600/2292/2600 939/2291/939 2598/2286/2598 3654/2285/3654
f 2595/2278/2595 3655/2281/3655 2597/2284/2597 938/2279/938
f 696/2263/696 2040/612/2040 3655/2281/3655 2595/2278/2595
f 2040/612/2040 255/611/255 2038/2282/2038 3655/2281/3655
f 1663/3998/1663 3656/2277/3656 2596/2280/2596 319/3999/319
f 111/927/111 1496/2264/1496 3656/2277/3656 1663/3998/1663
f 1496/2264/1496 696/2263/696 2595/2278/2595 3656/2277/3656
f 1119/34/1119 3657/2273/3657 1121/2276/1121 23/35/23
f 319/3999/319 2596/2280/2596 3657/2273/3657 1119/34/1119
f 2596/2280/2596 938/2279/938 2594/2274/2594 3657/2273/3657
f 2591/2266/2591 3658/2269/3658 2593/2272/2593 937/2267/937
f 396/2311/396 1740/596/1740 3658/2269/3658 2591/2266/2591
f 1740/596/1740 188/595/188 2039/2270/2039 3658/2269/3658
f 1807/1322/1807 3659/2265/3659 2592/2268/2592 463/1323/463
f 55/159/55 1196/2312/1196 3659/2265/3659 1807/1322/1807
f 1196/2312/1196 396/2311/396 2591/2266/2591 3659/2265/3659
f 1263/926/1263 3660/2261/3660 1496/2264/1496 111/927/111
f 463/1323/463 2592/2268/2592 3660/2261/3660 1263/926/1263
f 2592/2268/2592 937/2267/937 2590/2262/2590 3660/2261/3660
f 2587/2254/2587 3661/2257/3661 2589/2260/2589 936/2255/936
f 540/3667/540 1884/144/1884 3661/2257/3661 2587/2254/2587
f 1884/144/1884 72/143/72 1882/2258/1882 3661/2257/3661
f 2039/2270/2039 3662/2253/3662 2588/2256/2588 695/2271/695
f 188/595/188 1340/3668/1340 3662/2253/3662 2039/2270/2039
f 1340/3668/1340 540/3667/540 2587/2254/2587 3662/2253/3662
f 1495/610/1495 3663/2249/3663 1497/2252/1497 255/611/255
f 695/2271/695 2588/2256/2588 3663/2249/3663 1495/610/1495
f 2588/2256/2588 936/2255/936 2586/2250/2586 3663/2249/3663
f 2583/2242/2583 3664/2245/3664 2585/2248/2585 935/2243/935
f 700/2227/700 2044/624/2044 3664/2245/3664 2583/2242/2583
f 2044/624/2044 256/623/256 2042/2246/2042 3664/2245/3664
f 1735/3710/1735 3665/2241/3665 2584/2244/2584 391/3711/391
f 183/639/183 1500/2228/1500 3665/2241/3665 1735/3710/1735
f 1500/2228/1500 700/2227/700 2583/2242/2583 3665/2241/3665
f 1191/130/1191 3666/2237/3666 1193/2240/1193 71/131/71
f 391/3711/391 2584/2244/2584 3666/2237/3666 1191/130/1191
f 2584/2244/2584 935/2243/935 2582/2238/2582 3666/2237/3666
f 2579/2230/2579 3667/2233/3667 2581/2236/2581 934/2231/934
f 364/1447/364 1708/884/1708 3667/2233/3667 2579/2230/2579
f 1708/884/1708 156/883/156 2043/2234/2043 3667/2233/3667
f 1879/2186/1879 3668/2229/3668 2580/2232/2580 535/2187/535
f 60/115/60 1164/1448/1164 3668/2229/3668 1879/2186/1879
f 1164/1448/1164 364/1447/364 2579/2230/2579 3668/2229/3668
f 1335/638/1335 3669/2225/3669 1500/2228/1500 183/639/183
f 535/2187/535 2580/2232/2580 3669/2225/3669 1335/638/1335
f 2580/2232/2580 934/2231/934 2578/2226/2578 3669/2225/3669
f 2575/2218/2575 3670/2221/3670 2577/2224/2577 933/2219/933
f 508/3955/508 1852/48/1852 3670/2221/3670 2575/2218/2575
f 1852/48/1852 24/47/24 1850/2222/1850 3670/2221/3670
f 2043/2234/2043 3671/2217/3671 2576/2220/2576 699/2235/699
f 156/883/156 1308/3956/1308 3671/2217/3671 2043/2234/2043
f 1308/3956/1308 508/3955/508 2575/2218/2575 3671/2217/3671
f 1499/622/1499 3672/2213/3672 1501/2216/1501 256/623/256
f 699/2235/699 2576/2220/2576 3672/2213/3672 1499/622/1499
f 2576/2220/2576 933/2219/933 2574/2214/2574 3672/2213/3672
f 2571/2206/2571 3673/2209/3673 2573/2212/2573 932/2207/932
f 704/2191/704 2048/636/2048 3673/2209/3673 2571/2206/2571
f 2048/636/2048 257/635/257 2046/2210/2046 3673/2209/3673
f 1250/4194/1250 3674/2205/3674 2572/2208/2572 450/4195/450
f 98/4196/98 1504/2192/1504 3674/2205/3674 1250/4194/1250
f 1504/2192/1504 704/2191/704 2571/2206/2571 3674/2205/3674
f 1794/4197/1794 3675/2201/3675 1192/2204/1192 42/4198/42
f 450/4195/450 2572/2208/2572 3675/2201/3675 1794/4197/1794
f 2572/2208/2572 932/2207/932 2570/2202/2570 3675/2201/3675
f 2567/2194/2567 3676/2197/3676 2569/2200/2569 931/2195/931
f 324/2059/324 1668/680/1668 3676/2197/3676 2567/2194/2567
f 1668/680/1668 116/679/116 2047/2198/2047 3676/2197/3676
f 1106/4199/1106 3677/2193/3677 2568/2196/2568 306/4200/306
f 14/4201/14 1124/2060/1124 3677/2193/3677 1106/4199/1106
f 1124/2060/1124 324/2059/324 2567/2194/2567 3677/2193/3677
f 1650/4202/1650 3678/2189/3678 1504/2192/1504 98/4196/98
f 306/4200/306 2568/2196/2568 3678/2189/3678 1650/4202/1650
f 2568/2196/2568 931/2195/931 2566/2190/2566 3678/2189/3678
f 2563/2182/2563 3679/2185/3679 2565/2188/2565 930/2183/930
f 468/3751/468 1812/116/1812 3679/2185/3679 2563/2182/2563
f 1812/116/1812 60/115/60 1879/2186/1879 3679/2185/3679
f 2047/2198/2047 3680/2181/3680 2564/2184/2564 703/2199/703
f 116/679/116 1268/3752/1268 3680/2181/3680 2047/2198/2047
f 1268/3752/1268 468/3751/468 2563/2182/2563 3680/2181/3680
f 1503/634/1503 3681/2177/3681 1505/2180/1505 257/635/257
f 703/2199/703 2564/2184/2564 3681/2177/3681 1503/634/1503
f 2564/2184/2564 930/2183/930 2562/2178/2562 3681/2177/3681
f 2559/2170/2559 3682/2173/3682 2561/2176/2561 929/2171/929
f 708/2155/708 2052/648/2052 3682/2173/3682 2559/2170/2559
f 2052/648/2052 258/647/258 2050/2174/2050 3682/2173/3682
f 1290/4203/1290 3683/2169/3683 2560/2172/2560 490/4204/490
f 138/4205/138 1508/2156/1508 3683/2169/3683 1290/4203/1290
f 1508/2156/1508 708/2155/708 2559/2170/2559 3683/2169/3683
f 1834/4206/1834 3684/2165/3684 1093/2168/1093 3/4207/3
f 490/4204/490 2560/2172/2560 3684/2165/3684 1834/4206/1834
f 2560/2172/2560 929/2171/929 2558/2166/2558 3684/2165/3684
f 2555/2158/2555 3685/2161/3685 2557/2164/2557 928/2159/928
f 392/2203/392 1736/632/1736 3685/2161/3685 2555/2158/2555
f 1736/632/1736 184/631/184 2051/2162/2051 3685/2161/3685
f 1146/4208/1146 3686/2157/3686 2556/2160/2556 346/4209/346
f 42/4198/42 1192/2204/1192 3686/2157/3686 1146/4208/1146
f 1192/2204/1192 392/2203/392 2555/2158/2555 3686/2157/3686
f 1690/4210/1690 3687/2153/3687 1508/2156/1508 138/4205/138
f 346/4209/346 2556/2160/2556 3687/2153/3687 1690/4210/1690
f 2556/2160/2556 928/2159/928 2554/2154/2554 3687/2153/3687
f 2551/2146/2551 3688/2149/3688 2553/2152/2553 927/2147/927
f 536/3703/536 1880/132/1880 3688/2149/3688 2551/2146/2551
f 1880/132/1880 71/131/71 1878/2150/1878 3688/2149/3688
f 2051/2162/2051 3689/2145/3689 2552/2148/2552 707/2163/707
f 184/631/184 1336/3704/1336 3689/2145/3689 2051/2162/2051
f 1336/3704/1336 536/3703/536 2551/2146/2551 3689/2145/3689
f 1507/646/1507 3690/2141/3690 1509/2144/1509 258/647/258
f 707/2163/707 2552/2148/2552 3690/2141/3690 1507/646/1507
f 2552/2148/2552 927/2147/927 2550/2142/2550 3690/2141/3690
f 2547/2134/2547 3691/2137/3691 2549/2140/2549 926/2135/926
f 712/2119/712 2056/660/2056 3691/2137/3691 2547/2134/2547
f 2056/660/2056 259/659/259 2054/2138/2054 3691/2137/3691
f 1731/3746/1731 3692/2133/3692 2548/2136/2548 387/3747/387
f 179/675/179 1512/2120/1512 3692/2133/3692 1731/3746/1731
f 1512/2120/1512 712/2119/712 2547/2134/2547 3692/2133/3692
f 1187/118/1187 3693/2129/3693 1189/2132/1189 70/119/70
f 387/3747/387 2548/2136/2548 3693/2129/3693 1187/118/1187
f 2548/2136/2548 926/2135/926 2546/2130/2546 3693/2129/3693
f 2543/2122/2543 3694/2125/3694 2545/2128/2545 925/2123/925
f 340/1303/340 1684/932/1684 3694/2125/3694 2543/2122/2543
f 1684/932/1684 132/931/132 2055/2126/2055 3694/2125/3694
f 1875/2078/1875 3695/2121/3695 2544/2124/2544 531/2079/531
f 36/163/36 1140/1304/1140 3695/2121/3695 1875/2078/1875
f 1140/1304/1140 340/1303/340 2543/2122/2543 3695/2121/3695
f 1331/674/1331 3696/2117/3696 1512/2120/1512 179/675/179
f 531/2079/531 2544/2124/2544 3696/2117/3696 1331/674/1331
f 2544/2124/2544 925/2123/925 2542/2118/2542 3696/2117/3696
f 2539/2110/2539 3697/2113/3697 2541/2116/2541 924/2111/924
f 484/4003/484 1828/32/1828 3697/2113/3697 2539/2110/2539
f 1828/32/1828 20/31/20 1851/2114/1851 3697/2113/3697
f 2055/2126/2055 3698/2109/3698 2540/2112/2540 711/2127/711
f 132/931/132 1284/4004/1284 3698/2109/3698 2055/2126/2055
f 1284/4004/1284 484/4003/484 2539/2110/2539 3698/2109/3698
f 1511/658/1511 3699/2105/3699 1513/2108/1513 259/659/259
f 711/2127/711 2540/2112/2540 3699/2105/3699 1511/658/1511
f 2540/2112/2540 924/2111/924 2538/2106/2538 3699/2105/3699
f 2535/2098/2535 3700/2101/3700 2537/2104/2537 923/2099/923
f 716/2083/716 2060/672/2060 3700/2101/3700 2535/2098/2535
f 2060/672/2060 260/671/260 2058/2102/2058 3700/2101/3700
f 1238/4211/1238 3701/2097/3701 2536/2100/2536 438/4212/438
f 86/4213/86 1516/2084/1516 3701/2097/3701 1238/4211/1238
f 1516/2084/1516 716/2083/716 2535/2098/2535 3701/2097/3701
f 1782/4214/1782 3702/2093/3702 1188/2096/1188 30/4215/30
f 438/4212/438 2536/2100/2536 3702/2093/3702 1782/4214/1782
f 2536/2100/2536 923/2099/923 2534/2094/2534 3702/2093/3702
f 2531/2086/2531 3703/2089/3703 2533/2092/2533 922/2087/922
f 300/2491/300 1644/536/1644 3703/2089/3703 2531/2086/2531
f 1644/536/1644 92/535/92 2059/2090/2059 3703/2089/3703
f 1094/4216/1094 3704/2085/3704 2532/2088/2532 294/4217/294
f 5/4143/5 1100/2492/1100 3704/2085/3704 1094/4216/1094
f 1100/2492/1100 300/2491/300 2531/2086/2531 3704/2085/3704
f 1638/4218/1638 3705/2081/3705 1516/2084/1516 86/4213/86
f 294/4217/294 2532/2088/2532 3705/2081/3705 1638/4218/1638
f 2532/2088/2532 922/2087/922 2530/2082/2530 3705/2081/3705
f 2527/2074/2527 3706/2077/3706 2529/2080/2529 921/2075/921
f 444/3607/444 1788/164/1788 3706/2077/3706 2527/2074/2527
f 1788/164/1788 36/163/36 1875/2078/1875 3706/2077/3706
f 2059/2090/2059 3707/2073/3707 2528/2076/2528 715/2091/715
f 92/535/92 1244/3608/1244 3707/2073/3707 2059/2090/2059
f 1244/3608/1244 444/3607/444 2527/2074/2527 3707/2073/3707
f 1515/670/1515 3708/2069/3708 1517/2072/1517 260/671/260
f 715/2091/715 2528/2076/2528 3708/2069/3708 1515/670/1515
f 2528/2076/2528 921/2075/921 2526/2070/2526 3708/2069/3708
f 2523/2062/2523 3709/2065/3709 2525/2068/2525 920/2063/920
f 720/2047/720 2064/684/2064 3709/2065/3709 2523/2062/2523
f 2064/684/2064 261/683/261 2062/2066/2062 3709/2065/3709
f 1278/4219/1278 3710/2061/3710 2524/2064/2524 478/4220/478
f 126/4221/126 1520/2048/1520 3710/2061/3710 1278/4219/1278
f 1520/2048/1520 720/2047/720 2523/2062/2523 3710/2061/3710
f 1822/4222/1822 3711/2057/3711 1124/2060/1124 14/4201/14
f 478/4220/478 2524/2064/2524 3711/2057/3711 1822/4222/1822
f 2524/2064/2524 920/2063/920 2522/2058/2522 3711/2057/3711
f 2519/2050/2519 3712/2053/3712 2521/2056/2521 919/2051/919
f 388/2095/388 1732/668/1732 3712/2053/3712 2519/2050/2519
f 1732/668/1732 180/667/180 2063/2054/2063 3712/2053/3712
f 1134/4223/1134 3713/2049/3713 2520/2052/2520 334/4224/334
f 30/4215/30 1188/2096/1188 3713/2049/3713 1134/4223/1134
f 1188/2096/1188 388/2095/388 2519/2050/2519 3713/2049/3713
f 1678/4225/1678 3714/2045/3714 1520/2048/1520 126/4221/126
f 334/4224/334 2520/2052/2520 3714/2045/3714 1678/4225/1678
f 2520/2052/2520 919/2051/919 2518/2046/2518 3714/2045/3714
f 2515/2038/2515 3715/2041/3715 2517/2044/2517 918/2039/918
f 532/3739/532 1876/120/1876 3715/2041/3715 2515/2038/2515
f 1876/120/1876 70/119/70 1874/2042/1874 3715/2041/3715
f 2063/2054/2063 3716/2037/3716 2516/2040/2516 719/2055/719
f 180/667/180 1332/3740/1332 3716/2037/3716 2063/2054/2063
f 1332/3740/1332 532/3739/532 2515/2038/2515 3716/2037/3716
f 1519/682/1519 3717/2033/3717 1521/2036/1521 261/683/261
f 719/2055/719 2516/2040/2516 3717/2033/3717 1519/682/1519
f 2516/2040/2516 918/2039/918 2514/2034/2514 3717/2033/3717
f 2511/2026/2511 3718/2029/3718 2513/2032/2513 917/2027/917
f 724/2011/724 2068/696/2068 3718/2029/3718 2511/2026/2511
f 2068/696/2068 262/695/262 2066/2030/2066 3718/2029/3718
f 1727/3782/1727 3719/2025/3719 2512/2028/2512 383/3783/383
f 175/711/175 1524/2012/1524 3719/2025/3719 1727/3782/1727
f 1524/2012/1524 724/2011/724 2511/2026/2511 3719/2025/3719
f 1183/106/1183 3720/2021/3720 1185/2024/1185 69/107/69
f 383/3783/383 2512/2028/2512 3720/2021/3720 1183/106/1183
f 2512/2028/2512 917/2027/917 2510/2022/2510 3720/2021/3720
f 2507/2014/2507 3721/2017/3721 2509/2020/2509 916/2015/916
f 352/1123/352 1696/992/1696 3721/2017/3721 2507/2014/2507
f 1696/992/1696 144/991/144 2067/2018/2067 3721/2017/3721
f 1871/1970/1871 3722/2013/3722 2508/2016/2508 527/1971/527
f 48/223/48 1152/1124/1152 3722/2013/3722 1871/1970/1871
f 1152/1124/1152 352/1123/352 2507/2014/2507 3722/2013/3722
f 1327/710/1327 3723/2009/3723 1524/2012/1524 175/711/175
f 527/1971/527 2508/2016/2508 3723/2009/3723 1327/710/1327
f 2508/2016/2508 916/2015/916 2506/2010/2506 3723/2009/3723
f 2503/2002/2503 3724/2005/3724 2505/2008/2505 915/2003/915
f 496/4063/496 1840/12/1840 3724/2005/3724 2503/2002/2503
f 1840/12/1840 9/11/9 1838/2006/1838 3724/2005/3724
f 2067/2018/2067 3725/2001/3725 2504/2004/2504 723/2019/723
f 144/991/144 1296/4064/1296 3725/2001/3725 2067/2018/2067
f 1296/4064/1296 496/4063/496 2503/2002/2503 3725/2001/3725
f 1523/694/1523 3726/1997/3726 1525/2000/1525 262/695/262
f 723/2019/723 2504/2004/2504 3726/1997/3726 1523/694/1523
f 2504/2004/2504 915/2003/915 2502/1998/2502 3726/1997/3726
f 2499/1990/2499 3727/1993/3727 2501/1996/2501 914/1991/914
f 728/1975/728 2072/708/2072 3727/1993/3727 2499/1990/2499
f 2072/708/2072 263/707/263 2070/1994/2070 3727/1993/3727
f 1707/3734/1707 3728/1989/3728 2500/1992/2500 363/3735/363
f 155/663/155 1528/1976/1528 3728/1989/3728 1707/3734/1707
f 1528/1976/1528 728/1975/728 2499/1990/2499 3728/1989/3728
f 1163/122/1163 3729/1985/3729 1184/1988/1184 59/123/59
f 363/3735/363 2500/1992/2500 3729/1985/3729 1163/122/1163
f 2500/1992/2500 914/1991/914 2498/1986/2498 3729/1985/3729
f 2495/1978/2495 3730/1981/3730 2497/1984/2497 913/1979/913
f 312/3031/312 1656/356/1656 3730/1981/3730 2495/1978/2495
f 1656/356/1656 104/355/104 2071/1982/2071 3730/1981/3730
f 1851/2114/1851 3731/1977/3731 2496/1980/2496 507/2115/507
f 20/31/20 1112/3032/1112 3731/1977/3731 1851/2114/1851
f 1112/3032/1112 312/3031/312 2495/1978/2495 3731/1977/3731
f 1307/662/1307 3732/1973/3732 1528/1976/1528 155/663/155
f 507/2115/507 2496/1980/2496 3732/1973/3732 1307/662/1307
f 2496/1980/2496 913/1979/913 2494/1974/2494 3732/1973/3732
f 2491/1966/2491 3733/1969/3733 2493/1972/2493 912/1967/912
f 456/3427/456 1800/224/1800 3733/1969/3733 2491/1966/2491
f 1800/224/1800 48/223/48 1871/1970/1871 3733/1969/3733
f 2071/1982/2071 3734/1965/3734 2492/1968/2492 727/1983/727
f 104/355/104 1256/3428/1256 3734/1965/3734 2071/1982/2071
f 1256/3428/1256 456/3427/456 2491/1966/2491 3734/1965/3734
f 1527/706/1527 3735/1961/3735 1529/1964/1529 263/707/263
f 727/1983/727 2492/1968/2492 3735/1961/3735 1527/706/1527
f 2492/1968/2492 912/1967/912 2490/1962/2490 3735/1961/3735
f 2487/1954/2487 3736/1957/3736 2489/1960/2489 911/1955/911
f 732/1939/732 2076/720/2076 3736/1957/3736 2487/1954/2487
f 2076/720/2076 264/719/264 2074/1958/2074 3736/1957/3736
f 1667/3962/1667 3737/1953/3737 2488/1956/2488 323/3963/323
f 115/891/115 1532/1940/1532 3737/1953/3737 1667/3962/1667
f 1532/1940/1532 732/1939/732 2487/1954/2487 3737/1953/3737
f 1123/46/1123 3738/1949/3738 1125/1952/1125 24/47/24
f 323/3963/323 2488/1956/2488 3738/1949/3738 1123/46/1123
f 2488/1956/2488 911/1955/911 2486/1950/2486 3738/1949/3738
f 2483/1942/2483 3739/1945/3739 2485/1948/2485 910/1943/910
f 384/1987/384 1728/704/1728 3739/1945/3739 2483/1942/2483
f 1728/704/1728 176/703/176 2075/1946/2075 3739/1945/3739
f 1811/1430/1811 3740/1941/3740 2484/1944/2484 467/1431/467
f 59/123/59 1184/1988/1184 3740/1941/3740 1811/1430/1811
f 1184/1988/1184 384/1987/384 2483/1942/2483 3740/1941/3740
f 1267/890/1267 3741/1937/3741 1532/1940/1532 115/891/115
f 467/1431/467 2484/1944/2484 3741/1937/3741 1267/890/1267
f 2484/1944/2484 910/1943/910 2482/1938/2482 3741/1937/3741
f 2479/1930/2479 3742/1933/3742 2481/1936/2481 909/1931/909
f 528/3775/528 1872/108/1872 3742/1933/3742 2479/1930/2479
f 1872/108/1872 69/107/69 1870/1934/1870 3742/1933/3742
f 2075/1946/2075 3743/1929/3743 2480/1932/2480 731/1947/731
f 176/703/176 1328/3776/1328 3743/1929/3743 2075/1946/2075
f 1328/3776/1328 528/3775/528 2479/1930/2479 3743/1929/3743
f 1531/718/1531 3744/1925/3744 1533/1928/1533 264/719/264
f 731/1947/731 2480/1932/2480 3744/1925/3744 1531/718/1531
f 2480/1932/2480 909/1931/909 2478/1926/2478 3744/1925/3744
f 2475/1918/2475 3745/1921/3745 2477/1924/2477 908/1919/908
f 736/1903/736 2080/732/2080 3745/1921/3745 2475/1918/2475
f 2080/732/2080 265/731/265 2078/1922/2078 3745/1921/3745
f 1723/3818/1723 3746/1917/3746 2476/1920/2476 379/3819/379
f 171/747/171 1536/1904/1536 3746/1917/3746 1723/3818/1723
f 1536/1904/1536 736/1903/736 2475/1918/2475 3746/1917/3746
f 1179/94/1179 3747/1913/3747 1181/1916/1181 68/95/68
f 379/3819/379 2476/1920/2476 3747/1913/3747 1179/94/1179
f 2476/1920/2476 908/1919/908 2474/1914/2474 3747/1913/3747
f 2471/1906/2471 3748/1909/3748 2473/1912/2473 907/1907/907
f 368/1555/368 1712/848/1712 3748/1909/3748 2471/1906/2471
f 1712/848/1712 160/847/160 2079/1910/2079 3748/1909/3748
f 1867/1862/1867 3749/1905/3749 2472/1908/2472 523/1863/523
f 64/79/64 1168/1556/1168 3749/1905/3749 1867/1862/1867
f 1168/1556/1168 368/1555/368 2471/1906/2471 3749/1905/3749
f 1323/746/1323 3750/1901/3750 1536/1904/1536 171/747/171
f 523/1863/523 2472/1908/2472 3750/1901/3750 1323/746/1323
f 2472/1908/2472 907/1907/907 2470/1902/2470 3750/1901/3750
f 2467/1894/2467 3751/1897/3751 2469/1900/2469 906/1895/906
f 512/3919/512 1856/60/1856 3751/1897/3751 2467/1894/2467
f 1856/60/1856 25/59/25 1854/1898/1854 3751/1897/3751
f 2079/1910/2079 3752/1893/3752 2468/1896/2468 735/1911/735
f 160/847/160 1312/3920/1312 3752/1893/3752 2079/1910/2079
f 1312/3920/1312 512/3919/512 2467/1894/2467 3752/1893/3752
f 1535/730/1535 3753/1889/3753 1537/1892/1537 265/731/265
f 735/1911/735 2468/1896/2468 3753/1889/3753 1535/730/1535
f 2468/1896/2468 906/1895/906 2466/1890/2466 3753/1889/3753
f 2463/1882/2463 3754/1885/3754 2465/1888/2465 905/1883/905
f 740/1867/740 2084/744/2084 3754/1885/3754 2463/1882/2463
f 2084/744/2084 266/743/266 2082/1886/2082 3754/1885/3754
f 1682/3374/1682 3755/1881/3755 2464/1884/2464 338/3375/338
f 130/303/130 1540/1868/1540 3755/1881/3755 1682/3374/1682
f 1540/1868/1540 740/1867/740 2463/1882/2463 3755/1881/3755
f 1138/242/1138 3756/1877/3756 1180/1880/1180 34/243/34
f 338/3375/338 2464/1884/2464 3756/1877/3756 1138/242/1138
f 2464/1884/2464 905/1883/905 2462/1878/2462 3756/1877/3756
f 2459/1870/2459 3757/1873/3757 2461/1876/2461 904/1871/904
f 328/1735/328 1672/788/1672 3757/1873/3757 2459/1870/2459
f 1672/788/1672 120/787/120 2083/1874/2083 3757/1873/3757
f 1826/3194/1826 3758/1869/3758 2460/1872/2460 482/3195/482
f 18/51/18 1128/1736/1128 3758/1869/3758 1826/3194/1826
f 1128/1736/1128 328/1735/328 2459/1870/2459 3758/1869/3758
f 1282/302/1282 3759/1865/3759 1540/1868/1540 130/303/130
f 482/3195/482 2460/1872/2460 3759/1865/3759 1282/302/1282
f 2460/1872/2460 904/1871/904 2458/1866/2458 3759/1865/3759
f 2455/1858/2455 3760/1861/3760 2457/1864/2457 903/1859/903
f 472/3859/472 1816/80/1816 3760/1861/3760 2455/1858/2455
f 1816/80/1816 64/79/64 1867/1862/1867 3760/1861/3760
f 2083/1874/2083 3761/1857/3761 2456/1860/2456 739/1875/739
f 120/787/120 1272/3860/1272 3761/1857/3761 2083/1874/2083
f 1272/3860/1272 472/3859/472 2455/1858/2455 3761/1857/3761
f 1539/742/1539 3762/1853/3762 1541/1856/1541 266/743/266
f 739/1875/739 2456/1860/2456 3762/1853/3762 1539/742/1539
f 2456/1860/2456 903/1859/903 2454/1854/2454 3762/1853/3762
f 2451/1846/2451 3763/1849/3763 2453/1852/2453 902/1847/902
f 744/1831/744 2088/756/2088 3763/1849/3763 2451/1846/2451
f 2088/756/2088 267/755/267 2086/1850/2086 3763/1849/3763
f 1642/4082/1642 3764/1845/3764 2452/1848/2452 298/4083/298
f 90/1011/90 1544/1832/1544 3764/1845/3764 1642/4082/1642
f 1544/1832/1544 744/1831/744 2451/1846/2451 3764/1845/3764
f 1098/6/1098 3765/1841/3765 1097/1844/1097 8/7/8
f 298/4083/298 2452/1848/2452 3765/1841/3765 1098/6/1098
f 2452/1848/2452 902/1847/902 2450/1842/2450 3765/1841/3765
f 2447/1834/2447 3766/1837/3766 2449/1840/2449 901/1835/901
f 380/1879/380 1724/740/1724 3766/1837/3766 2447/1834/2447
f 1724/740/1724 172/739/172 2087/1838/2087 3766/1837/3766
f 1786/1070/1786 3767/1833/3767 2448/1836/2448 442/1071/442
f 34/243/34 1180/1880/1180 3767/1833/3767 1786/1070/1786
f 1180/1880/1180 380/1879/380 2447/1834/2447 3767/1833/3767
f 1242/1010/1242 3768/1829/3768 1544/1832/1544 90/1011/90
f 442/1071/442 2448/1836/2448 3768/1829/3768 1242/1010/1242
f 2448/1836/2448 901/1835/901 2446/1830/2446 3768/1829/3768
f 2443/1822/2443 3769/1825/3769 2445/1828/2445 900/1823/900
f 524/3811/524 1868/96/1868 3769/1825/3769 2443/1822/2443
f 1868/96/1868 68/95/68 1866/1826/1866 3769/1825/3769
f 2087/1838/2087 3770/1821/3770 2444/1824/2444 743/1839/743
f 172/739/172 1324/3812/1324 3770/1821/3770 2087/1838/2087
f 1324/3812/1324 524/3811/524 2443/1822/2443 3770/1821/3770
f 1543/754/1543 3771/1817/3771 1545/1820/1545 267/755/267
f 743/1839/743 2444/1824/2444 3771/1817/3771 1543/754/1543
f 2444/1824/2444 900/1823/900 2442/1818/2442 3771/1817/3771
f 2439/1810/2439 3772/1813/3772 2441/1816/2441 899/1811/899
f 748/1795/748 2092/768/2092 3772/1813/3772 2439/1810/2439
f 2092/768/2092 268/767/268 2090/1814/2090 3772/1813/3772
f 1719/3854/1719 3773/1809/3773 2440/1812/2440 375/3855/375
f 167/783/167 1548/1796/1548 3773/1809/3773 1719/3854/1719
f 1548/1796/1548 748/1795/748 2439/1810/2439 3773/1809/3773
f 1175/82/1175 3774/1805/3774 1177/1808/1177 67/83/67
f 375/3855/375 2440/1812/2440 3774/1805/3774 1175/82/1175
f 2440/1812/2440 899/1811/899 2438/1806/2438 3774/1805/3774
f 2435/1798/2435 3775/1801/3775 2437/1804/2437 898/1799/898
f 341/1195/341 1685/968/1685 3775/1801/3775 2435/1798/2435
f 1685/968/1685 133/967/133 2091/1802/2091 3775/1801/3775
f 1863/1754/1863 3776/1797/3776 2436/1800/2436 519/1755/519
f 37/199/37 1141/1196/1141 3776/1797/3776 1863/1754/1863
f 1141/1196/1141 341/1195/341 2435/1798/2435 3776/1797/3776
f 1319/782/1319 3777/1793/3777 1548/1796/1548 167/783/167
f 519/1755/519 2436/1800/2436 3777/1793/3777 1319/782/1319
f 2436/1800/2436 898/1799/898 2434/1794/2434 3777/1793/3777
f 2431/1786/2431 3778/1789/3778 2433/1792/2433 897/1787/897
f 485/4039/485 1829/20/1829 3778/1789/3778 2431/1786/2431
f 1829/20/1829 21/19/21 1855/1790/1855 3778/1789/3778
f 2091/1802/2091 3779/1785/3779 2432/1788/2432 747/1803/747
f 133/967/133 1285/4040/1285 3779/1785/3779 2091/1802/2091
f 1285/4040/1285 485/4039/485 2431/1786/2431 3779/1785/3779
f 1547/766/1547 3780/1781/3780 1549/1784/1549 268/767/268
f 747/1803/747 2432/1788/2432 3780/1781/3780 1547/766/1547
f 2432/1788/2432 897/1787/897 2430/1782/2430 3780/1781/3780
f 2427/1774/2427 3781/1777/3781 2429/1780/2429 896/1775/896
f 752/1759/752 2096/780/2096 3781/1777/3781 2427/1774/2427
f 2096/780/2096 269/779/269 2094/1778/2094 3781/1777/3781
f 1694/3770/1694 3782/1773/3782 2428/1776/2428 350/3771/350
f 142/699/142 1552/1760/1552 3782/1773/3782 1694/3770/1694
f 1552/1760/1552 752/1759/752 2427/1774/2427 3782/1773/3782
f 1150/110/1150 3783/1769/3783 1176/1772/1176 46/111/46
f 350/3771/350 2428/1776/2428 3783/1769/3783 1150/110/1150
f 2428/1776/2428 896/1775/896 2426/1770/2426 3783/1769/3783
f 2423/1762/2423 3784/1765/3784 2425/1768/2425 895/1763/895
f 301/2815/301 1645/428/1645 3784/1765/3784 2423/1762/2423
f 1645/428/1645 93/427/93 2095/1766/2095 3784/1765/3784
f 1838/2006/1838 3785/1761/3785 2424/1764/2424 494/2007/494
f 9/11/9 1101/2816/1101 3785/1761/3785 1838/2006/1838
f 1101/2816/1101 301/2815/301 2423/1762/2423 3785/1761/3785
f 1294/698/1294 3786/1757/3786 1552/1760/1552 142/699/142
f 494/2007/494 2424/1764/2424 3786/1757/3786 1294/698/1294
f 2424/1764/2424 895/1763/895 2422/1758/2422 3786/1757/3786
f 2419/1750/2419 3787/1753/3787 2421/1756/2421 894/1751/894
f 445/3499/445 1789/200/1789 3787/1753/3787 2419/1750/2419
f 1789/200/1789 37/199/37 1863/1754/1863 3787/1753/3787
f 2095/1766/2095 3788/1749/3788 2420/1752/2420 751/1767/751
f 93/427/93 1245/3500/1245 3788/1749/3788 2095/1766/2095
f 1245/3500/1245 445/3499/445 2419/1750/2419 3788/1749/3788
f 1551/778/1551 3789/1745/3789 1553/1748/1553 269/779/269
f 751/1767/751 2420/1752/2420 3789/1745/3789 1551/778/1551
f 2420/1752/2420 894/1751/894 2418/1746/2418 3789/1745/3789
f 2415/1738/2415 3790/1741/3790 2417/1744/2417 893/1739/893
f 756/1723/756 2100/792/2100 3790/1741/3790 2415/1738/2415
f 2100/792/2100 270/791/270 2098/1742/2098 3790/1741/3790
f 1654/3950/1654 3791/1737/3791 2416/1740/2416 310/3951/310
f 102/879/102 1556/1724/1556 3791/1737/3791 1654/3950/1654
f 1556/1724/1556 756/1723/756 2415/1738/2415 3791/1737/3791
f 1110/50/1110 3792/1733/3792 1128/1736/1128 18/51/18
f 310/3951/310 2416/1740/2416 3792/1733/3792 1110/50/1110
f 2416/1740/2416 893/1739/893 2414/1734/2414 3792/1733/3792
f 2411/1726/2411 3793/1729/3793 2413/1732/2413 892/1727/892
f 376/1771/376 1720/776/1720 3793/1729/3793 2411/1726/2411
f 1720/776/1720 168/775/168 2099/1730/2099 3793/1729/3793
f 1798/1466/1798 3794/1725/3794 2412/1728/2412 454/1467/454
f 46/111/46 1176/1772/1176 3794/1725/3794 1798/1466/1798
f 1176/1772/1176 376/1771/376 2411/1726/2411 3794/1725/3794
f 1254/878/1254 3795/1721/3795 1556/1724/1556 102/879/102
f 454/1467/454 2412/1728/2412 3795/1721/3795 1254/878/1254
f 2412/1728/2412 892/1727/892 2410/1722/2410 3795/1721/3795
f 2407/1714/2407 3796/1717/3796 2409/1720/2409 891/1715/891
f 520/3847/520 1864/84/1864 3796/1717/3796 2407/1714/2407
f 1864/84/1864 67/83/67 1862/1718/1862 3796/1717/3796
f 2099/1730/2099 3797/1713/3797 2408/1716/2408 755/1731/755
f 168/775/168 1320/3848/1320 3797/1713/3797 2099/1730/2099
f 1320/3848/1320 520/3847/520 2407/1714/2407 3797/1713/3797
f 1555/790/1555 3798/1709/3798 1557/1712/1557 270/791/270
f 755/1731/755 2408/1716/2408 3798/1709/3798 1555/790/1555
f 2408/1716/2408 891/1715/891 2406/1710/2406 3798/1709/3798
f 2403/1702/2403 3799/1705/3799 2405/1708/2405 890/1703/890
f 760/1687/760 2104/804/2104 3799/1705/3799 2403/1702/2403
f 2104/804/2104 271/803/271 2102/1706/2102 3799/1705/3799
f 1715/3890/1715 3800/1701/3800 2404/1704/2404 371/3891/371
f 163/819/163 1560/1688/1560 3800/1701/3800 1715/3890/1715
f 1560/1688/1560 760/1687/760 2403/1702/2403 3800/1701/3800
f 1171/70/1171 3801/1697/3801 1173/1700/1173 66/71/66
f 371/3891/371 2404/1704/2404 3801/1697/3801 1171/70/1171
f 2404/1704/2404 890/1703/890 2402/1698/2402 3801/1697/3801
f 2399/1690/2399 3802/1693/3802 2401/1696/2401 889/1691/889
f 353/1159/353 1697/980/1697 3802/1693/3802 2399/1690/2399
f 1697/980/1697 145/979/145 2103/1694/2103 3802/1693/3802
f 1859/1646/1859 3803/1689/3803 2400/1692/2400 515/1647/515
f 49/211/49 1153/1160/1153 3803/1689/3803 1859/1646/1859
f 1153/1160/1153 353/1159/353 2399/1690/2399 3803/1689/3803
f 1315/818/1315 3804/1685/3804 1560/1688/1560 163/819/163
f 515/1647/515 2400/1692/2400 3804/1685/3804 1315/818/1315
f 2400/1692/2400 889/1691/889 2398/1686/2398 3804/1685/3804
f 2395/1678/2395 3805/1681/3805 2397/1684/2397 888/1679/888
f 497/4051/497 1841/16/1841 3805/1681/3805 2395/1678/2395
f 1841/16/1841 7/15/7 1832/1682/1832 3805/1681/3805
f 2103/1694/2103 3806/1677/3806 2396/1680/2396 759/1695/759
f 145/979/145 1297/4052/1297 3806/1677/3806 2103/1694/2103
f 1297/4052/1297 497/4051/497 2395/1678/2395 3806/1677/3806
f 1559/802/1559 3807/1673/3807 1561/1676/1561 271/803/271
f 759/1695/759 2396/1680/2396 3807/1673/3807 1559/802/1559
f 2396/1680/2396 888/1679/888 2394/1674/2394 3807/1673/3807
f 2391/1666/2391 3808/1669/3808 2393/1672/2393 887/1667/887
f 764/1651/764 2108/816/2108 3808/1669/3808 2391/1666/2391
f 2108/816/2108 272/815/272 2106/1670/2106 3808/1669/3808
f 1711/3842/1711 3809/1665/3809 2392/1668/2392 367/3843/367
f 159/771/159 1564/1652/1564 3809/1665/3809 1711/3842/1711
f 1564/1652/1564 764/1651/764 2391/1666/2391 3809/1665/3809
f 1167/86/1167 3810/1661/3810 1172/1664/1172 63/87/63
f 367/3843/367 2392/1668/2392 3810/1661/3810 1167/86/1167
f 2392/1668/2392 887/1667/887 2390/1662/2390 3810/1661/3810
f 2387/1654/2387 3811/1657/3811 2389/1660/2389 886/1655/886
f 313/2923/313 1657/392/1657 3811/1657/3811 2387/1654/2387
f 1657/392/1657 105/391/105 2107/1658/2107 3811/1657/3811
f 1855/1790/1855 3812/1653/3812 2388/1656/2388 511/1791/511
f 21/19/21 1113/2924/1113 3812/1653/3812 1855/1790/1855
f 1113/2924/1113 313/2923/313 2387/1654/2387 3812/1653/3812
f 1311/770/1311 3813/1649/3813 1564/1652/1564 159/771/159
f 511/1791/511 2388/1656/2388 3813/1649/3813 1311/770/1311
f 2388/1656/2388 886/1655/886 2386/1650/2386 3813/1649/3813
f 2383/1642/2383 3814/1645/3814 2385/1648/2385 885/1643/885
f 457/3463/457 1801/212/1801 3814/1645/3814 2383/1642/2383
f 1801/212/1801 49/211/49 1859/1646/1859 3814/1645/3814
f 2107/1658/2107 3815/1641/3815 2384/1644/2384 763/1659/763
f 105/391/105 1257/3464/1257 3815/1641/3815 2107/1658/2107
f 1257/3464/1257 457/3463/457 2383/1642/2383 3815/1641/3815
f 1563/814/1563 3816/1637/3816 1565/1640/1565 272/815/272
f 763/1659/763 2384/1644/2384 3816/1637/3816 1563/814/1563
f 2384/1644/2384 885/1643/885 2382/1638/2382 3816/1637/3816
f 2379/1630/2379 3817/1633/3817 2381/1636/2381 884/1631/884
f 768/1615/768 2112/828/2112 3817/1633/3817 2379/1630/2379
f 2112/828/2112 273/827/273 2110/1634/2110 3817/1633/3817
f 1671/3926/1671 3818/1629/3818 2380/1632/2380 327/3927/327
f 119/855/119 1568/1616/1568 3818/1629/3818 1671/3926/1671
f 1568/1616/1568 768/1615/768 2379/1630/2379 3818/1629/3818
f 1127/58/1127 3819/1625/3819 1129/1628/1129 25/59/25
f 327/3927/327 2380/1632/2380 3819/1625/3819 1127/58/1127
f 2380/1632/2380 884/1631/884 2378/1626/2378 3819/1625/3819
f 2375/1618/2375 3820/1621/3820 2377/1624/2377 883/1619/883
f 372/1663/372 1716/812/1716 3820/1621/3820 2375/1618/2375
f 1716/812/1716 164/811/164 2111/1622/2111 3820/1621/3820
f 1815/1538/1815 3821/1617/3821 2376/1620/2376 471/1539/471
f 63/87/63 1172/1664/1172 3821/1617/3821 1815/1538/1815
f 1172/1664/1172 372/1663/372 2375/1618/2375 3821/1617/3821
f 1271/854/1271 3822/1613/3822 1568/1616/1568 119/855/119
f 471/1539/471 2376/1620/2376 3822/1613/3822 1271/854/1271
f 2376/1620/2376 883/1619/883 2374/1614/2374 3822/1613/3822
f 2371/1606/2371 3823/1609/3823 2373/1612/2373 882/1607/882
f 516/3883/516 1860/72/1860 3823/1609/3823 2371/1606/2371
f 1860/72/1860 66/71/66 1858/1610/1858 3823/1609/3823
f 2111/1622/2111 3824/1605/3824 2372/1608/2372 767/1623/767
f 164/811/164 1316/3884/1316 3824/1605/3824 2111/1622/2111
f 1316/3884/1316 516/3883/516 2371/1606/2371 3824/1605/3824
f 1567/826/1567 3825/1601/3825 1569/1604/1569 273/827/273
f 767/1623/767 2372/1608/2372 3825/1601/3825 1567/826/1567
f 2372/1608/2372 882/1607/882 2370/1602/2370 3825/1601/3825
f 2367/1594/2367 3826/1597/3826 2369/1600/2369 881/1595/881
f 772/1579/772 2116/840/2116 3826/1597/3826 2367/1594/2367
f 2116/840/2116 274/839/274 2114/1598/2114 3826/1597/3826
f 1714/3902/1714 3827/1593/3827 2368/1596/2368 370/3903/370
f 162/831/162 1572/1580/1572 3827/1593/3827 1714/3902/1714
f 1572/1580/1572 772/1579/772 2367/1594/2367 3827/1593/3827
f 1170/66/1170 3828/1589/3828 1169/1592/1169 65/67/65
f 370/3903/370 2368/1596/2368 3828/1589/3828 1170/66/1170
f 2368/1596/2368 881/1595/881 2366/1590/2366 3828/1589/3828
f 2363/1582/2363 3829/1585/3829 2365/1588/2365 880/1583/880
f 373/1699/373 1717/800/1717 3829/1585/3829 2363/1582/2363
f 1717/800/1717 165/799/165 2115/1586/2115 3829/1585/3829
f 1858/1610/1858 3830/1581/3830 2364/1584/2364 514/1611/514
f 66/71/66 1173/1700/1173 3830/1581/3830 1858/1610/1858
f 1173/1700/1173 373/1699/373 2363/1582/2363 3830/1581/3830
f 1314/830/1314 3831/1577/3831 1572/1580/1572 162/831/162
f 514/1611/514 2364/1584/2364 3831/1577/3831 1314/830/1314
f 2364/1584/2364 880/1583/880 2362/1578/2362 3831/1577/3831
f 2359/1570/2359 3832/1573/3832 2361/1576/2361 879/1571/879
f 517/3871/517 1861/76/1861 3832/1573/3832 2359/1570/2359
f 1861/76/1861 40/75/40 1792/1574/1792 3832/1573/3832
f 2115/1586/2115 3833/1569/3833 2360/1572/2360 771/1587/771
f 165/799/165 1317/3872/1317 3833/1569/3833 2115/1586/2115
f 1317/3872/1317 517/3871/517 2359/1570/2359 3833/1569/3833
f 1571/838/1571 3834/1565/3834 1573/1568/1573 274/839/274
f 771/1587/771 2360/1572/2360 3834/1565/3834 1571/838/1571
f 2360/1572/2360 879/1571/879 2358/1566/2358 3834/1565/3834
f 2355/1558/2355 3835/1561/3835 2357/1564/2357 878/1559/878
f 776/1543/776 2120/852/2120 3835/1561/3835 2355/1558/2355
f 2120/852/2120 275/851/275 2118/1562/2118 3835/1561/3835
f 1718/3866/1718 3836/1557/3836 2356/1560/2356 374/3867/374
f 166/795/166 1576/1544/1576 3836/1557/3836 1718/3866/1718
f 1576/1544/1576 776/1543/776 2355/1558/2355 3836/1557/3836
f 1174/78/1174 3837/1553/3837 1168/1556/1168 64/79/64
f 374/3867/374 2356/1560/2356 3837/1553/3837 1174/78/1174
f 2356/1560/2356 878/1559/878 2354/1554/2354 3837/1553/3837
f 2351/1546/2351 3838/1549/3838 2353/1552/2353 877/1547/877
f 377/1807/377 1721/764/1721 3838/1549/3838 2351/1546/2351
f 1721/764/1721 169/763/169 2119/1550/2119 3838/1549/3838
f 1862/1718/1862 3839/1545/3839 2352/1548/2352 518/1719/518
f 67/83/67 1177/1808/1177 3839/1545/3839 1862/1718/1862
f 1177/1808/1177 377/1807/377 2351/1546/2351 3839/1545/3839
f 1318/794/1318 3840/1541/3840 1576/1544/1576 166/795/166
f 518/1719/518 2352/1548/2352 3840/1541/3840 1318/794/1318
f 2352/1548/2352 877/1547/877 2350/1542/2350 3840/1541/3840
f 2347/1534/2347 3841/1537/3841 2349/1540/2349 876/1535/876
f 521/3835/521 1865/88/1865 3841/1537/3841 2347/1534/2347
f 1865/88/1865 63/87/63 1815/1538/1815 3841/1537/3841
f 2119/1550/2119 3842/1533/3842 2348/1536/2348 775/1551/775
f 169/763/169 1321/3836/1321 3842/1533/3842 2119/1550/2119
f 1321/3836/1321 521/3835/521 2347/1534/2347 3842/1533/3842
f 1575/850/1575 3843/1529/3843 1577/1532/1577 275/851/275
f 775/1551/775 2348/1536/2348 3843/1529/3843 1575/850/1575
f 2348/1536/2348 876/1535/876 2346/1530/2346 3843/1529/3843
f 2343/1522/2343 3844/1525/3844 2345/1528/2345 875/1523/875
f 780/1507/780 2124/864/2124 3844/1525/3844 2343/1522/2343
f 2124/864/2124 276/863/276 2122/1526/2122 3844/1525/3844
f 1722/3830/1722 3845/1521/3845 2344/1524/2344 378/3831/378
f 170/759/170 1580/1508/1580 3845/1521/3845 1722/3830/1722
f 1580/1508/1580 780/1507/780 2343/1522/2343 3845/1521/3845
f 1178/90/1178 3846/1517/3846 1137/1520/1137 33/91/33
f 378/3831/378 2344/1524/2344 3846/1517/3846 1178/90/1178
f 2344/1524/2344 875/1523/875 2342/1518/2342 3846/1517/3846
f 2339/1510/2339 3847/1513/3847 2341/1516/2341 874/1511/874
f 381/1915/381 1725/728/1725 3847/1513/3847 2339/1510/2339
f 1725/728/1725 173/727/173 2123/1514/2123 3847/1513/3847
f 1866/1826/1866 3848/1509/3848 2340/1512/2340 522/1827/522
f 68/95/68 1181/1916/1181 3848/1509/3848 1866/1826/1866
f 1181/1916/1181 381/1915/381 2339/1510/2339 3848/1509/3848
f 1322/758/1322 3849/1505/3849 1580/1508/1580 170/759/170
f 522/1827/522 2340/1512/2340 3849/1505/3849 1322/758/1322
f 2340/1512/2340 874/1511/874 2338/1506/2338 3849/1505/3849
f 2335/1498/2335 3850/1501/3850 2337/1504/2337 873/1499/873
f 525/3799/525 1869/100/1869 3850/1501/3850 2335/1498/2335
f 1869/100/1869 62/99/62 1814/1502/1814 3850/1501/3850
f 2123/1514/2123 3851/1497/3851 2336/1500/2336 779/1515/779
f 173/727/173 1325/3800/1325 3851/1497/3851 2123/1514/2123
f 1325/3800/1325 525/3799/525 2335/1498/2335 3851/1497/3851
f 1579/862/1579 3852/1493/3852 1581/1496/1581 276/863/276
f 779/1515/779 2336/1500/2336 3852/1493/3852 1579/862/1579
f 2336/1500/2336 873/1499/873 2334/1494/2334 3852/1493/3852
f 2331/1486/2331 3853/1489/3853 2333/1492/2333 872/1487/872
f 784/1471/784 2128/876/2128 3853/1489/3853 2331/1486/2331
f 2128/876/2128 277/875/277 2126/1490/2126 3853/1489/3853
f 1726/3794/1726 3854/1485/3854 2332/1488/2332 382/3795/382
f 174/723/174 1584/1472/1584 3854/1485/3854 1726/3794/1726
f 1584/1472/1584 784/1471/784 2331/1486/2331 3854/1485/3854
f 1182/102/1182 3855/1481/3855 1165/1484/1165 61/103/61
f 382/3795/382 2332/1488/2332 3855/1481/3855 1182/102/1182
f 2332/1488/2332 872/1487/872 2330/1482/2330 3855/1481/3855
f 2327/1474/2327 3856/1477/3856 2329/1480/2329 871/1475/871
f 385/2023/385 1729/692/1729 3856/1477/3856 2327/1474/2327
f 1729/692/1729 177/691/177 2127/1478/2127 3856/1477/3856
f 1870/1934/1870 3857/1473/3857 2328/1476/2328 526/1935/526
f 69/107/69 1185/2024/1185 3857/1473/3857 1870/1934/1870
f 1185/2024/1185 385/2023/385 2327/1474/2327 3857/1473/3857
f 1326/722/1326 3858/1469/3858 1584/1472/1584 174/723/174
f 526/1935/526 2328/1476/2328 3858/1469/3858 1326/722/1326
f 2328/1476/2328 871/1475/871 2326/1470/2326 3858/1469/3858
f 2323/1462/2323 3859/1465/3859 2325/1468/2325 870/1463/870
f 529/3763/529 1873/112/1873 3859/1465/3859 2323/1462/2323
f 1873/112/1873 46/111/46 1798/1466/1798 3859/1465/3859
f 2127/1478/2127 3860/1461/3860 2324/1464/2324 783/1479/783
f 177/691/177 1329/3764/1329 3860/1461/3860 2127/1478/2127
f 1329/3764/1329 529/3763/529 2323/1462/2323 3860/1461/3860
f 1583/874/1583 3861/1457/3861 1585/1460/1585 277/875/277
f 783/1479/783 2324/1464/2324 3861/1457/3861 1583/874/1583
f 2324/1464/2324 870/1463/870 2322/1458/2322 3861/1457/3861
f 2319/1450/2319 3862/1453/3862 2321/1456/2321 869/1451/869
f 788/1435/788 2132/888/2132 3862/1453/3862 2319/1450/2319
f 2132/888/2132 278/887/278 2130/1454/2130 3862/1453/3862
f 1730/3758/1730 3863/1449/3863 2320/1452/2320 386/3759/386
f 178/687/178 1588/1436/1588 3863/1449/3863 1730/3758/1730
f 1588/1436/1588 788/1435/788 2319/1450/2319 3863/1449/3863
f 1186/114/1186 3864/1445/3864 1164/1448/1164 60/115/60
f 386/3759/386 2320/1452/2320 3864/1445/3864 1186/114/1186
f 2320/1452/2320 869/1451/869 2318/1446/2318 3864/1445/3864
f 2315/1438/2315 3865/1441/3865 2317/1444/2317 868/1439/868
f 389/2131/389 1733/656/1733 3865/1441/3865 2315/1438/2315
f 1733/656/1733 181/655/181 2131/1442/2131 3865/1441/3865
f 1874/2042/1874 3866/1437/3866 2316/1440/2316 530/2043/530
f 70/119/70 1189/2132/1189 3866/1437/3866 1874/2042/1874
f 1189/2132/1189 389/2131/389 2315/1438/2315 3866/1437/3866
f 1330/686/1330 3867/1433/3867 1588/1436/1588 178/687/178
f 530/2043/530 2316/1440/2316 3867/1433/3867 1330/686/1330
f 2316/1440/2316 868/1439/868 2314/1434/2314 3867/1433/3867
f 2311/1426/2311 3868/1429/3868 2313/1432/2313 867/1427/867
f 533/3727/533 1877/124/1877 3868/1429/3868 2311/1426/2311
f 1877/124/1877 59/123/59 1811/1430/1811 3868/1429/3868
f 2131/1442/2131 3869/1425/3869 2312/1428/2312 787/1443/787
f 181/655/181 1333/3728/1333 3869/1425/3869 2131/1442/2131
f 1333/3728/1333 533/3727/533 2311/1426/2311 3869/1425/3869
f 1587/886/1587 3870/1421/3870 1589/1424/1589 278/887/278
f 787/1443/787 2312/1428/2312 3870/1421/3870 1587/886/1587
f 2312/1428/2312 867/1427/867 2310/1422/2310 3870/1421/3870
f 2307/1414/2307 3871/1417/3871 2309/1420/2309 866/1415/866
f 792/1399/792 2136/900/2136 3871/1417/3871 2307/1414/2307
f 2136/900/2136 279/899/279 2134/1418/2134 3871/1417/3871
f 1734/3722/1734 3872/1413/3872 2308/1416/2308 390/3723/390
f 182/651/182 1592/1400/1592 3872/1413/3872 1734/3722/1734
f 1592/1400/1592 792/1399/792 2307/1414/2307 3872/1413/3872
f 1190/126/1190 3873/1409/3873 1133/1412/1133 29/127/29
f 390/3723/390 2308/1416/2308 3873/1409/3873 1190/126/1190
f 2308/1416/2308 866/1415/866 2306/1410/2306 3873/1409/3873
f 2303/1402/2303 3874/1405/3874 2305/1408/2305 865/1403/865
f 393/2239/393 1737/620/1737 3874/1405/3874 2303/1402/2303
f 1737/620/1737 185/619/185 2135/1406/2135 3874/1405/3874
f 1878/2150/1878 3875/1401/3875 2304/1404/2304 534/2151/534
f 71/131/71 1193/2240/1193 3875/1401/3875 1878/2150/1878
f 1193/2240/1193 393/2239/393 2303/1402/2303 3875/1401/3875
f 1334/650/1334 3876/1397/3876 1592/1400/1592 182/651/182
f 534/2151/534 2304/1404/2304 3876/1397/3876 1334/650/1334
f 2304/1404/2304 865/1403/865 2302/1398/2302 3876/1397/3876
f 2299/1390/2299 3877/1393/3877 2301/1396/2301 864/1391/864
f 537/3691/537 1881/136/1881 3877/1393/3877 2299/1390/2299
f 1881/136/1881 58/135/58 1810/1394/1810 3877/1393/3877
f 2135/1406/2135 3878/1389/3878 2300/1392/2300 791/1407/791
f 185/619/185 1337/3692/1337 3878/1389/3878 2135/1406/2135
f 1337/3692/1337 537/3691/537 2299/1390/2299 3878/1389/3878
f 1591/898/1591 3879/1385/3879 1593/1388/1593 279/899/279
f 791/1407/791 2300/1392/2300 3879/1385/3879 1591/898/1591
f 2300/1392/2300 864/1391/864 2298/1386/2298 3879/1385/3879
f 2295/1378/2295 3880/1381/3880 2297/1384/2297 863/1379/863
f 796/1363/796 2140/912/2140 3880/1381/3880 2295/1378/2295
f 2140/912/2140 280/911/280 2138/1382/2138 3880/1381/3880
f 1738/3686/1738 3881/1377/3881 2296/1380/2296 394/3687/394
f 186/615/186 1596/1364/1596 3881/1377/3881 1738/3686/1738
f 1596/1364/1596 796/1363/796 2295/1378/2295 3881/1377/3881
f 1194/138/1194 3882/1373/3882 1161/1376/1161 57/139/57
f 394/3687/394 2296/1380/2296 3882/1373/3882 1194/138/1194
f 2296/1380/2296 863/1379/863 2294/1374/2294 3882/1373/3882
f 2291/1366/2291 3883/1369/3883 2293/1372/2293 862/1367/862
f 397/2347/397 1741/584/1741 3883/1369/3883 2291/1366/2291
f 1741/584/1741 189/583/189 2139/1370/2139 3883/1369/3883
f 1882/2258/1882 3884/1365/3884 2292/1368/2292 538/2259/538
f 72/143/72 1197/2348/1197 3884/1365/3884 1882/2258/1882
f 1197/2348/1197 397/2347/397 2291/1366/2291 3884/1365/3884
f 1338/614/1338 3885/1361/3885 1596/1364/1596 186/615/186
f 538/2259/538 2292/1368/2292 3885/1361/3885 1338/614/1338
f 2292/1368/2292 862/1367/862 2290/1362/2290 3885/1361/3885
f 2287/1354/2287 3886/1357/3886 2289/1360/2289 861/1355/861
f 541/3655/541 1885/148/1885 3886/1357/3886 2287/1354/2287
f 1885/148/1885 47/147/47 1799/1358/1799 3886/1357/3886
f 2139/1370/2139 3887/1353/3887 2288/1356/2288 795/1371/795
f 189/583/189 1341/3656/1341 3887/1353/3887 2139/1370/2139
f 1341/3656/1341 541/3655/541 2287/1354/2287 3887/1353/3887
f 1595/910/1595 3888/1349/3888 1597/1352/1597 280/911/280
f 795/1371/795 2288/1356/2288 3888/1349/3888 1595/910/1595
f 2288/1356/2288 861/1355/861 2286/1350/2286 3888/1349/3888
f 2283/1342/2283 3889/1345/3889 2285/1348/2285 860/1343/860
f 800/1327/800 2144/924/2144 3889/1345/3889 2283/1342/2283
f 2144/924/2144 281/923/281 2142/1346/2142 3889/1345/3889
f 1742/3650/1742 3890/1341/3890 2284/1344/2284 398/3651/398
f 190/579/190 1600/1328/1600 3890/1341/3890 1742/3650/1742
f 1600/1328/1600 800/1327/800 2283/1342/2283 3890/1341/3890
f 1198/150/1198 3891/1337/3891 1160/1340/1160 56/151/56
f 398/3651/398 2284/1344/2284 3891/1337/3891 1198/150/1198
f 2284/1344/2284 860/1343/860 2282/1338/2282 3891/1337/3891
f 2279/1330/2279 3892/1333/3892 2281/1336/2281 859/1331/859
f 401/2455/401 1745/548/1745 3892/1333/3892 2279/1330/2279
f 1745/548/1745 193/547/193 2143/1334/2143 3892/1333/3892
f 1886/2366/1886 3893/1329/3893 2280/1332/2280 542/2367/542
f 73/155/73 1201/2456/1201 3893/1329/3893 1886/2366/1886
f 1201/2456/1201 401/2455/401 2279/1330/2279 3893/1329/3893
f 1342/578/1342 3894/1325/3894 1600/1328/1600 190/579/190
f 542/2367/542 2280/1332/2280 3894/1325/3894 1342/578/1342
f 2280/1332/2280 859/1331/859 2278/1326/2278 3894/1325/3894
f 2275/1318/2275 3895/1321/3895 2277/1324/2277 858/1319/858
f 545/3619/545 1889/160/1889 3895/1321/3895 2275/1318/2275
f 1889/160/1889 55/159/55 1807/1322/1807 3895/1321/3895
f 2143/1334/2143 3896/1317/3896 2276/1320/2276 799/1335/799
f 193/547/193 1345/3620/1345 3896/1317/3896 2143/1334/2143
f 1345/3620/1345 545/3619/545 2275/1318/2275 3896/1317/3896
f 1599/922/1599 3897/1313/3897 1601/1316/1601 281/923/281
f 799/1335/799 2276/1320/2276 3897/1313/3897 1599/922/1599
f 2276/1320/2276 858/1319/858 2274/1314/2274 3897/1313/3897
f 2271/1306/2271 3898/1309/3898 2273/1312/2273 857/1307/857
f 804/1291/804 2148/936/2148 3898/1309/3898 2271/1306/2271
f 2148/936/2148 282/935/282 2146/1310/2146 3898/1309/3898
f 1746/3614/1746 3899/1305/3899 2272/1308/2272 402/3615/402
f 194/543/194 1604/1292/1604 3899/1305/3899 1746/3614/1746
f 1604/1292/1604 804/1291/804 2271/1306/2271 3899/1305/3899
f 1202/162/1202 3900/1301/3900 1140/1304/1140 36/163/36
f 402/3615/402 2272/1308/2272 3900/1301/3900 1202/162/1202
f 2272/1308/2272 857/1307/857 2270/1302/2270 3900/1301/3900
f 2267/1294/2267 3901/1297/3901 2269/1300/2269 856/1295/856
f 405/2563/405 1749/512/1749 3901/1297/3901 2267/1294/2267
f 1749/512/1749 197/511/197 2147/1298/2147 3901/1297/3901
f 1890/2474/1890 3902/1293/3902 2268/1296/2268 546/2475/546
f 74/167/74 1205/2564/1205 3902/1293/3902 1890/2474/1890
f 1205/2564/1205 405/2563/405 2267/1294/2267 3902/1293/3902
f 1346/542/1346 3903/1289/3903 1604/1292/1604 194/543/194
f 546/2475/546 2268/1296/2268 3903/1289/3903 1346/542/1346
f 2268/1296/2268 856/1295/856 2266/1290/2266 3903/1289/3903
f 2263/1282/2263 3904/1285/3904 2265/1288/2265 855/1283/855
f 549/3583/549 1893/172/1893 3904/1285/3904 2263/1282/2263
f 1893/172/1893 54/171/54 1806/1286/1806 3904/1285/3904
f 2147/1298/2147 3905/1281/3905 2264/1284/2264 803/1299/803
f 197/511/197 1349/3584/1349 3905/1281/3905 2147/1298/2147
f 1349/3584/1349 549/3583/549 2263/1282/2263 3905/1281/3905
f 1603/934/1603 3906/1277/3906 1605/1280/1605 282/935/282
f 803/1299/803 2264/1284/2264 3906/1277/3906 1603/934/1603
f 2264/1284/2264 855/1283/855 2262/1278/2262 3906/1277/3906
f 2259/1270/2259 3907/1273/3907 2261/1276/2261 854/1271/854
f 808/1255/808 2152/948/2152 3907/1273/3907 2259/1270/2259
f 2152/948/2152 283/947/283 2150/1274/2150 3907/1273/3907
f 1750/3578/1750 3908/1269/3908 2260/1272/2260 406/3579/406
f 198/507/198 1608/1256/1608 3908/1269/3908 1750/3578/1750
f 1608/1256/1608 808/1255/808 2259/1270/2259 3908/1269/3908
f 1206/174/1206 3909/1265/3909 1157/1268/1157 53/175/53
f 406/3579/406 2260/1272/2260 3909/1265/3909 1206/174/1206
f 2260/1272/2260 854/1271/854 2258/1266/2258 3909/1265/3909
f 2255/1258/2255 3910/1261/3910 2257/1264/2257 853/1259/853
f 409/2671/409 1753/476/1753 3910/1261/3910 2255/1258/2255
f 1753/476/1753 201/475/201 2151/1262/2151 3910/1261/3910
f 1894/2582/1894 3911/1257/3911 2256/1260/2256 550/2583/550
f 75/179/75 1209/2672/1209 3911/1257/3911 1894/2582/1894
f 1209/2672/1209 409/2671/409 2255/1258/2255 3911/1257/3911
f 1350/506/1350 3912/1253/3912 1608/1256/1608 198/507/198
f 550/2583/550 2256/1260/2256 3912/1253/3912 1350/506/1350
f 2256/1260/2256 853/1259/853 2254/1254/2254 3912/1253/3912
f 2251/1246/2251 3913/1249/3913 2253/1252/2253 852/1247/852
f 553/3547/553 1897/184/1897 3913/1249/3913 2251/1246/2251
f 1897/184/1897 44/183/44 1796/1250/1796 3913/1249/3913
f 2151/1262/2151 3914/1245/3914 2252/1248/2252 807/1263/807
f 201/475/201 1353/3548/1353 3914/1245/3914 2151/1262/2151
f 1353/3548/1353 553/3547/553 2251/1246/2251 3914/1245/3914
f 1607/946/1607 3915/1241/3915 1609/1244/1609 283/947/283
f 807/1263/807 2252/1248/2252 3915/1241/3915 1607/946/1607
f 2252/1248/2252 852/1247/852 2250/1242/2250 3915/1241/3915
f 2247/1234/2247 3916/1237/3916 2249/1240/2249 851/1235/851
f 812/1219/812 2156/960/2156 3916/1237/3916 2247/1234/2247
f 2156/960/2156 284/959/284 2154/1238/2154 3916/1237/3916
f 1754/3542/1754 3917/1233/3917 2248/1236/2248 410/3543/410
f 202/471/202 1612/1220/1612 3917/1233/3917 1754/3542/1754
f 1612/1220/1612 812/1219/812 2247/1234/2247 3917/1233/3917
f 1210/186/1210 3918/1229/3918 1156/1232/1156 52/187/52
f 410/3543/410 2248/1236/2248 3918/1229/3918 1210/186/1210
f 2248/1236/2248 851/1235/851 2246/1230/2246 3918/1229/3918
f 2243/1222/2243 3919/1225/3919 2245/1228/2245 850/1223/850
f 413/2779/413 1757/440/1757 3919/1225/3919 2243/1222/2243
f 1757/440/1757 205/439/205 2155/1226/2155 3919/1225/3919
f 1898/2690/1898 3920/1221/3920 2244/1224/2244 554/2691/554
f 76/191/76 1213/2780/1213 3920/1221/3920 1898/2690/1898
f 1213/2780/1213 413/2779/413 2243/1222/2243 3920/1221/3920
f 1354/470/1354 3921/1217/3921 1612/1220/1612 202/471/202
f 554/2691/554 2244/1224/2244 3921/1217/3921 1354/470/1354
f 2244/1224/2244 850/1223/850 2242/1218/2242 3921/1217/3921
f 2239/1210/2239 3922/1213/3922 2241/1216/2241 849/1211/849
f 557/3511/557 1901/196/1901 3922/1213/3922 2239/1210/2239
f 1901/196/1901 51/195/51 1803/1214/1803 3922/1213/3922
f 2155/1226/2155 3923/1209/3923 2240/1212/2240 811/1227/811
f 205/439/205 1357/3512/1357 3923/1209/3923 2155/1226/2155
f 1357/3512/1357 557/3511/557 2239/1210/2239 3923/1209/3923
f 1611/958/1611 3924/1205/3924 1613/1208/1613 284/959/284
f 811/1227/811 2240/1212/2240 3924/1205/3924 1611/958/1611
f 2240/1212/2240 849/1211/849 2238/1206/2238 3924/1205/3924
f 2235/1198/2235 3925/1201/3925 2237/1204/2237 848/1199/848
f 816/1183/816 2160/972/2160 3925/1201/3925 2235/1198/2235
f 2160/972/2160 285/971/285 2158/1202/2158 3925/1201/3925
f 1758/3506/1758 3926/1197/3926 2236/1200/2236 414/3507/414
f 206/435/206 1616/1184/1616 3926/1197/3926 1758/3506/1758
f 1616/1184/1616 816/1183/816 2235/1198/2235 3926/1197/3926
f 1214/198/1214 3927/1193/3927 1141/1196/1141 37/199/37
f 414/3507/414 2236/1200/2236 3927/1193/3927 1214/198/1214
f 2236/1200/2236 848/1199/848 2234/1194/2234 3927/1193/3927
f 2231/1186/2231 3928/1189/3928 2233/1192/2233 847/1187/847
f 417/2887/417 1761/404/1761 3928/1189/3928 2231/1186/2231
f 1761/404/1761 209/403/209 2159/1190/2159 3928/1189/3928
f 1902/2798/1902 3929/1185/3929 2232/1188/2232 558/2799/558
f 77/203/77 1217/2888/1217 3929/1185/3929 1902/2798/1902
f 1217/2888/1217 417/2887/417 2231/1186/2231 3929/1185/3929
f 1358/434/1358 3930/1181/3930 1616/1184/1616 206/435/206
f 558/2799/558 2232/1188/2232 3930/1181/3930 1358/434/1358
f 2232/1188/2232 847/1187/847 2230/1182/2230 3930/1181/3930
f 2227/1174/2227 3931/1177/3931 2229/1180/2229 846/1175/846
f 561/3475/561 1905/208/1905 3931/1177/3931 2227/1174/2227
f 1905/208/1905 50/207/50 1802/1178/1802 3931/1177/3931
f 2159/1190/2159 3932/1173/3932 2228/1176/2228 815/1191/815
f 209/403/209 1361/3476/1361 3932/1173/3932 2159/1190/2159
f 1361/3476/1361 561/3475/561 2227/1174/2227 3932/1173/3932
f 1615/970/1615 3933/1169/3933 1617/1172/1617 285/971/285
f 815/1191/815 2228/1176/2228 3933/1169/3933 1615/970/1615
f 2228/1176/2228 846/1175/846 2226/1170/2226 3933/1169/3933
f 2223/1162/2223 3934/1165/3934 2225/1168/2225 845/1163/845
f 820/1147/820 2164/984/2164 3934/1165/3934 2223/1162/2223
f 2164/984/2164 286/983/286 2162/1166/2162 3934/1165/3934
f 1762/3470/1762 3935/1161/3935 2224/1164/2224 418/3471/418
f 210/399/210 1620/1148/1620 3935/1161/3935 1762/3470/1762
f 1620/1148/1620 820/1147/820 2223/1162/2223 3935/1161/3935
f 1218/210/1218 3936/1157/3936 1153/1160/1153 49/211/49
f 418/3471/418 2224/1164/2224 3936/1157/3936 1218/210/1218
f 2224/1164/2224 845/1163/845 2222/1158/2222 3936/1157/3936
f 2219/1150/2219 3937/1153/3937 2221/1156/2221 844/1151/844
f 421/2995/421 1765/368/1765 3937/1153/3937 2219/1150/2219
f 1765/368/1765 213/367/213 2163/1154/2163 3937/1153/3937
f 1906/2906/1906 3938/1149/3938 2220/1152/2220 562/2907/562
f 78/215/78 1221/2996/1221 3938/1149/3938 1906/2906/1906
f 1221/2996/1221 421/2995/421 2219/1150/2219 3938/1149/3938
f 1362/398/1362 3939/1145/3939 1620/1148/1620 210/399/210
f 562/2907/562 2220/1152/2220 3939/1145/3939 1362/398/1362
f 2220/1152/2220 844/1151/844 2218/1146/2218 3939/1145/3939
f 2215/1138/2215 3940/1141/3940 2217/1144/2217 843/1139/843
f 565/3439/565 1909/220/1909 3940/1141/3940 2215/1138/2215
f 1909/220/1909 32/219/32 1784/1142/1784 3940/1141/3940
f 2163/1154/2163 3941/1137/3941 2216/1140/2216 819/1155/819
f 213/367/213 1365/3440/1365 3941/1137/3941 2163/1154/2163
f 1365/3440/1365 565/3439/565 2215/1138/2215 3941/1137/3941
f 1619/982/1619 3942/1133/3942 1621/1136/1621 286/983/286
f 819/1155/819 2216/1140/2216 3942/1133/3942 1619/982/1619
f 2216/1140/2216 843/1139/843 2214/1134/2214 3942/1133/3942
f 2211/1126/2211 3943/1129/3943 2213/1132/2213 842/1127/842
f 824/1111/824 2168/996/2168 3943/1129/3943 2211/1126/2211
f 2168/996/2168 287/995/287 2166/1130/2166 3943/1129/3943
f 1766/3434/1766 3944/1125/3944 2212/1128/2212 422/3435/422
f 214/363/214 1624/1112/1624 3944/1125/3944 1766/3434/1766
f 1624/1112/1624 824/1111/824 2211/1126/2211 3944/1125/3944
f 1222/222/1222 3945/1121/3945 1152/1124/1152 48/223/48
f 422/3435/422 2212/1128/2212 3945/1121/3945 1222/222/1222
f 2212/1128/2212 842/1127/842 2210/1122/2210 3945/1121/3945
f 2207/1114/2207 3946/1117/3946 2209/1120/2209 841/1115/841
f 425/3103/425 1769/332/1769 3946/1117/3946 2207/1114/2207
f 1769/332/1769 217/331/217 2167/1118/2167 3946/1117/3946
f 1910/3014/1910 3947/1113/3947 2208/1116/2208 566/3015/566
f 79/227/79 1225/3104/1225 3947/1113/3947 1910/3014/1910
f 1225/3104/1225 425/3103/425 2207/1114/2207 3947/1113/3947
f 1366/362/1366 3948/1109/3948 1624/1112/1624 214/363/214
f 566/3015/566 2208/1116/2208 3948/1109/3948 1366/362/1366
f 2208/1116/2208 841/1115/841 2206/1110/2206 3948/1109/3948
f 2203/1102/2203 3949/1105/3949 2205/1108/2205 840/1103/840
f 569/3403/569 1913/232/1913 3949/1105/3949 2203/1102/2203
f 1913/232/1913 35/231/35 1787/1106/1787 3949/1105/3949
f 2167/1118/2167 3950/1101/3950 2204/1104/2204 823/1119/823
f 217/331/217 1369/3404/1369 3950/1101/3950 2167/1118/2167
f 1369/3404/1369 569/3403/569 2203/1102/2203 3950/1101/3950
f 1623/994/1623 3951/1097/3951 1625/1100/1625 287/995/287
f 823/1119/823 2204/1104/2204 3951/1097/3951 1623/994/1623
f 2204/1104/2204 840/1103/840 2202/1098/2202 3951/1097/3951
f 2199/1090/2199 3952/1093/3952 2201/1096/2201 839/1091/839
f 828/1075/828 2172/1008/2172 3952/1093/3952 2199/1090/2199
f 2172/1008/2172 288/1007/288 2170/1094/2170 3952/1093/3952
f 1770/3398/1770 3953/1089/3953 2200/1092/2200 426/3399/426
f 218/327/218 1628/1076/1628 3953/1089/3953 1770/3398/1770
f 1628/1076/1628 828/1075/828 2199/1090/2199 3953/1089/3953
f 1226/234/1226 3954/1085/3954 1145/1088/1145 41/235/41
f 426/3399/426 2200/1092/2200 3954/1085/3954 1226/234/1226
f 2200/1092/2200 839/1091/839 2198/1086/2198 3954/1085/3954
f 2195/1078/2195 3955/1081/3955 2197/1084/2197 838/1079/838
f 429/3211/429 1773/296/1773 3955/1081/3955 2195/1078/2195
f 1773/296/1773 221/295/221 2171/1082/2171 3955/1081/3955
f 1914/3122/1914 3956/1077/3956 2196/1080/2196 570/3123/570
f 80/239/80 1229/3212/1229 3956/1077/3956 1914/3122/1914
f 1229/3212/1229 429/3211/429 2195/1078/2195 3956/1077/3956
f 1370/326/1370 3957/1073/3957 1628/1076/1628 218/327/218
f 570/3123/570 2196/1080/2196 3957/1073/3957 1370/326/1370
f 2196/1080/2196 838/1079/838 2194/1074/2194 3957/1073/3957
f 2191/1066/2191 3958/1069/3958 2193/1072/2193 837/1067/837
f 573/3367/573 1917/244/1917 3958/1069/3958 2191/1066/2191
f 1917/244/1917 34/243/34 1786/1070/1786 3958/1069/3958
f 2171/1082/2171 3959/1065/3959 2192/1068/2192 827/1083/827
f 221/295/221 1373/3368/1373 3959/1065/3959 2171/1082/2171
f 1373/3368/1373 573/3367/573 2191/1066/2191 3959/1065/3959
f 1627/1006/1627 3960/1061/3960 1629/1064/1629 288/1007/288
f 827/1083/827 2192/1068/2192 3960/1061/3960 1627/1006/1627
f 2192/1068/2192 837/1067/837 2190/1062/2190 3960/1061/3960
f 2187/1054/2187 3961/1057/3961 2189/1060/2189 836/1055/836
f 832/1039/832 2176/1020/2176 3961/1057/3961 2187/1054/2187
f 2176/1020/2176 289/1019/289 2174/1058/2174 3961/1057/3961
f 1774/3362/1774 3962/1053/3962 2188/1056/2188 430/3363/430
f 222/291/222 1632/1040/1632 3962/1053/3962 1774/3362/1774
f 1632/1040/1632 832/1039/832 2187/1054/2187 3962/1053/3962
f 1230/246/1230 3963/1049/3963 1149/1052/1149 45/247/45
f 430/3363/430 2188/1056/2188 3963/1049/3963 1230/246/1230
f 2188/1056/2188 836/1055/836 2186/1050/2186 3963/1049/3963
f 2183/1042/2183 3964/1045/3964 2185/1048/2185 835/1043/835
f 433/3319/433 1777/260/1777 3964/1045/3964 2183/1042/2183
f 1777/260/1777 225/259/225 2175/1046/2175 3964/1045/3964
f 1918/3230/1918 3965/1041/3965 2184/1044/2184 574/3231/574
f 81/251/81 1233/3320/1233 3965/1041/3965 1918/3230/1918
f 1233/3320/1233 433/3319/433 2183/1042/2183 3965/1041/3965
f 1374/290/1374 3966/1037/3966 1632/1040/1632 222/291/222
f 574/3231/574 2184/1044/2184 3966/1037/3966 1374/290/1374
f 2184/1044/2184 835/1043/835 2182/1038/2182 3966/1037/3966
f 2179/1030/2179 3967/1033/3967 2181/1036/2181 834/1031/834
f 577/3331/577 1921/256/1921 3967/1033/3967 2179/1030/2179
f 1921/256/1921 28/255/28 1780/1034/1780 3967/1033/3967
f 2175/1046/2175 3968/1029/3968 2180/1032/2180 831/1047/831
f 225/259/225 1377/3332/1377 3968/1029/3968 2175/1046/2175
f 1377/3332/1377 577/3331/577 2179/1030/2179 3968/1029/3968
f 1631/1018/1631 3969/1025/3969 1633/1028/1633 289/1019/289
f 831/1047/831 2180/1032/2180 3969/1025/3969 1631/1018/1631
f 2180/1032/2180 834/1031/834 2178/1026/2178 3969/1025/3969
f 2178/1026/2178 3970/1021/3970 2177/1024/2177 833/1027/833
f 834/1031/834 2181/1036/2181 3970/1021/3970 2178/1026/2178
f 2181/1036/2181 436/1035/436 1236/1022/1236 3970/1021/3970
f 2182/1038/2182 3971/1017/3971 2176/1020/2176 832/1039/832
f 835/1043/835 2185/1048/2185 3971/1017/3971 2182/1038/2182
f 2185/1048/2185 831/1047/831 1631/1018/1631 3971/1017/3971
f 2186/1050/2186 3972/1013/3972 1693/1016/1693 349/1051/349
f 836/1055/836 2189/1060/2189 3972/1013/3972 2186/1050/2186
f 2189/1060/2189 830/1059/830 1630/1014/1630 3972/1013/3972
f 2190/1062/2190 3973/1009/3973 2173/1012/2173 829/1063/829
f 837/1067/837 2193/1072/2193 3973/1009/3973 2190/1062/2190
f 2193/1072/2193 442/1071/442 1242/1010/1242 3973/1009/3973
f 2194/1074/2194 3974/1005/3974 2172/1008/2172 828/1075/828
f 838/1079/838 2197/1084/2197 3974/1005/3974 2194/1074/2194
f 2197/1084/2197 827/1083/827 1627/1006/1627 3974/1005/3974
f 2198/1086/2198 3975/1001/3975 1689/1004/1689 345/1087/345
f 839/1091/839 2201/1096/2201 3975/1001/3975 2198/1086/2198
f 2201/1096/2201 826/1095/826 1626/1002/1626 3975/1001/3975
f 2202/1098/2202 3976/997/3976 2169/1000/2169 825/1099/825
f 840/1103/840 2205/1108/2205 3976/997/3976 2202/1098/2202
f 2205/1108/2205 443/1107/443 1243/998/1243 3976/997/3976
f 2206/1110/2206 3977/993/3977 2168/996/2168 824/1111/824
f 841/1115/841 2209/1120/2209 3977/993/3977 2206/1110/2206
f 2209/1120/2209 823/1119/823 1623/994/1623 3977/993/3977
f 2210/1122/2210 3978/989/3978 1696/992/1696 352/1123/352
f 842/1127/842 2213/1132/2213 3978/989/3978 2210/1122/2210
f 2213/1132/2213 822/1131/822 1622/990/1622 3978/989/3978
f 2214/1134/2214 3979/985/3979 2165/988/2165 821/1135/821
f 843/1139/843 2217/1144/2217 3979/985/3979 2214/1134/2214
f 2217/1144/2217 440/1143/440 1240/986/1240 3979/985/3979
f 2218/1146/2218 3980/981/3980 2164/984/2164 820/1147/820
f 844/1151/844 2221/1156/2221 3980/981/3980 2218/1146/2218
f 2221/1156/2221 819/1155/819 1619/982/1619 3980/981/3980
f 2222/1158/2222 3981/977/3981 1697/980/1697 353/1159/353
f 845/1163/845 2225/1168/2225 3981/977/3981 2222/1158/2222
f 2225/1168/2225 818/1167/818 1618/978/1618 3981/977/3981
f 2226/1170/2226 3982/973/3982 2161/976/2161 817/1171/817
f 846/1175/846 2229/1180/2229 3982/973/3982 2226/1170/2226
f 2229/1180/2229 458/1179/458 1258/974/1258 3982/973/3982
f 2230/1182/2230 3983/969/3983 2160/972/2160 816/1183/816
f 847/1187/847 2233/1192/2233 3983/969/3983 2230/1182/2230
f 2233/1192/2233 815/1191/815 1615/970/1615 3983/969/3983
f 2234/1194/2234 3984/965/3984 1685/968/1685 341/1195/341
f 848/1199/848 2237/1204/2237 3984/965/3984 2234/1194/2234
f 2237/1204/2237 814/1203/814 1614/966/1614 3984/965/3984
f 2238/1206/2238 3985/961/3985 2157/964/2157 813/1207/813
f 849/1211/849 2241/1216/2241 3985/961/3985 2238/1206/2238
f 2241/1216/2241 459/1215/459 1259/962/1259 3985/961/3985
f 2242/1218/2242 3986/957/3986 2156/960/2156 812/1219/812
f 850/1223/850 2245/1228/2245 3986/957/3986 2242/1218/2242
f 2245/1228/2245 811/1227/811 1611/958/1611 3986/957/3986
f 2246/1230/2246 3987/953/3987 1700/956/1700 356/1231/356
f 851/1235/851 2249/1240/2249 3987/953/3987 2246/1230/2246
f 2249/1240/2249 810/1239/810 1610/954/1610 3987/953/3987
f 2250/1242/2250 3988/949/3988 2153/952/2153 809/1243/809
f 852/1247/852 2253/1252/2253 3988/949/3988 2250/1242/2250
f 2253/1252/2253 452/1251/452 1252/950/1252 3988/949/3988
f 2254/1254/2254 3989/945/3989 2152/948/2152 808/1255/808
f 853/1259/853 2257/1264/2257 3989/945/3989 2254/1254/2254
f 2257/1264/2257 807/1263/807 1607/946/1607 3989/945/3989
f 2258/1266/2258 3990/941/3990 1701/944/1701 357/1267/357
f 854/1271/854 2261/1276/2261 3990/941/3990 2258/1266/2258
f 2261/1276/2261 806/1275/806 1606/942/1606 3990/941/3990
f 2262/1278/2262 3991/937/3991 2149/940/2149 805/1279/805
f 855/1283/855 2265/1288/2265 3991/937/3991 2262/1278/2262
f 2265/1288/2265 462/1287/462 1262/938/1262 3991/937/3991
f 2266/1290/2266 3992/933/3992 2148/936/2148 804/1291/804
f 856/1295/856 2269/1300/2269 3992/933/3992 2266/1290/2266
f 2269/1300/2269 803/1299/803 1603/934/1603 3992/933/3992
f 2270/1302/2270 3993/929/3993 1684/932/1684 340/1303/340
f 857/1307/857 2273/1312/2273 3993/929/3993 2270/1302/2270
f 2273/1312/2273 802/1311/802 1602/930/1602 3993/929/3993
f 2274/1314/2274 3994/925/3994 2145/928/2145 801/1315/801
f 858/1319/858 2277/1324/2277 3994/925/3994 2274/1314/2274
f 2277/1324/2277 463/1323/463 1263/926/1263 3994/925/3994
f 2278/1326/2278 3995/921/3995 2144/924/2144 800/1327/800
f 859/1331/859 2281/1336/2281 3995/921/3995 2278/1326/2278
f 2281/1336/2281 799/1335/799 1599/922/1599 3995/921/3995
f 2282/1338/2282 3996/917/3996 1704/920/1704 360/1339/360
f 860/1343/860 2285/1348/2285 3996/917/3996 2282/1338/2282
f 2285/1348/2285 798/1347/798 1598/918/1598 3996/917/3996
f 2286/1350/2286 3997/913/3997 2141/916/2141 797/1351/797
f 861/1355/861 2289/1360/2289 3997/913/3997 2286/1350/2286
f 2289/1360/2289 455/1359/455 1255/914/1255 3997/913/3997
f 2290/1362/2290 3998/909/3998 2140/912/2140 796/1363/796
f 862/1367/862 2293/1372/2293 3998/909/3998 2290/1362/2290
f 2293/1372/2293 795/1371/795 1595/910/1595 3998/909/3998
f 2294/1374/2294 3999/905/3999 1705/908/1705 361/1375/361
f 863/1379/863 2297/1384/2297 3999/905/3999 2294/1374/2294
f 2297/1384/2297 794/1383/794 1594/906/1594 3999/905/3999
f 2298/1386/2298 4000/901/4000 2137/904/2137 793/1387/793
f 864/1391/864 2301/1396/2301 4000/901/4000 2298/1386/2298
f 2301/1396/2301 466/1395/466 1266/902/1266 4000/901/4000
f 2302/1398/2302 4001/897/4001 2136/900/2136 792/1399/792
f 865/1403/865 2305/1408/2305 4001/897/4001 2302/1398/2302
f 2305/1408/2305 791/1407/791 1591/898/1591 4001/897/4001
f 2306/1410/2306 4002/893/4002 1677/896/1677 333/1411/333
f 866/1415/866 2309/1420/2309 4002/893/4002 2306/1410/2306
f 2309/1420/2309 790/1419/790 1590/894/1590 4002/893/4002
f 2310/1422/2310 4003/889/4003 2133/892/2133 789/1423/789
f 867/1427/867 2313/1432/2313 4003/889/4003 2310/1422/2310
f 2313/1432/2313 467/1431/467 1267/890/1267 4003/889/4003
f 2314/1434/2314 4004/885/4004 2132/888/2132 788/1435/788
f 868/1439/868 2317/1444/2317 4004/885/4004 2314/1434/2314
f 2317/1444/2317 787/1443/787 1587/886/1587 4004/885/4004
f 2318/1446/2318 4005/881/4005 1708/884/1708 364/1447/364
f 869/1451/869 2321/1456/2321 4005/881/4005 2318/1446/2318
f 2321/1456/2321 786/1455/786 1586/882/1586 4005/881/4005
f 2322/1458/2322 4006/877/4006 2129/880/2129 785/1459/785
f 870/1463/870 2325/1468/2325 4006/877/4006 2322/1458/2322
f 2325/1468/2325 454/1467/454 1254/878/1254 4006/877/4006
f 2326/1470/2326 4007/873/4007 2128/876/2128 784/1471/784
f 871/1475/871 2329/1480/2329 4007/873/4007 2326/1470/2326
f 2329/1480/2329 783/1479/783 1583/874/1583 4007/873/4007
f 2330/1482/2330 4008/869/4008 1709/872/1709 365/1483/365
f 872/1487/872 2333/1492/2333 4008/869/4008 2330/1482/2330
f 2333/1492/2333 782/1491/782 1582/870/1582 4008/869/4008
f 2334/1494/2334 4009/865/4009 2125/868/2125 781/1495/781
f 873/1499/873 2337/1504/2337 4009/865/4009 2334/1494/2334
f 2337/1504/2337 470/1503/470 1270/866/1270 4009/865/4009
f 2338/1506/2338 4010/861/4010 2124/864/2124 780/1507/780
f 874/1511/874 2341/1516/2341 4010/861/4010 2338/1506/2338
f 2341/1516/2341 779/1515/779 1579/862/1579 4010/861/4010
f 2342/1518/2342 4011/857/4011 1681/860/1681 337/1519/337
f 875/1523/875 2345/1528/2345 4011/857/4011 2342/1518/2342
f 2345/1528/2345 778/1527/778 1578/858/1578 4011/857/4011
f 2346/1530/2346 4012/853/4012 2121/856/2121 777/1531/777
f 876/1535/876 2349/1540/2349 4012/853/4012 2346/1530/2346
f 2349/1540/2349 471/1539/471 1271/854/1271 4012/853/4012
f 2350/1542/2350 4013/849/4013 2120/852/2120 776/1543/776
f 877/1547/877 2353/1552/2353 4013/849/4013 2350/1542/2350
f 2353/1552/2353 775/1551/775 1575/850/1575 4013/849/4013
f 2354/1554/2354 4014/845/4014 1712/848/1712 368/1555/368
f 878/1559/878 2357/1564/2357 4014/845/4014 2354/1554/2354
f 2357/1564/2357 774/1563/774 1574/846/1574 4014/845/4014
f 2358/1566/2358 4015/841/4015 2117/844/2117 773/1567/773
f 879/1571/879 2361/1576/2361 4015/841/4015 2358/1566/2358
f 2361/1576/2361 448/1575/448 1248/842/1248 4015/841/4015
f 2362/1578/2362 4016/837/4016 2116/840/2116 772/1579/772
f 880/1583/880 2365/1588/2365 4016/837/4016 2362/1578/2362
f 2365/1588/2365 771/1587/771 1571/838/1571 4016/837/4016
f 2366/1590/2366 4017/833/4017 1713/836/1713 369/1591/369
f 881/1595/881 2369/1600/2369 4017/833/4017 2366/1590/2366
f 2369/1600/2369 770/1599/770 1570/834/1570 4017/833/4017
f 2370/1602/2370 4018/829/4018 2113/832/2113 769/1603/769
f 882/1607/882 2373/1612/2373 4018/829/4018 2370/1602/2370
f 2373/1612/2373 514/1611/514 1314/830/1314 4018/829/4018
f 2374/1614/2374 4019/825/4019 2112/828/2112 768/1615/768
f 883/1619/883 2377/1624/2377 4019/825/4019 2374/1614/2374
f 2377/1624/2377 767/1623/767 1567/826/1567 4019/825/4019
f 2378/1626/2378 4020/821/4020 1673/824/1673 329/1627/329
f 884/1631/884 2381/1636/2381 4020/821/4020 2378/1626/2378
f 2381/1636/2381 766/1635/766 1566/822/1566 4020/821/4020
f 2382/1638/2382 4021/817/4021 2109/820/2109 765/1639/765
f 885/1643/885 2385/1648/2385 4021/817/4021 2382/1638/2382
f 2385/1648/2385 515/1647/515 1315/818/1315 4021/817/4021
f 2386/1650/2386 4022/813/4022 2108/816/2108 764/1651/764
f 886/1655/886 2389/1660/2389 4022/813/4022 2386/1650/2386
f 2389/1660/2389 763/1659/763 1563/814/1563 4022/813/4022
f 2390/1662/2390 4023/809/4023 1716/812/1716 372/1663/372
f 887/1667/887 2393/1672/2393 4023/809/4023 2390/1662/2390
f 2393/1672/2393 762/1671/762 1562/810/1562 4023/809/4023
f 2394/1674/2394 4024/805/4024 2105/808/2105 761/1675/761
f 888/1679/888 2397/1684/2397 4024/805/4024 2394/1674/2394
f 2397/1684/2397 488/1683/488 1288/806/1288 4024/805/4024
f 2398/1686/2398 4025/801/4025 2104/804/2104 760/1687/760
f 889/1691/889 2401/1696/2401 4025/801/4025 2398/1686/2398
f 2401/1696/2401 759/1695/759 1559/802/1559 4025/801/4025
f 2402/1698/2402 4026/797/4026 1717/800/1717 373/1699/373
f 890/1703/890 2405/1708/2405 4026/797/4026 2402/1698/2402
f 2405/1708/2405 758/1707/758 1558/798/1558 4026/797/4026
f 2406/1710/2406 4027/793/4027 2101/796/2101 757/1711/757
f 891/1715/891 2409/1720/2409 4027/793/4027 2406/1710/2406
f 2409/1720/2409 518/1719/518 1318/794/1318 4027/793/4027
f 2410/1722/2410 4028/789/4028 2100/792/2100 756/1723/756
f 892/1727/892 2413/1732/2413 4028/789/4028 2410/1722/2410
f 2413/1732/2413 755/1731/755 1555/790/1555 4028/789/4028
f 2414/1734/2414 4029/785/4029 1672/788/1672 328/1735/328
f 893/1739/893 2417/1744/2417 4029/785/4029 2414/1734/2414
f 2417/1744/2417 754/1743/754 1554/786/1554 4029/785/4029
f 2418/1746/2418 4030/781/4030 2097/784/2097 753/1747/753
f 894/1751/894 2421/1756/2421 4030/781/4030 2418/1746/2418
f 2421/1756/2421 519/1755/519 1319/782/1319 4030/781/4030
f 2422/1758/2422 4031/777/4031 2096/780/2096 752/1759/752
f 895/1763/895 2425/1768/2425 4031/777/4031 2422/1758/2422
f 2425/1768/2425 751/1767/751 1551/778/1551 4031/777/4031
f 2426/1770/2426 4032/773/4032 1720/776/1720 376/1771/376
f 896/1775/896 2429/1780/2429 4032/773/4032 2426/1770/2426
f 2429/1780/2429 750/1779/750 1550/774/1550 4032/773/4032
f 2430/1782/2430 4033/769/4033 2093/772/2093 749/1783/749
f 897/1787/897 2433/1792/2433 4033/769/4033 2430/1782/2430
f 2433/1792/2433 511/1791/511 1311/770/1311 4033/769/4033
f 2434/1794/2434 4034/765/4034 2092/768/2092 748/1795/748
f 898/1799/898 2437/1804/2437 4034/765/4034 2434/1794/2434
f 2437/1804/2437 747/1803/747 1547/766/1547 4034/765/4034
f 2438/1806/2438 4035/761/4035 1721/764/1721 377/1807/377
f 899/1811/899 2441/1816/2441 4035/761/4035 2438/1806/2438
f 2441/1816/2441 746/1815/746 1546/762/1546 4035/761/4035
f 2442/1818/2442 4036/757/4036 2089/760/2089 745/1819/745
f 900/1823/900 2445/1828/2445 4036/757/4036 2442/1818/2442
f 2445/1828/2445 522/1827/522 1322/758/1322 4036/757/4036
f 2446/1830/2446 4037/753/4037 2088/756/2088 744/1831/744
f 901/1835/901 2449/1840/2449 4037/753/4037 2446/1830/2446
f 2449/1840/2449 743/1839/743 1543/754/1543 4037/753/4037
f 2450/1842/2450 4038/749/4038 1641/752/1641 297/1843/297
f 902/1847/902 2453/1852/2453 4038/749/4038 2450/1842/2450
f 2453/1852/2453 742/1851/742 1542/750/1542 4038/749/4038
f 2454/1854/2454 4039/745/4039 2085/748/2085 741/1855/741
f 903/1859/903 2457/1864/2457 4039/745/4039 2454/1854/2454
f 2457/1864/2457 523/1863/523 1323/746/1323 4039/745/4039
f 2458/1866/2458 4040/741/4040 2084/744/2084 740/1867/740
f 904/1871/904 2461/1876/2461 4040/741/4040 2458/1866/2458
f 2461/1876/2461 739/1875/739 1539/742/1539 4040/741/4040
f 2462/1878/2462 4041/737/4041 1724/740/1724 380/1879/380
f 905/1883/905 2465/1888/2465 4041/737/4041 2462/1878/2462
f 2465/1888/2465 738/1887/738 1538/738/1538 4041/737/4041
f 2466/1890/2466 4042/733/4042 2081/736/2081 737/1891/737
f 906/1895/906 2469/1900/2469 4042/733/4042 2466/1890/2466
f 2469/1900/2469 510/1899/510 1310/734/1310 4042/733/4042
f 2470/1902/2470 4043/729/4043 2080/732/2080 736/1903/736
f 907/1907/907 2473/1912/2473 4043/729/4043 2470/1902/2470
f 2473/1912/2473 735/1911/735 1535/730/1535 4043/729/4043
f 2474/1914/2474 4044/725/4044 1725/728/1725 381/1915/381
f 908/1919/908 2477/1924/2477 4044/725/4044 2474/1914/2474
f 2477/1924/2477 734/1923/734 1534/726/1534 4044/725/4044
f 2478/1926/2478 4045/721/4045 2077/724/2077 733/1927/733
f 909/1931/909 2481/1936/2481 4045/721/4045 2478/1926/2478
f 2481/1936/2481 526/1935/526 1326/722/1326 4045/721/4045
f 2482/1938/2482 4046/717/4046 2076/720/2076 732/1939/732
f 910/1943/910 2485/1948/2485 4046/717/4046 2482/1938/2482
f 2485/1948/2485 731/1947/731 1531/718/1531 4046/717/4046
f 2486/1950/2486 4047/713/4047 1669/716/1669 325/1951/325
f 911/1955/911 2489/1960/2489 4047/713/4047 2486/1950/2486
f 2489/1960/2489 730/1959/730 1530/714/1530 4047/713/4047
f 2490/1962/2490 4048/709/4048 2073/712/2073 729/1963/729
f 912/1967/912 2493/1972/2493 4048/709/4048 2490/1962/2490
f 2493/1972/2493 527/1971/527 1327/710/1327 4048/709/4048
f 2494/1974/2494 4049/705/4049 2072/708/2072 728/1975/728
f 913/1979/913 2497/1984/2497 4049/705/4049 2494/1974/2494
f 2497/1984/2497 727/1983/727 1527/706/1527 4049/705/4049
f 2498/1986/2498 4050/701/4050 1728/704/1728 384/1987/384
f 914/1991/914 2501/1996/2501 4050/701/4050 2498/1986/2498
f 2501/1996/2501 726/1995/726 1526/702/1526 4050/701/4050
f 2502/1998/2502 4051/697/4051 2069/700/2069 725/1999/725
f 915/2003/915 2505/2008/2505 4051/697/4051 2502/1998/2502
f 2505/2008/2505 494/2007/494 1294/698/1294 4051/697/4051
f 2506/2010/2506 4052/693/4052 2068/696/2068 724/2011/724
f 916/2015/916 2509/2020/2509 4052/693/4052 2506/2010/2506
f 2509/2020/2509 723/2019/723 1523/694/1523 4052/693/4052
f 2510/2022/2510 4053/689/4053 1729/692/1729 385/2023/385
f 917/2027/917 2513/2032/2513 4053/689/4053 2510/2022/2510
f 2513/2032/2513 722/2031/722 1522/690/1522 4053/689/4053
f 2514/2034/2514 4054/685/4054 2065/688/2065 721/2035/721
f 918/2039/918 2517/2044/2517 4054/685/4054 2514/2034/2514
f 2517/2044/2517 530/2043/530 1330/686/1330 4054/685/4054
f 2518/2046/2518 4055/681/4055 2064/684/2064 720/2047/720
f 919/2051/919 2521/2056/2521 4055/681/4055 2518/2046/2518
f 2521/2056/2521 719/2055/719 1519/682/1519 4055/681/4055
f 2522/2058/2522 4056/677/4056 1668/680/1668 324/2059/324
f 920/2063/920 2525/2068/2525 4056/677/4056 2522/2058/2522
f 2525/2068/2525 718/2067/718 1518/678/1518 4056/677/4056
f 2526/2070/2526 4057/673/4057 2061/676/2061 717/2071/717
f 921/2075/921 2529/2080/2529 4057/673/4057 2526/2070/2526
f 2529/2080/2529 531/2079/531 1331/674/1331 4057/673/4057
f 2530/2082/2530 4058/669/4058 2060/672/2060 716/2083/716
f 922/2087/922 2533/2092/2533 4058/669/4058 2530/2082/2530
f 2533/2092/2533 715/2091/715 1515/670/1515 4058/669/4058
f 2534/2094/2534 4059/665/4059 1732/668/1732 388/2095/388
f 923/2099/923 2537/2104/2537 4059/665/4059 2534/2094/2534
f 2537/2104/2537 714/2103/714 1514/666/1514 4059/665/4059
f 2538/2106/2538 4060/661/4060 2057/664/2057 713/2107/713
f 924/2111/924 2541/2116/2541 4060/661/4060 2538/2106/2538
f 2541/2116/2541 507/2115/507 1307/662/1307 4060/661/4060
f 2542/2118/2542 4061/657/4061 2056/660/2056 712/2119/712
f 925/2123/925 2545/2128/2545 4061/657/4061 2542/2118/2542
f 2545/2128/2545 711/2127/711 1511/658/1511 4061/657/4061
f 2546/2130/2546 4062/653/4062 1733/656/1733 389/2131/389
f 926/2135/926 2549/2140/2549 4062/653/4062 2546/2130/2546
f 2549/2140/2549 710/2139/710 1510/654/1510 4062/653/4062
f 2550/2142/2550 4063/649/4063 2053/652/2053 709/2143/709
f 927/2147/927 2553/2152/2553 4063/649/4063 2550/2142/2550
f 2553/2152/2553 534/2151/534 1334/650/1334 4063/649/4063
f 2554/2154/2554 4064/645/4064 2052/648/2052 708/2155/708
f 928/2159/928 2557/2164/2557 4064/645/4064 2554/2154/2554
f 2557/2164/2557 707/2163/707 1507/646/1507 4064/645/4064
f 2558/2166/2558 4065/641/4065 1637/644/1637 293/2167/293
f 929/2171/929 2561/2176/2561 4065/641/4065 2558/2166/2558
f 2561/2176/2561 706/2175/706 1506/642/1506 4065/641/4065
f 2562/2178/2562 4066/637/4066 2049/640/2049 705/2179/705
f 930/2183/930 2565/2188/2565 4066/637/4066 2562/2178/2562
f 2565/2188/2565 535/2187/535 1335/638/1335 4066/637/4066
f 2566/2190/2566 4067/633/4067 2048/636/2048 704/2191/704
f 931/2195/931 2569/2200/2569 4067/633/4067 2566/2190/2566
f 2569/2200/2569 703/2199/703 1503/634/1503 4067/633/4067
f 2570/2202/2570 4068/629/4068 1736/632/1736 392/2203/392
f 932/2207/932 2573/2212/2573 4068/629/4068 2570/2202/2570
f 2573/2212/2573 702/2211/702 1502/630/1502 4068/629/4068
f 2574/2214/2574 4069/625/4069 2045/628/2045 701/2215/701
f 933/2219/933 2577/2224/2577 4069/625/4069 2574/2214/2574
f 2577/2224/2577 506/2223/506 1306/626/1306 4069/625/4069
f 2578/2226/2578 4070/621/4070 2044/624/2044 700/2227/700
f 934/2231/934 2581/2236/2581 4070/621/4070 2578/2226/2578
f 2581/2236/2581 699/2235/699 1499/622/1499 4070/621/4070
f 2582/2238/2582 4071/617/4071 1737/620/1737 393/2239/393
f 935/2243/935 2585/2248/2585 4071/617/4071 2582/2238/2582
f 2585/2248/2585 698/2247/698 1498/618/1498 4071/617/4071
f 2586/2250/2586 4072/613/4072 2041/616/2041 697/2251/697
f 936/2255/936 2589/2260/2589 4072/613/4072 2586/2250/2586
f 2589/2260/2589 538/2259/538 1338/614/1338 4072/613/4072
f 2590/2262/2590 4073/609/4073 2040/612/2040 696/2263/696
f 937/2267/937 2593/2272/2593 4073/609/4073 2590/2262/2590
f 2593/2272/2593 695/2271/695 1495/610/1495 4073/609/4073
f 2594/2274/2594 4074/605/4074 1665/608/1665 321/2275/321
f 938/2279/938 2597/2284/2597 4074/605/4074 2594/2274/2594
f 2597/2284/2597 694/2283/694 1494/606/1494 4074/605/4074
f 2598/2286/2598 4075/601/4075 2037/604/2037 693/2287/693
f 939/2291/939 2601/2296/2601 4075/601/4075 2598/2286/2598
f 2601/2296/2601 539/2295/539 1339/602/1339 4075/601/4075
f 2602/2298/2602 4076/597/4076 2036/600/2036 692/2299/692
f 940/2303/940 2605/2308/2605 4076/597/4076 2602/2298/2602
f 2605/2308/2605 691/2307/691 1491/598/1491 4076/597/4076
f 2606/2310/2606 4077/593/4077 1740/596/1740 396/2311/396
f 941/2315/941 2609/2320/2609 4077/593/4077 2606/2310/2606
f 2609/2320/2609 690/2319/690 1490/594/1490 4077/593/4077
f 2610/2322/2610 4078/589/4078 2033/592/2033 689/2323/689
f 942/2327/942 2613/2332/2613 4078/589/4078 2610/2322/2610
f 2613/2332/2613 495/2331/495 1295/590/1295 4078/589/4078
f 2614/2334/2614 4079/585/4079 2032/588/2032 688/2335/688
f 943/2339/943 2617/2344/2617 4079/585/4079 2614/2334/2614
f 2617/2344/2617 687/2343/687 1487/586/1487 4079/585/4079
f 2618/2346/2618 4080/581/4080 1741/584/1741 397/2347/397
f 944/2351/944 2621/2356/2621 4080/581/4080 2618/2346/2618
f 2621/2356/2621 686/2355/686 1486/582/1486 4080/581/4080
f 2622/2358/2622 4081/577/4081 2029/580/2029 685/2359/685
f 945/2363/945 2625/2368/2625 4081/577/4081 2622/2358/2622
f 2625/2368/2625 542/2367/542 1342/578/1342 4081/577/4081
f 2626/2370/2626 4082/573/4082 2028/576/2028 684/2371/684
f 946/2375/946 2629/2380/2629 4082/573/4082 2626/2370/2626
f 2629/2380/2629 683/2379/683 1483/574/1483 4082/573/4082
f 2630/2382/2630 4083/569/4083 1664/572/1664 320/2383/320
f 947/2387/947 2633/2392/2633 4083/569/4083 2630/2382/2630
f 2633/2392/2633 682/2391/682 1482/570/1482 4083/569/4083
f 2634/2394/2634 4084/565/4084 2025/568/2025 681/2395/681
f 948/2399/948 2637/2404/2637 4084/565/4084 2634/2394/2634
f 2637/2404/2637 543/2403/543 1343/566/1343 4084/565/4084
f 2638/2406/2638 4085/561/4085 2024/564/2024 680/2407/680
f 949/2411/949 2641/2416/2641 4085/561/4085 2638/2406/2638
f 2641/2416/2641 679/2415/679 1479/562/1479 4085/561/4085
f 2642/2418/2642 4086/557/4086 1744/560/1744 400/2419/400
f 950/2423/950 2645/2428/2645 4086/557/4086 2642/2418/2642
f 2645/2428/2645 678/2427/678 1478/558/1478 4086/557/4086
f 2646/2430/2646 4087/553/4087 2021/556/2021 677/2431/677
f 951/2435/951 2649/2440/2649 4087/553/4087 2646/2430/2646
f 2649/2440/2649 503/2439/503 1303/554/1303 4087/553/4087
f 2650/2442/2650 4088/549/4088 2020/552/2020 676/2443/676
f 952/2447/952 2653/2452/2653 4088/549/4088 2650/2442/2650
f 2653/2452/2653 675/2451/675 1475/550/1475 4088/549/4088
f 2654/2454/2654 4089/545/4089 1745/548/1745 401/2455/401
f 953/2459/953 2657/2464/2657 4089/545/4089 2654/2454/2654
f 2657/2464/2657 674/2463/674 1474/546/1474 4089/545/4089
f 2658/2466/2658 4090/541/4090 2017/544/2017 673/2467/673
f 954/2471/954 2661/2476/2661 4090/541/4090 2658/2466/2658
f 2661/2476/2661 546/2475/546 1346/542/1346 4090/541/4090
f 2662/2478/2662 4091/537/4091 2016/540/2016 672/2479/672
f 955/2483/955 2665/2488/2665 4091/537/4091 2662/2478/2662
f 2665/2488/2665 671/2487/671 1471/538/1471 4091/537/4091
f 2666/2490/2666 4092/533/4092 1644/536/1644 300/2491/300
f 956/2495/956 2669/2500/2669 4092/533/4092 2666/2490/2666
f 2669/2500/2669 670/2499/670 1470/534/1470 4092/533/4092
f 2670/2502/2670 4093/529/4093 2013/532/2013 669/2503/669
f 957/2507/957 2673/2512/2673 4093/529/4093 2670/2502/2670
f 2673/2512/2673 547/2511/547 1347/530/1347 4093/529/4093
f 2674/2514/2674 4094/525/4094 2012/528/2012 668/2515/668
f 958/2519/958 2677/2524/2677 4094/525/4094 2674/2514/2674
f 2677/2524/2677 667/2523/667 1467/526/1467 4094/525/4094
f 2678/2526/2678 4095/521/4095 1748/524/1748 404/2527/404
f 959/2531/959 2681/2536/2681 4095/521/4095 2678/2526/2678
f 2681/2536/2681 666/2535/666 1466/522/1466 4095/521/4095
f 2682/2538/2682 4096/517/4096 2009/520/2009 665/2539/665
f 960/2543/960 2685/2548/2685 4096/517/4096 2682/2538/2682
f 2685/2548/2685 502/2547/502 1302/518/1302 4096/517/4096
f 2686/2550/2686 4097/513/4097 2008/516/2008 664/2551/664
f 961/2555/961 2689/2560/2689 4097/513/4097 2686/2550/2686
f 2689/2560/2689 663/2559/663 1463/514/1463 4097/513/4097
f 2690/2562/2690 4098/509/4098 1749/512/1749 405/2563/405
f 962/2567/962 2693/2572/2693 4098/509/4098 2690/2562/2690
f 2693/2572/2693 662/2571/662 1462/510/1462 4098/509/4098
f 2694/2574/2694 4099/505/4099 2005/508/2005 661/2575/661
f 963/2579/963 2697/2584/2697 4099/505/4099 2694/2574/2694
f 2697/2584/2697 550/2583/550 1350/506/1350 4099/505/4099
f 2698/2586/2698 4100/501/4100 2004/504/2004 660/2587/660
f 964/2591/964 2701/2596/2701 4100/501/4100 2698/2586/2698
f 2701/2596/2701 659/2595/659 1459/502/1459 4100/501/4100
f 2702/2598/2702 4101/497/4101 1661/500/1661 317/2599/317
f 965/2603/965 2705/2608/2705 4101/497/4101 2702/2598/2702
f 2705/2608/2705 658/2607/658 1458/498/1458 4101/497/4101
f 2706/2610/2706 4102/493/4102 2001/496/2001 657/2611/657
f 966/2615/966 2709/2620/2709 4102/493/4102 2706/2610/2706
f 2709/2620/2709 551/2619/551 1351/494/1351 4102/493/4102
f 2710/2622/2710 4103/489/4103 2000/492/2000 656/2623/656
f 967/2627/967 2713/2632/2713 4103/489/4103 2710/2622/2710
f 2713/2632/2713 655/2631/655 1455/490/1455 4103/489/4103
f 2714/2634/2714 4104/485/4104 1752/488/1752 408/2635/408
f 968/2639/968 2717/2644/2717 4104/485/4104 2714/2634/2714
f 2717/2644/2717 654/2643/654 1454/486/1454 4104/485/4104
f 2718/2646/2718 4105/481/4105 1997/484/1997 653/2647/653
f 969/2651/969 2721/2656/2721 4105/481/4105 2718/2646/2718
f 2721/2656/2721 492/2655/492 1292/482/1292 4105/481/4105
f 2722/2658/2722 4106/477/4106 1996/480/1996 652/2659/652
f 970/2663/970 2725/2668/2725 4106/477/4106 2722/2658/2722
f 2725/2668/2725 651/2667/651 1451/478/1451 4106/477/4106
f 2726/2670/2726 4107/473/4107 1753/476/1753 409/2671/409
f 971/2675/971 2729/2680/2729 4107/473/4107 2726/2670/2726
f 2729/2680/2729 650/2679/650 1450/474/1450 4107/473/4107
f 2730/2682/2730 4108/469/4108 1993/472/1993 649/2683/649
f 972/2687/972 2733/2692/2733 4108/469/4108 2730/2682/2730
f 2733/2692/2733 554/2691/554 1354/470/1354 4108/469/4108
f 2734/2694/2734 4109/465/4109 1992/468/1992 648/2695/648
f 973/2699/973 2737/2704/2737 4109/465/4109 2734/2694/2734
f 2737/2704/2737 647/2703/647 1447/466/1447 4109/465/4109
f 2738/2706/2738 4110/461/4110 1660/464/1660 316/2707/316
f 974/2711/974 2741/2716/2741 4110/461/4110 2738/2706/2738
f 2741/2716/2741 646/2715/646 1446/462/1446 4110/461/4110
f 2742/2718/2742 4111/457/4111 1989/460/1989 645/2719/645
f 975/2723/975 2745/2728/2745 4111/457/4111 2742/2718/2742
f 2745/2728/2745 555/2727/555 1355/458/1355 4111/457/4111
f 2746/2730/2746 4112/453/4112 1988/456/1988 644/2731/644
f 976/2735/976 2749/2740/2749 4112/453/4112 2746/2730/2746
f 2749/2740/2749 643/2739/643 1443/454/1443 4112/453/4112
f 2750/2742/2750 4113/449/4113 1756/452/1756 412/2743/412
f 977/2747/977 2753/2752/2753 4113/449/4113 2750/2742/2750
f 2753/2752/2753 642/2751/642 1442/450/1442 4113/449/4113
f 2754/2754/2754 4114/445/4114 1985/448/1985 641/2755/641
f 978/2759/978 2757/2764/2757 4114/445/4114 2754/2754/2754
f 2757/2764/2757 499/2763/499 1299/446/1299 4114/445/4114
f 2758/2766/2758 4115/441/4115 1984/444/1984 640/2767/640
f 979/2771/979 2761/2776/2761 4115/441/4115 2758/2766/2758
f 2761/2776/2761 639/2775/639 1439/442/1439 4115/441/4115
f 2762/2778/2762 4116/437/4116 1757/440/1757 413/2779/413
f 980/2783/980 2765/2788/2765 4116/437/4116 2762/2778/2762
f 2765/2788/2765 638/2787/638 1438/438/1438 4116/437/4116
f 2766/2790/2766 4117/433/4117 1981/436/1981 637/2791/637
f 981/2795/981 2769/2800/2769 4117/433/4117 2766/2790/2766
f 2769/2800/2769 558/2799/558 1358/434/1358 4117/433/4117
f 2770/2802/2770 4118/429/4118 1980/432/1980 636/2803/636
f 982/2807/982 2773/2812/2773 4118/429/4118 2770/2802/2770
f 2773/2812/2773 635/2811/635 1435/430/1435 4118/429/4118
f 2774/2814/2774 4119/425/4119 1645/428/1645 301/2815/301
f 983/2819/983 2777/2824/2777 4119/425/4119 2774/2814/2774
f 2777/2824/2777 634/2823/634 1434/426/1434 4119/425/4119
f 2778/2826/2778 4120/421/4120 1977/424/1977 633/2827/633
f 984/2831/984 2781/2836/2781 4120/421/4120 2778/2826/2778
f 2781/2836/2781 559/2835/559 1359/422/1359 4120/421/4120
f 2782/2838/2782 4121/417/4121 1976/420/1976 632/2839/632
f 985/2843/985 2785/2848/2785 4121/417/4121 2782/2838/2782
f 2785/2848/2785 631/2847/631 1431/418/1431 4121/417/4121
f 2786/2850/2786 4122/413/4122 1760/416/1760 416/2851/416
f 986/2855/986 2789/2860/2789 4122/413/4122 2786/2850/2786
f 2789/2860/2789 630/2859/630 1430/414/1430 4122/413/4122
f 2790/2862/2790 4123/409/4123 1973/412/1973 629/2863/629
f 987/2867/987 2793/2872/2793 4123/409/4123 2790/2862/2790
f 2793/2872/2793 498/2871/498 1298/410/1298 4123/409/4123
f 2794/2874/2794 4124/405/4124 1972/408/1972 628/2875/628
f 988/2879/988 2797/2884/2797 4124/405/4124 2794/2874/2794
f 2797/2884/2797 627/2883/627 1427/406/1427 4124/405/4124
f 2798/2886/2798 4125/401/4125 1761/404/1761 417/2887/417
f 989/2891/989 2801/2896/2801 4125/401/4125 2798/2886/2798
f 2801/2896/2801 626/2895/626 1426/402/1426 4125/401/4125
f 2802/2898/2802 4126/397/4126 1969/400/1969 625/2899/625
f 990/2903/990 2805/2908/2805 4126/397/4126 2802/2898/2802
f 2805/2908/2805 562/2907/562 1362/398/1362 4126/397/4126
f 2806/2910/2806 4127/393/4127 1968/396/1968 624/2911/624
f 991/2915/991 2809/2920/2809 4127/393/4127 2806/2910/2806
f 2809/2920/2809 623/2919/623 1423/394/1423 4127/393/4127
f 2810/2922/2810 4128/389/4128 1657/392/1657 313/2923/313
f 992/2927/992 2813/2932/2813 4128/389/4128 2810/2922/2810
f 2813/2932/2813 622/2931/622 1422/390/1422 4128/389/4128
f 2814/2934/2814 4129/385/4129 1965/388/1965 621/2935/621
f 993/2939/993 2817/2944/2817 4129/385/4129 2814/2934/2814
f 2817/2944/2817 563/2943/563 1363/386/1363 4129/385/4129
f 2818/2946/2818 4130/381/4130 1964/384/1964 620/2947/620
f 994/2951/994 2821/2956/2821 4130/381/4130 2818/2946/2818
f 2821/2956/2821 619/2955/619 1419/382/1419 4130/381/4130
f 2822/2958/2822 4131/377/4131 1764/380/1764 420/2959/420
f 995/2963/995 2825/2968/2825 4131/377/4131 2822/2958/2822
f 2825/2968/2825 618/2967/618 1418/378/1418 4131/377/4131
f 2826/2970/2826 4132/373/4132 1961/376/1961 617/2971/617
f 996/2975/996 2829/2980/2829 4132/373/4132 2826/2970/2826
f 2829/2980/2829 480/2979/480 1280/374/1280 4132/373/4132
f 2830/2982/2830 4133/369/4133 1960/372/1960 616/2983/616
f 997/2987/997 2833/2992/2833 4133/369/4133 2830/2982/2830
f 2833/2992/2833 615/2991/615 1415/370/1415 4133/369/4133
f 2834/2994/2834 4134/365/4134 1765/368/1765 421/2995/421
f 998/2999/998 2837/3004/2837 4134/365/4134 2834/2994/2834
f 2837/3004/2837 614/3003/614 1414/366/1414 4134/365/4134
f 2838/3006/2838 4135/361/4135 1957/364/1957 613/3007/613
f 999/3011/999 2841/3016/2841 4135/361/4135 2838/3006/2838
f 2841/3016/2841 566/3015/566 1366/362/1366 4135/361/4135
f 2842/3018/2842 4136/357/4136 1956/360/1956 612/3019/612
f 1000/3023/1000 2845/3028/2845 4136/357/4136 2842/3018/2842
f 2845/3028/2845 611/3027/611 1411/358/1411 4136/357/4136
f 2846/3030/2846 4137/353/4137 1656/356/1656 312/3031/312
f 1001/3035/1001 2849/3040/2849 4137/353/4137 2846/3030/2846
f 2849/3040/2849 610/3039/610 1410/354/1410 4137/353/4137
f 2850/3042/2850 4138/349/4138 1953/352/1953 609/3043/609
f 1002/3047/1002 2853/3052/2853 4138/349/4138 2850/3042/2850
f 2853/3052/2853 567/3051/567 1367/350/1367 4138/349/4138
f 2854/3054/2854 4139/345/4139 1952/348/1952 608/3055/608
f 1003/3059/1003 2857/3064/2857 4139/345/4139 2854/3054/2854
f 2857/3064/2857 607/3063/607 1407/346/1407 4139/345/4139
f 2858/3066/2858 4140/341/4140 1768/344/1768 424/3067/424
f 1004/3071/1004 2861/3076/2861 4140/341/4140 2858/3066/2858
f 2861/3076/2861 606/3075/606 1406/342/1406 4140/341/4140
f 2862/3078/2862 4141/337/4141 1949/340/1949 605/3079/605
f 1005/3083/1005 2865/3088/2865 4141/337/4141 2862/3078/2862
f 2865/3088/2865 483/3087/483 1283/338/1283 4141/337/4141
f 2866/3090/2866 4142/333/4142 1948/336/1948 604/3091/604
f 1006/3095/1006 2869/3100/2869 4142/333/4142 2866/3090/2866
f 2869/3100/2869 603/3099/603 1403/334/1403 4142/333/4142
f 2870/3102/2870 4143/329/4143 1769/332/1769 425/3103/425
f 1007/3107/1007 2873/3112/2873 4143/329/4143 2870/3102/2870
f 2873/3112/2873 602/3111/602 1402/330/1402 4143/329/4143
f 2874/3114/2874 4144/325/4144 1945/328/1945 601/3115/601
f 1008/3119/1008 2877/3124/2877 4144/325/4144 2874/3114/2874
f 2877/3124/2877 570/3123/570 1370/326/1370 4144/325/4144
f 2878/3126/2878 4145/321/4145 1944/324/1944 600/3127/600
f 1009/3131/1009 2881/3136/2881 4145/321/4145 2878/3126/2878
f 2881/3136/2881 599/3135/599 1399/322/1399 4145/321/4145
f 2882/3138/2882 4146/317/4146 1649/320/1649 305/3139/305
f 1010/3143/1010 2885/3148/2885 4146/317/4146 2882/3138/2882
f 2885/3148/2885 598/3147/598 1398/318/1398 4146/317/4146
f 2886/3150/2886 4147/313/4147 1941/316/1941 597/3151/597
f 1011/3155/1011 2889/3160/2889 4147/313/4147 2886/3150/2886
f 2889/3160/2889 571/3159/571 1371/314/1371 4147/313/4147
f 2890/3162/2890 4148/309/4148 1940/312/1940 596/3163/596
f 1012/3167/1012 2893/3172/2893 4148/309/4148 2890/3162/2890
f 2893/3172/2893 595/3171/595 1395/310/1395 4148/309/4148
f 2894/3174/2894 4149/305/4149 1772/308/1772 428/3175/428
f 1013/3179/1013 2897/3184/2897 4149/305/4149 2894/3174/2894
f 2897/3184/2897 594/3183/594 1394/306/1394 4149/305/4149
f 2898/3186/2898 4150/301/4150 1937/304/1937 593/3187/593
f 1014/3191/1014 2901/3196/2901 4150/301/4150 2898/3186/2898
f 2901/3196/2901 482/3195/482 1282/302/1282 4150/301/4150
f 2902/3198/2902 4151/297/4151 1936/300/1936 592/3199/592
f 1015/3203/1015 2905/3208/2905 4151/297/4151 2902/3198/2902
f 2905/3208/2905 591/3207/591 1391/298/1391 4151/297/4151
f 2906/3210/2906 4152/293/4152 1773/296/1773 429/3211/429
f 1016/3215/1016 2909/3220/2909 4152/293/4152 2906/3210/2906
f 2909/3220/2909 590/3219/590 1390/294/1390 4152/293/4152
f 2910/3222/2910 4153/289/4153 1933/292/1933 589/3223/589
f 1017/3227/1017 2913/3232/2913 4153/289/4153 2910/3222/2910
f 2913/3232/2913 574/3231/574 1374/290/1374 4153/289/4153
f 2914/3234/2914 4154/285/4154 1932/288/1932 588/3235/588
f 1018/3239/1018 2917/3244/2917 4154/285/4154 2914/3234/2914
f 2917/3244/2917 587/3243/587 1387/286/1387 4154/285/4154
f 2918/3246/2918 4155/281/4155 1653/284/1653 309/3247/309
f 1019/3251/1019 2921/3256/2921 4155/281/4155 2918/3246/2918
f 2921/3256/2921 586/3255/586 1386/282/1386 4155/281/4155
f 2922/3258/2922 4156/277/4156 1929/280/1929 585/3259/585
f 1020/3263/1020 2925/3268/2925 4156/277/4156 2922/3258/2922
f 2925/3268/2925 575/3267/575 1375/278/1375 4156/277/4156
f 2926/3270/2926 4157/273/4157 1928/276/1928 584/3271/584
f 1021/3275/1021 2929/3280/2929 4157/273/4157 2926/3270/2926
f 2929/3280/2929 583/3279/583 1383/274/1383 4157/273/4157
f 2930/3282/2930 4158/269/4158 1776/272/1776 432/3283/432
f 1022/3287/1022 2933/3292/2933 4158/269/4158 2930/3282/2930
f 2933/3292/2933 582/3291/582 1382/270/1382 4158/269/4158
f 2934/3294/2934 4159/265/4159 1925/268/1925 581/3295/581
f 1023/3299/1023 2937/3304/2937 4159/265/4159 2934/3294/2934
f 2937/3304/2937 476/3303/476 1276/266/1276 4159/265/4159
f 2938/3306/2938 4160/261/4160 1924/264/1924 580/3307/580
f 1024/3311/1024 2941/3316/2941 4160/261/4160 2938/3306/2938
f 2941/3316/2941 579/3315/579 1379/262/1379 4160/261/4160
f 2942/3318/2942 4161/257/4161 1777/260/1777 433/3319/433
f 1025/3323/1025 2945/3328/2945 4161/257/4161 2942/3318/2942
f 2945/3328/2945 578/3327/578 1378/258/1378 4161/257/4161
f 2946/3330/2946 4162/253/4162 1921/256/1921 577/3331/577
f 1026/3335/1026 2949/3340/2949 4162/253/4162 2946/3330/2946
f 2949/3340/2949 332/3339/332 1132/254/1132 4162/253/4162
f 2950/3342/2950 4163/249/4163 1920/252/1920 576/3343/576
f 1027/3347/1027 2953/3352/2953 4163/249/4163 2950/3342/2950
f 2953/3352/2953 431/3351/431 1231/250/1231 4163/249/4163
f 2954/3354/2954 4164/245/4164 1797/248/1797 453/3355/453
f 1028/3359/1028 2957/3364/2957 4164/245/4164 2954/3354/2954
f 2957/3364/2957 430/3363/430 1230/246/1230 4164/245/4164
f 2958/3366/2958 4165/241/4165 1917/244/1917 573/3367/573
f 1029/3371/1029 2961/3376/2961 4165/241/4165 2958/3366/2958
f 2961/3376/2961 338/3375/338 1138/242/1138 4165/241/4165
f 2962/3378/2962 4166/237/4166 1916/240/1916 572/3379/572
f 1030/3383/1030 2965/3388/2965 4166/237/4166 2962/3378/2962
f 2965/3388/2965 427/3387/427 1227/238/1227 4166/237/4166
f 2966/3390/2966 4167/233/4167 1793/236/1793 449/3391/449
f 1031/3395/1031 2969/3400/2969 4167/233/4167 2966/3390/2966
f 2969/3400/2969 426/3399/426 1226/234/1226 4167/233/4167
f 2970/3402/2970 4168/229/4168 1913/232/1913 569/3403/569
f 1032/3407/1032 2973/3412/2973 4168/229/4168 2970/3402/2970
f 2973/3412/2973 339/3411/339 1139/230/1139 4168/229/4168
f 2974/3414/2974 4169/225/4169 1912/228/1912 568/3415/568
f 1033/3419/1033 2977/3424/2977 4169/225/4169 2974/3414/2974
f 2977/3424/2977 423/3423/423 1223/226/1223 4169/225/4169
f 2978/3426/2978 4170/221/4170 1800/224/1800 456/3427/456
f 1034/3431/1034 2981/3436/2981 4170/221/4170 2978/3426/2978
f 2981/3436/2981 422/3435/422 1222/222/1222 4170/221/4170
f 2982/3438/2982 4171/217/4171 1909/220/1909 565/3439/565
f 1035/3443/1035 2985/3448/2985 4171/217/4171 2982/3438/2982
f 2985/3448/2985 336/3447/336 1136/218/1136 4171/217/4171
f 2986/3450/2986 4172/213/4172 1908/216/1908 564/3451/564
f 1036/3455/1036 2989/3460/2989 4172/213/4172 2986/3450/2986
f 2989/3460/2989 419/3459/419 1219/214/1219 4172/213/4172
f 2990/3462/2990 4173/209/4173 1801/212/1801 457/3463/457
f 1037/3467/1037 2993/3472/2993 4173/209/4173 2990/3462/2990
f 2993/3472/2993 418/3471/418 1218/210/1218 4173/209/4173
f 2994/3474/2994 4174/205/4174 1905/208/1905 561/3475/561
f 1038/3479/1038 2997/3484/2997 4174/205/4174 2994/3474/2994
f 2997/3484/2997 354/3483/354 1154/206/1154 4174/205/4174
f 2998/3486/2998 4175/201/4175 1904/204/1904 560/3487/560
f 1039/3491/1039 3001/3496/3001 4175/201/4175 2998/3486/2998
f 3001/3496/3001 415/3495/415 1215/202/1215 4175/201/4175
f 3002/3498/3002 4176/197/4176 1789/200/1789 445/3499/445
f 1040/3503/1040 3005/3508/3005 4176/197/4176 3002/3498/3002
f 3005/3508/3005 414/3507/414 1214/198/1214 4176/197/4176
f 3006/3510/3006 4177/193/4177 1901/196/1901 557/3511/557
f 1041/3515/1041 3009/3520/3009 4177/193/4177 3006/3510/3006
f 3009/3520/3009 355/3519/355 1155/194/1155 4177/193/4177
f 3010/3522/3010 4178/189/4178 1900/192/1900 556/3523/556
f 1042/3527/1042 3013/3532/3013 4178/189/4178 3010/3522/3010
f 3013/3532/3013 411/3531/411 1211/190/1211 4178/189/4178
f 3014/3534/3014 4179/185/4179 1804/188/1804 460/3535/460
f 1043/3539/1043 3017/3544/3017 4179/185/4179 3014/3534/3014
f 3017/3544/3017 410/3543/410 1210/186/1210 4179/185/4179
f 3018/3546/3018 4180/181/4180 1897/184/1897 553/3547/553
f 1044/3551/1044 3021/3556/3021 4180/181/4180 3018/3546/3018
f 3021/3556/3021 348/3555/348 1148/182/1148 4180/181/4180
f 3022/3558/3022 4181/177/4181 1896/180/1896 552/3559/552
f 1045/3563/1045 3025/3568/3025 4181/177/4181 3022/3558/3022
f 3025/3568/3025 407/3567/407 1207/178/1207 4181/177/4181
f 3026/3570/3026 4182/173/4182 1805/176/1805 461/3571/461
f 1046/3575/1046 3029/3580/3029 4182/173/4182 3026/3570/3026
f 3029/3580/3029 406/3579/406 1206/174/1206 4182/173/4182
f 3030/3582/3030 4183/169/4183 1893/172/1893 549/3583/549
f 1047/3587/1047 3033/3592/3033 4183/169/4183 3030/3582/3030
f 3033/3592/3033 358/3591/358 1158/170/1158 4183/169/4183
f 3034/3594/3034 4184/165/4184 1892/168/1892 548/3595/548
f 1048/3599/1048 3037/3604/3037 4184/165/4184 3034/3594/3034
f 3037/3604/3037 403/3603/403 1203/166/1203 4184/165/4184
f 3038/3606/3038 4185/161/4185 1788/164/1788 444/3607/444
f 1049/3611/1049 3041/3616/3041 4185/161/4185 3038/3606/3038
f 3041/3616/3041 402/3615/402 1202/162/1202 4185/161/4185
f 3042/3618/3042 4186/157/4186 1889/160/1889 545/3619/545
f 1050/3623/1050 3045/3628/3045 4186/157/4186 3042/3618/3042
f 3045/3628/3045 359/3627/359 1159/158/1159 4186/157/4186
f 3046/3630/3046 4187/153/4187 1888/156/1888 544/3631/544
f 1051/3635/1051 3049/3640/3049 4187/153/4187 3046/3630/3046
f 3049/3640/3049 399/3639/399 1199/154/1199 4187/153/4187
f 3050/3642/3050 4188/149/4188 1808/152/1808 464/3643/464
f 1052/3647/1052 3053/3652/3053 4188/149/4188 3050/3642/3050
f 3053/3652/3053 398/3651/398 1198/150/1198 4188/149/4188
f 3054/3654/3054 4189/145/4189 1885/148/1885 541/3655/541
f 1053/3659/1053 3057/3664/3057 4189/145/4189 3054/3654/3054
f 3057/3664/3057 351/3663/351 1151/146/1151 4189/145/4189
f 3058/3666/3058 4190/141/4190 1884/144/1884 540/3667/540
f 1054/3671/1054 3061/3676/3061 4190/141/4190 3058/3666/3058
f 3061/3676/3061 395/3675/395 1195/142/1195 4190/141/4190
f 3062/3678/3062 4191/137/4191 1809/140/1809 465/3679/465
f 1055/3683/1055 3065/3688/3065 4191/137/4191 3062/3678/3062
f 3065/3688/3065 394/3687/394 1194/138/1194 4191/137/4191
f 3066/3690/3066 4192/133/4192 1881/136/1881 537/3691/537
f 1056/3695/1056 3069/3700/3069 4192/133/4192 3066/3690/3066
f 3069/3700/3069 362/3699/362 1162/134/1162 4192/133/4192
f 3070/3702/3070 4193/129/4193 1880/132/1880 536/3703/536
f 1057/3707/1057 3073/3712/3073 4193/129/4193 3070/3702/3070
f 3073/3712/3073 391/3711/391 1191/130/1191 4193/129/4193
f 3074/3714/3074 4194/125/4194 1781/128/1781 437/3715/437
f 1058/3719/1058 3077/3724/3077 4194/125/4194 3074/3714/3074
f 3077/3724/3077 390/3723/390 1190/126/1190 4194/125/4194
f 3078/3726/3078 4195/121/4195 1877/124/1877 533/3727/533
f 1059/3731/1059 3081/3736/3081 4195/121/4195 3078/3726/3078
f 3081/3736/3081 363/3735/363 1163/122/1163 4195/121/4195
f 3082/3738/3082 4196/117/4196 1876/120/1876 532/3739/532
f 1060/3743/1060 3085/3748/3085 4196/117/4196 3082/3738/3082
f 3085/3748/3085 387/3747/387 1187/118/1187 4196/117/4196
f 3086/3750/3086 4197/113/4197 1812/116/1812 468/3751/468
f 1061/3755/1061 3089/3760/3089 4197/113/4197 3086/3750/3086
f 3089/3760/3089 386/3759/386 1186/114/1186 4197/113/4197
f 3090/3762/3090 4198/109/4198 1873/112/1873 529/3763/529
f 1062/3767/1062 3093/3772/3093 4198/109/4198 3090/3762/3090
f 3093/3772/3093 350/3771/350 1150/110/1150 4198/109/4198
f 3094/3774/3094 4199/105/4199 1872/108/1872 528/3775/528
f 1063/3779/1063 3097/3784/3097 4199/105/4199 3094/3774/3094
f 3097/3784/3097 383/3783/383 1183/106/1183 4199/105/4199
f 3098/3786/3098 4200/101/4200 1813/104/1813 469/3787/469
f 1064/3791/1064 3101/3796/3101 4200/101/4200 3098/3786/3098
f 3101/3796/3101 382/3795/382 1182/102/1182 4200/101/4200
f 3102/3798/3102 4201/97/4201 1869/100/1869 525/3799/525
f 1065/3803/1065 3105/3808/3105 4201/97/4201 3102/3798/3102
f 3105/3808/3105 366/3807/366 1166/98/1166 4201/97/4201
f 3106/3810/3106 4202/93/4202 1868/96/1868 524/3811/524
f 1066/3815/1066 3109/3820/3109 4202/93/4202 3106/3810/3106
f 3109/3820/3109 379/3819/379 1179/94/1179 4202/93/4202
f 3110/3822/3110 4203/89/4203 1785/92/1785 441/3823/441
f 1067/3827/1067 3113/3832/3113 4203/89/4203 3110/3822/3110
f 3113/3832/3113 378/3831/378 1178/90/1178 4203/89/4203
f 3114/3834/3114 4204/85/4204 1865/88/1865 521/3835/521
f 1068/3839/1068 3117/3844/3117 4204/85/4204 3114/3834/3114
f 3117/3844/3117 367/3843/367 1167/86/1167 4204/85/4204
f 3118/3846/3118 4205/81/4205 1864/84/1864 520/3847/520
f 1069/3851/1069 3121/3856/3121 4205/81/4205 3118/3846/3118
f 3121/3856/3121 375/3855/375 1175/82/1175 4205/81/4205
f 3122/3858/3122 4206/77/4206 1816/80/1816 472/3859/472
f 1070/3863/1070 3125/3868/3125 4206/77/4206 3122/3858/3122
f 3125/3868/3125 374/3867/374 1174/78/1174 4206/77/4206
f 3126/3870/3126 4207/73/4207 1861/76/1861 517/3871/517
f 1071/3875/1071 3129/3880/3129 4207/73/4207 3126/3870/3126
f 3129/3880/3129 344/3879/344 1144/74/1144 4207/73/4207
f 3130/3882/3130 4208/69/4208 1860/72/1860 516/3883/516
f 1072/3887/1072 3133/3892/3133 4208/69/4208 3130/3882/3130
f 3133/3892/3133 371/3891/371 1171/70/1171 4208/69/4208
f 3134/3894/3134 4209/65/4209 1817/68/1817 473/3895/473
f 1073/3899/1073 3137/3904/3137 4209/65/4209 3134/3894/3134
f 3137/3904/3137 370/3903/370 1170/66/1170 4209/65/4209
f 3138/3906/3138 4210/61/4210 1857/64/1857 513/3907/513
f 1074/3911/1074 3141/3916/3141 4210/61/4210 3138/3906/3138
f 3141/3916/3141 304/3915/304 1104/62/1104 4210/61/4210
f 3142/3918/3142 4211/57/4211 1856/60/1856 512/3919/512
f 1075/3923/1075 3145/3928/3145 4211/57/4211 3142/3918/3142
f 3145/3928/3145 327/3927/327 1127/58/1127 4211/57/4211
f 3146/3930/3146 4212/53/4212 1825/56/1825 481/3931/481
f 1076/3935/1076 3149/3940/3149 4212/53/4212 3146/3930/3146
f 3149/3940/3149 326/3939/326 1126/54/1126 4212/53/4212
f 3150/3942/3150 4213/49/4213 1853/52/1853 509/3943/509
f 1077/3947/1077 3153/3952/3153 4213/49/4213 3150/3942/3150
f 3153/3952/3153 310/3951/310 1110/50/1110 4213/49/4213
f 3154/3954/3154 4214/45/4214 1852/48/1852 508/3955/508
f 1078/3959/1078 3157/3964/3157 4214/45/4214 3154/3954/3154
f 3157/3964/3157 323/3963/323 1123/46/1123 4214/45/4214
f 3158/3966/3158 4215/41/4215 1821/44/1821 477/3967/477
f 1079/3971/1079 3161/3976/3161 4215/41/4215 3158/3966/3158
f 3161/3976/3161 322/3975/322 1122/42/1122 4215/41/4215
f 3162/3978/3162 4216/37/4216 1849/40/1849 505/3979/505
f 1080/3983/1080 3165/3988/3165 4216/37/4216 3162/3978/3162
f 3165/3988/3165 311/3987/311 1111/38/1111 4216/37/4216
f 3166/3990/3166 4217/33/4217 1848/36/1848 504/3991/504
f 1081/3995/1081 3169/4000/3169 4217/33/4217 3166/3990/3166
f 3169/4000/3169 319/3999/319 1119/34/1119 4217/33/4217
f 3170/4002/3170 4218/29/4218 1828/32/1828 484/4003/484
f 1082/4007/1082 3173/4012/3173 4218/29/4218 3170/4002/3170
f 3173/4012/3173 318/4011/318 1118/30/1118 4218/29/4218
f 3174/4014/3174 4219/25/4219 1845/28/1845 501/4015/501
f 1083/4019/1083 3177/4024/3177 4219/25/4219 3174/4014/3174
f 3177/4024/3177 308/4023/308 1108/26/1108 4219/25/4219
f 3178/4026/3178 4220/21/4220 1844/24/1844 500/4027/500
f 1084/4031/1084 3181/4036/3181 4220/21/4220 3178/4026/3178
f 3181/4036/3181 315/4035/315 1115/22/1115 4220/21/4220
f 3182/4038/3182 4221/17/4221 1829/20/1829 485/4039/485
f 1085/4043/1085 3185/4048/3185 4221/17/4221 3182/4038/3182
f 3185/4048/3185 314/4047/314 1114/18/1114 4221/17/4221
f 3186/4050/3186 4222/13/4222 1841/16/1841 497/4051/497
f 1086/4055/1086 3189/4060/3189 4222/13/4222 3186/4050/3186
f 3189/4060/3189 296/4059/296 1096/14/1096 4222/13/4222
f 3190/4062/3190 4223/9/4223 1840/12/1840 496/4063/496
f 1087/4067/1087 3193/4072/3193 4223/9/4223 3190/4062/3190
f 3193/4072/3193 299/4071/299 1099/10/1099 4223/9/4223
f 3194/4074/3194 4224/5/4224 1833/8/1833 489/4075/489
f 1088/4079/1088 3197/4084/3197 4224/5/4224 3194/4074/3194
f 3197/4084/3197 298/4083/298 1098/6/1098 4224/5/4224
f 3198/4086/3198 4225/1/4225 1837/4/1837 493/4087/493
f 1089/4091/1089 3201/4096/3201 4225/1/4225 3198/4086/3198
f 3201/4096/3201 292/4095/292 1092/2/1092 4225/1/4225
